id,iso3
saq_122440,saq
mhy_203687,mhy
tqo_96392,tqo
beu_197939,beu
wed_09346,wed
uzn_13639,uzn
nti_07800,nti
seh_33266,seh
bkx_152219,bkx
djr_190495,djr
hin_110647,hin
ilo_91184,ilo
kfv_77404,kfv
itr_218265,itr
kls_136704,kls
duc_14402,duc
bis_61291,bis
nos_52311,nos
mhi_80086,mhi
bxh_17571,bxh
smn_143514,smn
nij_97831,nij
cnk_00383,cnk
wme_140112,wme
ghe_37327,ghe
bgr_15677,bgr
bgr_15573,bgr
nyy_69719,nyy
lis_12689,lis
krw_100325,krw
box_184633,box
wog_204036,wog
aks_77786,aks
kqf_127868,kqf
kbx_198425,kbx
mgp_53490,mgp
clo_34910,clo
kua_49452,kua
mzw_94667,mzw
tel_214728,tel
xsm_220299,xsm
esg_05386,esg
vie_84282,vie
nhu_184769,nhu
beu_197954,beu
nan_134944,nan
xtd_28856,xtd
umb_192825,umb
suk_157552,suk
aix_101409,aix
amb_44996,amb
snd_184590,snd
kjl_76731,kjl
apc_180255,apc
som_100445,som
tzo_34032,tzo
wew_44671,wew
nbq_115265,nbq
lek_184091,lek
mki_13999,mki
lin_36256,lin
tke_123124,tke
adx_70660,adx
aui_40248,aui
dus_80228,dus
kfy_189825,kfy
isn_162523,isn
psw_44535,psw
knt_52234,knt
jra_188660,jra
<unk>_72700,<unk>
khq_92616,khq
bzf_99537,bzf
xri_117021,xri
kjl_76752,kjl
fra_161051,fra
sin_204262,sin
her_23198,her
bvc_73215,bvc
fuc_111519,fuc
kfx_117156,kfx
knx_45380,knx
apd_137383,apd
khe_92903,khe
hau_136375,hau
djr_190362,djr
new_195199,new
Zambia_35605,Zambia
pcg_44589,pcg
sin_204330,sin
kgr_21880,kgr
kde_46116,kde
guh_207970,guh
isn_162554,isn
jmx_16433,jmx
ign_81111,ign
kof_86571,kof
fub_214937,fub
syl_116730,syl
gaz_59109,gaz
mai_158388,mai
rgs_160197,rgs
kqs_20737,kqs
eyo_91926,eyo
eng_03394,eng
tcc_148102,tcc
kud_103057,kud
bcq_116267,bcq
qxl_84497,qxl
vor_177798,vor
grt_74942,grt
mzp_154751,mzp
the_189857,the
taq_195088,taq
kwk_63526,kwk
mkg_04947,mkg
mix_02454,mix
ont_132860,ont
kdh_174269,kdh
iru_145375,iru
fij_02472,fij
rim_215428,rim
eng_43537,eng
tsn_200536,tsn
hat_67922,hat
wim_182381,wim
ndc_160047,ndc
cag_156649,cag
acn_198996,acn
kyz_119954,kyz
mgw_68282,mgw
yom_153928,yom
nmf_10405,nmf
bhi_184159,bhi
acz_138061,acz
age_206115,age
gga_172849,gga
mgw_68428,mgw
prn_182915,prn
tsn_200381,tsn
mmc_83589,mmc
mkn_111392,mkn
bqa_115878,bqa
kxw_70988,kxw
eng_211487,eng
fub_162254,fub
hat_67885,hat
trd_18147,trd
kck_68457,kck
wut_115083,wut
ces_183202,ces
kff_05124,kff
mas_30981,mas
meh_166090,meh
dgc_179914,dgc
haj_197069,haj
sgc_108665,sgc
dms_161151,dms
sui_110151,sui
pis_144046,pis
loy_172884,loy
gue_169515,gue
ena_170944,ena
klr_23685,klr
dww_51369,dww
tke_123115,tke
mos_159691,mos
agw_218051,agw
zab_110488,zab
kzf_58146,kzf
ifa_46530,ifa
lma_02597,lma
ceg_35269,ceg
xuu_119411,xuu
njz_76244,njz
dhm_186313,dhm
xwl_73473,xwl
dmo_01267,dmo
lua_96263,lua
zas_213279,zas
ott_172277,ott
awa_209484,awa
sot_38929,sot
hno_63830,hno
tet_202558,tet
saq_122629,saq
nbu_86554,nbu
sat_81697,sat
dgz_143277,dgz
mos_159664,mos
amh_03593,amh
spa_130984,spa
mya_48158,mya
tzm_150917,tzm
nlk_177189,nlk
ygr_173547,ygr
uzn_45336,uzn
kmr_59002,kmr
nst_87628,nst
mbl_03949,mbl
wuv_149177,wuv
iru_121520,iru
ymm_40817,ymm
kfb_52804,kfb
xmv_58503,xmv
Zambia_109420,Zambia
tdh_122873,tdh
imo_52861,imo
jaa_154179,jaa
bjn_58883,bjn
quh_68692,quh
khw_46730,khw
afr_08641,afr
xti_06427,xti
crk_19539,crk
kqf_128002,kqf
ben_144354,ben
pan_55332,pan
kbc_198809,kbc
apc_136204,apc
cnb_42676,cnb
pkb_32694,pkb
mgb_95797,mgb
mwq_30472,mwq
wbp_108995,wbp
nxa_171867,nxa
aln_92270,aln
taz_14043,taz
ymm_40759,ymm
dbv_31418,dbv
gvo_28373,gvo
gun_202347,gun
arz_109618,arz
kam_75895,kam
ban_49312,ban
mos_159791,mos
dka_54572,dka
lbf_06858,lbf
ubr_85320,ubr
kfy_37285,kfy
rel_214431,rel
mip_37670,mip
klb_104271,klb
gax_59882,gax
nnm_156337,nnm
her_23199,her
dyu_208631,dyu
ach_13404,ach
trn_141464,trn
mzp_154798,mzp
ssk_62300,ssk
zau_214256,zau
pse_167135,pse
kqs_20725,kqs
gwn_159481,gwn
tog_25467,tog
twx_153490,twx
tzm_150866,tzm
kqs_20710,kqs
mpj_183635,mpj
zns_142329,zns
wme_140333,wme
als_06464,als
mdy_11262,mdy
loz_108306,loz
oma_41964,oma
men_60902,men
prs_44009,prs
seg_90436,seg
lug_139193,lug
mhw_22956,mhw
bot_41526,bot
cek_13742,cek
tuk_93154,tuk
sif_83261,sif
eng_130374,eng
igl_187744,igl
wal_176652,wal
txu_94322,txu
gup_208026,gup
khw_46795,khw
meu_114328,meu
sgp_33732,sgp
clj_94981,clj
tuk_93167,tuk
mkn_111389,mkn
amh_03713,amh
toq_07079,toq
mpx_124913,mpx
blo_14315,blo
yiz_74299,yiz
suy_86639,suy
ubr_85300,ubr
pib_45837,pib
nij_81521,nij
kab_134870,kab
gvo_28370,gvo
cfm_182183,cfm
snc_205401,snc
nhd_115503,nhd
lhu_174566,lhu
con_05732,con
nii_163754,nii
bhj_119650,bhj
nmi_212786,nmi
bns_219691,bns
wbp_109033,wbp
gno_76035,gno
zlm_00318,zlm
snc_205363,snc
mab_208465,mab
pga_167046,pga
mlu_219613,mlu
nyf_173035,nyf
yrl_80493,yrl
ceb_198821,ceb
blb_154425,blb
ses_165948,ses
bis_61280,bis
tml_126161,tml
rjs_138547,rjs
mzp_154661,mzp
ute_173411,ute
nnw_191551,nnw
fra_190246,fra
kge_04742,kge
etr_83173,etr
msc_67616,msc
vah_147556,vah
sbx_38725,sbx
ghl_156456,ghl
ebu_195547,ebu
<unk>_163067,<unk>
fub_162219,fub
nyu_82608,nyu
bug_109261,bug
pmy_165514,pmy
nnw_191584,nnw
lns_28877,lns
kqp_90136,kqp
lsh_145487,lsh
atd_65500,atd
bxk_132658,bxk
kgk_26131,kgk
tod_47964,tod
ese_117443,ese
xho_175939,xho
acm_209500,acm
som_100427,som
gvo_28365,gvo
atd_65585,atd
ort_83157,ort
suv_110868,suv
hau_136503,hau
tos_84735,tos
rml_60469,rml
yeu_201958,yeu
kmc_162746,kmc
dks_66244,dks
saq_122468,saq
srq_216865,srq
agg_19269,agg
duc_14504,duc
bjg_69195,bjg
yue_32852,yue
mxu_156560,mxu
sml_167260,sml
mos_159779,mos
pnq_152054,pnq
lif_153367,lif
xdy_203181,xdy
jaa_205761,jaa
ino_56900,ino
aki_18301,aki
gnd_152677,gnd
eng_194201,eng
ifu_219872,ifu
bxk_57579,bxk
bac_26793,bac
mug_213981,mug
lnd_37539,lnd
gju_144612,gju
ukr_24170,ukr
pmf_69599,pmf
xdy_18420,xdy
the_94791,the
lbk_165862,lbk
jpn_156959,jpn
sfw_125153,sfw
tgl_13020,tgl
hld_03337,hld
swh_67201,swh
scg_147456,scg
dde_199330,dde
hru_219021,hru
skr_195953,skr
tuy_27403,tuy
mya_48475,mya
mbq_191371,mbq
skx_120088,skx
cnh_164452,cnh
dwz_187681,dwz
pmq_181621,pmq
plc_32413,plc
pnc_54755,pnc
sin_204250,sin
cia_84127,cia
lsm_95612,lsm
cas_158611,cas
xte_86319,xte
mzi_155320,mzi
gbi_120307,gbi
mrd_118855,mrd
hlb_78609,hlb
fuf_180503,fuf
cog_146521,cog
dos_10292,dos
sxb_188172,sxb
ury_191635,ury
tnv_141062,tnv
csk_72756,csk
gvc_99843,gvc
skx_120135,skx
lrm_178124,lrm
mim_192754,mim
gbe_23826,gbe
hin_127587,hin
umb_193036,umb
swh_219187,swh
hed_11818,hed
thy_200148,thy
bod_153729,bod
gas_20467,gas
eng_88239,eng
arb_170367,arb
arb_170390,arb
maw_171035,maw
keu_63408,keu
mzp_154573,mzp
hii_206327,hii
gnw_173355,gnw
unr_151157,unr
gax_177302,gax
rel_214624,rel
gri_211928,gri
nyf_173068,nyf
ddg_72232,ddg
kex_101110,kex
cmn_61606,cmn
skx_120190,skx
mxv_107067,mxv
aui_40220,aui
fra_190002,fra
orc_49855,orc
bem_12962,bem
hii_206392,hii
lra_64689,lra
new_172588,new
yog_65737,yog
hin_110626,hin
tml_126162,tml
mya_48485,mya
sml_167275,sml
spa_130901,spa
bib_72029,bib
mjw_175373,mjw
slv_74588,slv
nuy_62678,nuy
tcy_107762,tcy
txu_94309,txu
bwu_201306,bwu
mfi_192423,mfi
tum_32222,tum
hin_127584,hin
pri_134264,pri
far_153293,far
hea_99171,hea
oub_71101,oub
tsr_141114,tsr
ksn_207009,ksn
tkt_189272,tkt
nst_87535,nst
fra_160760,fra
mau_137100,mau
gvr_29057,gvr
pse_50992,pse
gog_74890,gog
acm_209526,acm
rgu_105979,rgu
mib_81176,mib
ycl_195823,ycl
tnv_141035,tnv
coz_55685,coz
nnz_82137,nnz
mej_78460,mej
pex_80176,pex
toq_07161,toq
ulu_20333,ulu
sbd_185623,sbd
crn_202448,crn
mho_103957,mho
ayz_126934,ayz
tcc_147896,tcc
kqp_90125,kqp
ntj_209129,ntj
wme_139894,wme
rus_113894,rus
jav_83413,jav
yao_39286,yao
kha_112385,kha
gnd_52348,gnd
tuk_93372,tuk
lin_36289,lin
plt_168896,plt
mas_31036,mas
orc_50542,orc
aui_40465,aui
mpg_119038,mpg
kdh_124592,kdh
swc_186135,swc
kab_134915,kab
bjn_62780,bjn
taz_14038,taz
cac_29700,cac
arr_49837,arr
khg_34378,khg
jra_104195,jra
cmn_178428,cmn
hau_65335,hau
sun_86838,sun
nyf_173060,nyf
nmn_51685,nmn
urd_35907,urd
kef_41343,kef
ubr_85294,ubr
wbl_122216,wbl
ven_212182,ven
lir_141329,lir
ebu_195419,ebu
skr_145293,skr
<unk>_163062,<unk>
hin_110645,hin
por_191719,por
hoa_86441,hoa
swh_120711,swh
bvd_129458,bvd
lif_01657,lif
fuq_209601,fuq
gvc_99860,gvc
war_103475,war
mvg_41053,mvg
ium_168329,ium
nlx_127757,nlx
xnr_146483,xnr
phr_122705,phr
tsr_141153,tsr
pan_71763,pan
kvx_193947,kvx
mas_31054,mas
plt_168885,plt
irn_13525,irn
bwu_201340,bwu
kil_105677,kil
fra_190190,fra
bzv_187237,bzv
Zambia_109279,Zambia
bxk_12486,bxk
ekl_11404,ekl
pmf_69597,pmf
pce_79344,pce
kpb_213903,kpb
sfw_125301,sfw
arb_170315,arb
whg_147718,whg
ary_176920,ary
lag_181459,lag
asy_193273,asy
lra_64690,lra
ben_149693,ben
mki_179833,mki
ibg_86245,ibg
bkr_52973,bkr
djr_190509,djr
guj_211664,guj
kdh_152604,kdh
sot_38954,sot
cdz_04907,cdz
amh_03448,amh
siw_217903,siw
nus_02091,nus
boq_108179,boq
slv_74439,slv
mwf_35408,mwf
maw_171149,maw
bis_61137,bis
ntj_209170,ntj
thf_158245,thf
mmc_83575,mmc
guz_54661,guz
bit_164717,bit
nan_56590,nan
btt_111032,btt
apd_137397,apd
mkw_180879,mkw
gvo_28512,gvo
hia_215113,hia
rgs_160136,rgs
ntp_21119,ntp
tmf_35654,tmf
myw_156472,myw
amh_03666,amh
wmd_179147,wmd
sdq_86134,sdq
njz_76376,njz
quh_19007,quh
mdy_11252,mdy
dgo_174667,dgo
kin_120906,kin
soe_209442,soe
taw_159266,taw
mxv_107184,mxv
hni_107695,hni
tuy_27352,tuy
maa_171985,maa
pex_80159,pex
tsg_15516,tsg
por_95277,por
mkd_213484,mkd
zaa_07781,zaa
tdt_179055,tdt
ria_74102,ria
lam_24700,lam
mct_52026,mct
sil_81791,sil
guj_188971,guj
zne_108052,zne
sil_25862,sil
nlu_68558,nlu
ntp_21143,ntp
saj_04542,saj
jna_117610,jna
kls_136721,kls
ayz_126947,ayz
gno_89160,gno
tbp_55606,tbp
trc_34207,trc
prf_135515,prf
nia_202067,nia
all_138854,all
dyo_191146,dyo
tye_77871,tye
jda_211991,jda
kji_101719,kji
nzm_124803,nzm
cfd_178965,cfd
kfy_151942,kfy
kgk_26231,kgk
fuf_94743,fuf
tpi_49107,tpi
gun_202256,gun
guc_176433,guc
hoo_100050,hoo
aln_92304,aln
kdh_152634,kdh
bcq_116210,bcq
mie_101506,mie
aim_123492,aim
lua_96200,lua
klo_177510,klo
srn_163653,srn
nza_105358,nza
qxu_32003,qxu
thq_51946,thq
gur_87090,gur
yaa_04707,yaa
twi_167753,twi
nst_221064,nst
tlr_156435,tlr
bod_66770,bod
stt_55043,stt
mxt_204588,mxt
mww_192595,mww
xkk_27710,xkk
jiu_184120,jiu
zim_11576,zim
kbr_22049,kbr
arx_80645,arx
eng_65019,eng
her_23260,her
shn_126551,shn
lif_01671,lif
qud_07215,qud
jaa_154132,jaa
uzn_45326,uzn
gbo_104839,gbo
bhw_55591,bhw
rhp_221109,rhp
not_65807,not
kbx_198434,kbx
asy_193286,asy
kqb_103088,kqb
tcu_147260,tcu
ben_144357,ben
tsn_200561,tsn
esg_82180,esg
jiy_201711,jiy
thf_158253,thf
emk_111971,emk
adi_05304,adi
enq_221265,enq
bem_12889,bem
att_21359,att
orc_50180,orc
lbf_19550,lbf
urt_26523,urt
kjc_01024,kjc
kls_136706,kls
bxh_17749,bxh
nan_134942,nan
cav_179287,cav
nhw_10997,nhw
mpd_182678,mpd
nas_00778,nas
trp_163406,trp
plt_169116,plt
mma_195704,mma
abt_134087,abt
soq_131890,soq
aal_206257,aal
wca_142028,wca
zns_142331,zns
mpd_182665,mpd
rus_113994,rus
brx_53127,brx
djr_190437,djr
ghe_37321,ghe
ind_186879,ind
ter_216072,ter
xho_175888,xho
tha_52735,tha
gbk_188522,gbk
sna_117987,sna
hts_58617,hts
bde_142039,bde
fuf_180584,fuf
twh_193436,twh
xer_207957,xer
lro_113451,lro
kiw_119924,kiw
thr_80874,thr
swc_186023,swc
skr_196056,skr
tca_13836,tca
gia_201762,gia
sbd_185791,sbd
gya_197293,gya
dwy_04066,dwy
ver_30739,ver
nso_217386,nso
alz_116875,alz
gup_208003,gup
wbf_62751,wbf
dyu_208734,dyu
dsh_220653,dsh
swh_120565,swh
lom_174305,lom
tlr_180150,tlr
cko_69440,cko
wib_143375,wib
sbd_185506,sbd
khz_75466,khz
yiz_74292,yiz
Zambia_35536,Zambia
mkw_180733,mkw
wal_176620,wal
ble_121127,ble
zab_25574,zab
bis_61209,bis
ssw_54696,ssw
sna_118023,sna
ffm_101083,ffm
afr_08676,afr
pis_143884,pis
dkx_60159,dkx
mfz_135411,mfz
guj_189103,guj
sbu_197351,sbu
npi_30099,npi
sna_117888,sna
mef_83084,mef
ayr_187897,ayr
knk_146638,knk
pwb_77126,pwb
tac_57485,tac
sou_41852,sou
orc_50089,orc
uzn_45131,uzn
rmn_103387,rmn
doz_127810,doz
yao_39370,yao
nim_38228,nim
mxu_156576,mxu
khk_37065,khk
mhw_22946,mhw
mpm_02182,mpm
sxb_188320,sxb
apd_137416,apd
aai_81073,aai
vaj_103539,vaj
kir_209021,kir
swp_137646,swp
arb_170260,arb
sbd_185654,sbd
mjt_132398,mjt
kri_21623,kri
bos_211805,bos
mkd_213541,mkd
gvo_28531,gvo
nof_115151,nof
wme_139950,wme
por_138827,por
kls_136893,kls
xav_115801,xav
nwi_168819,nwi
iba_97453,iba
cax_161812,cax
kzs_24730,kzs
thq_46448,thq
esg_82211,esg
niq_154989,niq
thf_157884,thf
dwy_04022,dwy
cao_197158,cao
bxs_44544,bxs
ban_49288,ban
nav_177597,nav
pan_71715,pan
bap_169655,bap
eng_211241,eng
wbp_108931,wbp
aui_40301,aui
swc_186094,swc
iws_25030,iws
aso_26827,aso
kjb_03419,kjb
tva_153900,tva
kdj_16855,kdj
sxb_188287,sxb
trn_141514,trn
she_181021,she
ayr_187936,ayr
jna_117628,jna
cbn_175619,cbn
srx_12014,srx
deh_58402,deh
ben_42385,ben
toq_07131,toq
djr_190348,djr
tod_47983,tod
tlr_156433,tlr
jaa_154122,jaa
bwo_178372,bwo
obo_114084,obo
upv_03788,upv
djo_56969,djo
lic_51827,lic
rol_153186,rol
tha_52582,tha
dga_103316,dga
kiw_119931,kiw
kin_120881,kin
bsh_83377,bsh
gui_53743,gui
pes_145668,pes
mfz_135397,mfz
pab_127211,pab
vah_147547,vah
ljp_151339,ljp
fra_190216,fra
uzn_45350,uzn
pab_127210,pab
mmc_83581,mmc
tke_123227,tke
kgq_90347,kgq
grt_74961,grt
npi_133454,npi
bam_71348,bam
rhg_20671,rhg
kaa_47655,kaa
sag_143466,sag
loe_200072,loe
tuk_93080,tuk
tui_103740,tui
anj_66834,anj
gbi_152926,gbi
ind_186494,ind
kor_64783,kor
seg_90384,seg
trn_141644,trn
mnk_210883,mnk
kye_212851,kye
yka_215490,yka
bgt_15245,bgt
top_196731,top
mjw_175395,mjw
gvr_29240,gvr
mnb_121237,mnb
ale_178388,ale
pol_204888,pol
ica_75139,ica
tvd_177617,tvd
gvo_28295,gvo
gng_203074,gng
zty_12258,zty
uya_171554,uya
khw_46848,khw
umb_193048,umb
mya_48398,mya
kvy_117068,kvy
emk_214350,emk
tel_70806,tel
mzq_91451,mzq
tdt_179124,tdt
ccp_198050,ccp
bhi_184277,bhi
gax_177341,gax
mww_192589,mww
hin_110592,hin
git_41983,git
nym_15114,nym
lla_55679,lla
kyu_209940,kyu
trd_18184,trd
bfr_102180,bfr
ola_155174,ola
xsu_215600,xsu
buz_88049,buz
alt_164916,alt
orc_50289,orc
tuy_27314,tuy
dka_54561,dka
ttq_85922,ttq
vaj_98017,vaj
jra_104174,jra
lok_190790,lok
npi_19930,npi
jmx_16368,jmx
roo_49187,roo
sna_117746,sna
hat_68006,hat
vaj_98078,vaj
awi_25719,awi
trd_18130,trd
quh_19101,quh
zty_12230,zty
kfx_129286,kfx
clo_34897,clo
sda_57334,sda
bbc_34166,bbc
dgo_174663,dgo
kwo_100166,kwo
khg_143144,khg
lnd_119846,lnd
ajg_220702,ajg
nti_07827,nti
bis_61309,bis
ymb_205824,ymb
miy_127570,miy
saa_115730,saa
kdh_124623,kdh
arz_109635,arz
wut_56175,wut
spa_27583,spa
nya_70068,nya
nqy_101552,nqy
bvd_129387,bvd
trc_34204,trc
bfg_31942,bfg
umb_192922,umb
tbo_218683,tbo
jmn_207585,jmn
seh_150935,seh
men_61011,men
ssi_157191,ssi
zpz_83304,zpz
mve_140445,mve
fli_22732,fli
ngl_146961,ngl
bra_168559,bra
isn_162601,isn
bkm_79956,bkm
xdy_203152,xdy
wtm_72127,wtm
top_196596,top
lga_190714,lga
guk_14213,guk
crn_202457,crn
tdx_113261,tdx
xuj_182060,xuj
kue_63133,kue
zne_107867,zne
hue_145119,hue
soq_131764,soq
cnb_116593,cnb
guc_176428,guc
bqc_168660,bqc
lew_107450,lew
nku_197772,nku
swi_96619,swi
kqf_127842,kqf
kvq_65951,kvq
mpm_183069,mpm
kfk_149390,kfk
kuj_205233,kuj
sce_80292,sce
mpd_182640,mpd
grt_75058,grt
bfa_127392,bfa
tpe_46358,tpe
kaa_47599,kaa
sdq_51597,sdq
mgc_199147,mgc
poy_72211,poy
cmn_89964,cmn
hav_68967,hav
thy_200154,thy
teo_142751,teo
nlu_68585,nlu
liu_148730,liu
awn_49599,awn
rau_138982,rau
tet_202539,tet
swh_219417,swh
mqj_65838,mqj
atp_55806,atp
lew_173700,lew
maf_23498,maf
nst_221069,nst
dzg_91307,dzg
ven_212087,ven
eng_88449,eng
qul_58182,qul
djo_133375,djo
zaw_92405,zaw
dzg_91351,dzg
eng_03396,eng
zao_176684,zao
uig_101773,uig
nyd_203817,nyd
wnc_175023,wnc
eng_173921,eng
uki_207527,uki
zul_109926,zul
tam_82325,tam
ums_154260,ums
mxj_09465,mxj
klr_23715,klr
aly_97482,aly
eyo_91906,eyo
duc_14385,duc
xon_47719,xon
tha_52761,tha
dsh_20925,dsh
kam_75747,kam
por_191928,por
adx_70628,adx
uzn_45199,uzn
vor_177802,vor
wnc_174901,wnc
mww_164003,mww
mxe_156144,mxe
lnd_90026,lnd
sfw_125245,sfw
unr_151278,unr
twi_167887,twi
gvc_99910,gvc
mfz_135481,mfz
pmi_149586,pmi
nas_00790,nas
mhy_203612,mhy
ycl_113054,ycl
qvm_154909,qvm
tur_104985,tur
mjt_177877,mjt
twx_153455,twx
anj_165450,anj
aif_142975,aif
bix_112665,bix
wol_211147,wol
cmn_61654,cmn
lig_64999,lig
kde_45971,kde
tna_151739,tna
ktn_185862,ktn
ita_57107,ita
mix_00940,mix
pmf_69544,pmf
wad_88859,wad
ron_100718,ron
sgc_108641,sgc
fvr_126214,fvr
auc_174223,auc
alt_164897,alt
tro_59433,tro
noe_101937,noe
hoc_143103,hoc
fal_20596,fal
kge_191681,kge
bgr_63889,bgr
nxd_163331,nxd
pov_171299,pov
nac_48618,nac
lkn_122082,lkn
jml_22417,jml
sgb_14154,sgb
cgk_121566,cgk
ven_212079,ven
dde_199383,dde
ztl_09727,ztl
yal_171614,yal
mej_78602,mej
lao_85143,lao
tca_13875,tca
cat_114569,cat
asm_137891,asm
npi_20032,npi
ses_166053,ses
agr_170503,agr
clk_200110,clk
nhp_03859,nhp
xuu_119450,xuu
ktu_134054,ktu
qvo_187813,qvo
bxg_196369,bxg
zlm_00329,zlm
new_162330,new
mjt_132493,mjt
tam_82379,tam
pxm_158504,pxm
ort_83156,ort
drd_54810,drd
hui_112517,hui
yao_39497,yao
shr_221420,shr
bjj_158355,bjj
ebu_195486,ebu
atd_65561,atd
kde_45960,kde
cua_67831,cua
lao_10014,lao
quh_31362,quh
mni_148988,mni
rus_113946,rus
knl_55750,knl
lwg_90884,lwg
waw_60528,waw
dzg_91343,dzg
npb_141203,npb
rol_153216,rol
mbi_175090,mbi
ngc_34818,ngc
xtn_184998,xtn
itv_102749,itv
pov_171387,pov
kqs_20811,kqs
grt_105551,grt
pbu_211085,pbu
bob_168620,bob
hts_58796,hts
dje_77467,dje
gaz_59120,gaz
ttq_85997,ttq
nwi_144235,nwi
mki_13983,mki
tdt_179100,tdt
dyu_208818,dyu
lin_36298,lin
trp_163452,trp
bim_201628,bim
ron_100765,ron
gur_43952,gur
dio_42854,dio
mas_31180,mas
kfp_80692,kfp
pes_145715,pes
bqr_187728,bqr
slv_74501,slv
pln_47370,pln
ttq_86092,ttq
mkd_213554,mkd
bkm_79952,bkm
dnn_75210,dnn
fuq_209599,fuq
kvr_33128,kvr
ese_117460,ese
xky_44515,xky
bam_71446,bam
arz_109554,arz
zps_193368,zps
bfz_55063,bfz
nnw_191568,nnw
pov_171367,pov
bxk_12427,bxk
nhy_44710,nhy
oro_105587,oro
lga_190607,lga
mpt_156731,mpt
nud_64744,nud
ygw_92955,ygw
itt_12659,itt
wol_172117,wol
aui_40327,aui
new_174786,new
swp_137741,swp
siy_104385,siy
rol_153159,rol
sna_117810,sna
kjs_65700,kjs
xsq_186395,xsq
kdp_01230,kdp
tog_25535,tog
bdl_64944,bdl
plt_169015,plt
ish_146194,ish
jdg_55695,jdg
szb_189983,szb
bru_02201,bru
kqf_127907,kqf
fli_216959,fli
slv_74512,slv
grt_105488,grt
age_206146,age
mya_48340,mya
gga_172823,gga
gnk_182861,gnk
pga_166944,pga
hut_149975,hut
gid_99354,gid
nij_81512,nij
cnl_35235,cnl
tzo_129119,tzo
nih_87657,nih
vor_177793,vor
lep_107548,lep
iba_79226,iba
sna_118044,sna
tcz_140824,tcz
foi_179663,foi
mhu_38614,mhu
mdr_191328,mdr
tyr_148251,tyr
bun_04320,bun
pof_31639,pof
Zambia_200951,Zambia
tpx_118418,tpx
maw_171193,maw
bim_201541,bim
ygr_41110,ygr
kqj_130072,kqj
qxl_84562,qxl
nas_00606,nas
wwa_169648,wwa
ssi_157131,ssi
kfs_94448,kfs
eng_43347,eng
gur_47052,gur
tog_25394,tog
loe_200057,loe
mjt_132492,mjt
gng_203079,gng
gil_105803,gil
dje_77534,dje
qud_178718,qud
ceb_198876,ceb
ibg_210575,ibg
dww_51133,dww
saq_122388,saq
blf_83849,blf
hak_55978,hak
tgl_13170,tgl
twi_167993,twi
cly_38598,cly
bvc_73231,bvc
ary_176981,ary
mzw_94662,mzw
knt_52230,knt
mie_153258,mie
rad_160074,rad
okh_116949,okh
kbr_22129,kbr
avu_123353,avu
xuj_164120,xuj
eng_88245,eng
Zambia_109392,Zambia
ptu_21808,ptu
bug_109262,bug
nar_184953,nar
rus_113988,rus
wol_172134,wol
adi_193662,adi
bbc_34114,bbc
yiz_74311,yiz
ngu_126084,ngu
ben_125839,ben
smy_55854,smy
tbo_218638,tbo
nym_14929,nym
ssw_147096,ssw
thf_158116,thf
asy_193271,asy
kye_213078,kye
ble_121037,ble
sdr_93874,sdr
swp_66988,swp
sun_86864,sun
ium_180720,ium
acm_138994,acm
fra_160967,fra
mqz_07693,mqz
mrm_10926,mrm
gux_117219,gux
zlm_24410,zlm
biv_16159,biv
dug_158881,dug
ifu_195779,ifu
xav_115764,xav
arb_170362,arb
gid_99413,gid
czt_39145,czt
eng_43586,eng
qug_17037,qug
<unk>_170425,<unk>
csa_104081,csa
jac_81192,jac
aaz_116553,aaz
gun_202265,gun
mkd_213591,mkd
mar_78688,mar
eng_174067,eng
nhr_144965,nhr
srb_170223,srb
men_60841,men
tdx_113133,tdx
beu_197881,beu
ood_52303,ood
tum_32272,tum
shk_09538,shk
kek_129220,kek
guc_176423,guc
xsq_186402,xsq
swh_67234,swh
kdj_16867,kdj
lus_216534,lus
bhw_55570,bhw
lwo_172379,lwo
tsn_200321,tsn
maa_171982,maa
nso_217597,nso
mkn_111396,mkn
nyq_220539,nyq
aaz_116438,aaz
kno_82837,kno
ksw_36477,ksw
mgp_53459,mgp
lrm_178136,lrm
oki_78918,oki
tik_04788,tik
anu_130482,anu
ben_125643,ben
gom_198715,gom
yue_32804,yue
swh_120608,swh
kud_102879,kud
mme_154306,mme
lug_139132,lug
dww_51088,dww
say_73002,say
bxk_132653,bxk
sbd_185562,sbd
cfm_145882,cfm
mzi_155333,mzi
kfg_200857,kfg
gur_43755,gur
okh_116934,okh
khe_92836,khe
kaz_36961,kaz
eng_194338,eng
nst_45558,nst
lri_39103,lri
ctu_147820,ctu
csh_198385,csh
mzw_94661,mzw
dig_160462,dig
pof_31482,pof
eng_43311,eng
xmm_145255,xmm
gvo_28419,gvo
wlw_133100,wlw
swh_219472,swh
zpn_38428,zpn
zab_110506,zab
vie_217132,vie
mjc_108748,mjc
tam_82526,tam
ums_154261,ums
tpx_86288,tpx
uba_199705,uba
kuj_205224,kuj
tso_53280,tso
kwd_172237,kwd
khu_93519,khu
ssn_187416,ssn
eyo_91937,eyo
kru_199524,kru
mrn_121883,mrn
jdg_55709,jdg
sjb_136265,sjb
shj_14346,shj
ssn_187576,ssn
akh_03907,akh
lec_98434,lec
mim_62887,mim
bvc_73189,bvc
tpe_46350,tpe
teo_142816,teo
soy_53533,soy
lit_96579,lit
yes_117347,yes
haz_84949,haz
gri_211906,gri
apt_63466,apt
mev_56769,mev
vrs_124531,vrs
wib_143368,wib
dgx_160076,dgx
lae_156355,lae
lla_55673,lla
khz_75550,khz
bcc_200581,bcc
mfz_135288,mfz
hau_153042,hau
liw_164690,liw
hin_29531,hin
ngc_34723,ngc
tbo_218673,tbo
wca_142025,wca
gax_03195,gax
ron_100728,ron
men_202979,men
cmn_28126,cmn
kgp_00449,kgp
khz_75538,khz
guu_85727,guu
snm_209622,snm
jaa_154206,jaa
wme_140309,wme
ese_117408,ese
moc_220895,moc
gvo_04199,gvo
nyk_38332,nyk
lot_96015,lot
mhu_165895,mhu
hui_112463,hui
soq_131528,soq
ghk_118283,ghk
dks_66243,dks
kqp_90248,kqp
sbe_167553,sbe
xsu_05764,xsu
fra_161084,fra
klb_104268,klb
kcg_15505,kcg
mwc_128897,mwc
plt_168877,plt
sil_81948,sil
ewe_215989,ewe
gun_202299,gun
bvu_69041,bvu
dnd_67597,dnd
rab_39757,rab
ssn_187554,ssn
haj_197105,haj
trn_141528,trn
sxb_188265,sxb
ghs_156248,ghs
gmb_163091,gmb
por_191758,por
gbo_64910,gbo
cek_13708,cek
xkb_132889,xkb
cmn_122195,cmn
orc_49892,orc
mpm_02177,mpm
chq_155468,chq
pes_145664,pes
xdy_59792,xdy
bix_112648,bix
maw_171046,maw
ces_183244,ces
nin_44486,nin
lhu_174604,lhu
ekr_63591,ekr
btt_111042,btt
luo_207322,luo
csh_64345,csh
mos_159737,mos
yue_33009,yue
wol_196822,wol
srq_216881,srq
cfd_178955,cfd
npi_30389,npi
nag_05195,nag
gup_208030,gup
eng_42984,eng
yor_51478,yor
mkn_111226,mkn
pol_204904,pol
tuc_16655,tuc
mal_76550,mal
bip_90377,bip
roo_49188,roo
eng_130364,eng
phl_205550,phl
sgp_33730,sgp
mym_185307,mym
lbf_19573,lbf
zaf_02077,zaf
lag_181528,lag
nbi_57206,nbi
cmn_61526,cmn
jnd_194452,jnd
<unk>_92649,<unk>
bxh_17250,bxh
gax_60074,gax
say_73005,say
mwq_30709,mwq
lhu_178106,lhu
ppq_148697,ppq
gog_74917,gog
xsb_114969,xsb
mwm_213786,mwm
nuf_13614,nuf
klv_144227,klv
txq_145172,txq
swk_126362,swk
ame_57238,ame
mgh_65182,mgh
tcc_147985,tcc
gvo_28400,gvo
uig_195886,uig
snd_07284,snd
bam_71518,bam
xdy_18418,xdy
lwg_90853,lwg
pof_31448,pof
csh_42330,csh
zul_109977,zul
urd_35676,urd
bod_66734,bod
fij_120020,fij
ben_99751,ben
bge_119007,bge
jmr_149054,jmr
sin_204259,sin
mkd_213434,mkd
lus_216491,lus
fub_214994,fub
sat_70519,sat
pes_145847,pes
ywq_01766,ywq
afb_142549,afb
nna_195596,nna
kss_200787,kss
kin_120751,kin
kye_213008,kye
kam_75918,kam
cek_13762,cek
tke_123330,tke
eng_211502,eng
nhe_197309,nhe
njz_76366,njz
kri_21599,kri
pse_176230,pse
apw_134464,apw
prs_44224,prs
saq_97317,saq
hac_152824,hac
eng_211457,eng
kno_82619,kno
djr_190402,djr
knx_45374,knx
tgl_13159,tgl
tsj_204354,tsj
bee_17941,bee
vig_218503,vig
ysn_136558,ysn
alz_116877,alz
gvo_04211,gvo
bvu_42062,bvu
sus_164535,sus
nkb_143554,nkb
luo_207253,luo
xtl_81399,xtl
trd_18053,trd
ccp_198055,ccp
mqj_136049,mqj
acq_210373,acq
mfh_135889,mfh
swp_137749,swp
rah_55423,rah
bfg_31894,bfg
rim_215314,rim
siw_217882,siw
eng_88264,eng
gur_43893,gur
wbp_109114,wbp
spa_106022,spa
lgr_130765,lgr
mse_37396,mse
kha_112353,kha
lec_98396,lec
haj_129679,haj
lir_141334,lir
nya_179845,nya
iba_79202,iba
swb_54329,swb
byc_95554,byc
kde_45984,kde
djo_133352,djo
tcc_147940,tcc
hak_63638,hak
lje_188469,lje
the_189871,the
snc_205381,snc
bnp_142219,bnp
tdj_187876,tdj
orc_50240,orc
rmn_89837,rmn
lwg_90742,lwg
kli_215638,kli
plc_32410,plc
jax_115476,jax
mos_159613,mos
msh_177561,msh
tso_143350,tso
top_196760,top
inj_30829,inj
nym_15094,nym
fie_50801,fie
cmn_207838,cmn
nij_97834,nij
dje_77537,dje
tca_13870,tca
wat_72799,wat
aix_09249,aix
skt_13827,skt
dsh_220652,dsh
akh_150450,akh
ilo_91199,ilo
xkl_49635,xkl
akh_150441,akh
wof_78233,wof
gno_89144,gno
kpm_121487,kpm
tsn_200442,tsn
mgh_65180,mgh
por_191748,por
stt_55020,stt
hin_29497,hin
saq_97305,saq
sus_164555,sus
rel_214437,rel
kbp_54997,kbp
wme_140281,wme
cnh_164428,cnh
yoy_99107,yoy
pse_50974,pse
aot_182014,aot
Zambia_200954,Zambia
byn_45795,byn
mfv_107700,mfv
muv_119219,muv
cmn_28164,cmn
tnp_88553,tnp
pse_167159,pse
gjn_146096,gjn
apn_130028,apn
gux_117243,gux
mhx_76504,mhx
aia_41438,aia
ebu_195524,ebu
ben_125984,ben
nac_48648,nac
mui_154522,mui
sdr_64544,sdr
bel_51721,bel
luo_104806,luo
muo_182740,muo
bho_72316,bho
hvn_153633,hvn
ram_104447,ram
ors_35207,ors
ndc_160051,ndc
lwg_90929,lwg
mup_31668,mup
adl_106726,adl
gnn_208299,gnn
cul_147762,cul
swb_54392,swb
dyo_190945,dyo
lrm_178328,lrm
csh_198320,csh
msy_19219,msy
ayr_188005,ayr
jax_115461,jax
ksw_36577,ksw
mkd_213626,mkd
kin_120758,kin
fli_147572,fli
lla_55659,lla
sxb_188164,sxb
glw_70471,glw
dtp_142000,dtp
wnc_174962,wnc
twm_129895,twm
uig_195882,uig
nij_81525,nij
ymm_40894,ymm
otx_126658,otx
myb_133611,myb
apd_137455,apd
sbu_197341,sbu
dww_51451,dww
ljp_151418,ljp
gnw_173314,gnw
kaa_47561,kaa
emp_89280,emp
kye_212935,kye
soq_131426,soq
sou_41771,sou
mkd_213429,mkd
cul_164522,cul
vor_177792,vor
rus_114047,rus
guc_176483,guc
mcp_29773,mcp
mqu_85763,mqu
ntj_209060,ntj
thf_158152,thf
mza_56832,mza
kue_63087,kue
skg_64210,skg
tyz_129511,tyz
ptu_70412,ptu
bcq_116274,bcq
thq_46443,thq
nxk_188799,nxk
syl_116644,syl
ksw_36435,ksw
pan_71773,pan
nij_38478,nij
fub_147197,fub
set_197448,set
bhb_165180,bhb
ben_125632,ben
pan_71702,pan
orc_50100,orc
tdl_32508,tdl
lus_161505,lus
mtr_168381,mtr
kei_19391,kei
lok_38008,lok
adn_187209,adn
kwv_215505,kwv
khz_101977,khz
mlu_219567,mlu
kmc_162729,kmc
thr_80896,thr
wuu_184637,wuu
knk_146747,knk
lma_02633,lma
orc_128255,orc
heg_219858,heg
saq_97284,saq
mkn_111097,mkn
cax_94015,cax
wbp_109070,wbp
fuf_128062,fuf
anj_66836,anj
guj_189070,guj
snc_205320,snc
kno_82926,kno
ake_57858,ake
nwi_144244,nwi
pca_217643,pca
gvo_28489,gvo
pln_47291,pln
mim_127001,mim
srq_216701,srq
bfg_31906,bfg
pbl_66886,pbl
khw_46669,khw
bee_133889,bee
nst_04981,nst
ppq_148683,ppq
hak_206496,hak
mzp_154727,mzp
khz_101959,khz
tkd_141366,tkd
kuy_88780,kuy
als_06496,als
twe_118149,twe
bxk_12386,bxk
shn_219970,shn
tqu_158963,tqu
lsm_95755,lsm
kmz_80957,kmz
mum_193310,mum
sda_57323,sda
cjo_93511,cjo
hak_56002,hak
pdt_56251,pdt
tgl_13032,tgl
xtm_157381,xtm
eng_43188,eng
bjn_176779,bjn
ntj_209315,ntj
rmz_121385,rmz
zgb_75590,zgb
dje_77521,dje
skr_84700,skr
hnj_134024,hnj
bgr_64008,bgr
fra_181806,fra
kwx_74006,kwx
ybl_142151,ybl
blb_135739,blb
zpj_147879,zpj
xho_175917,xho
mln_44845,mln
nia_201994,nia
kcs_88126,kcs
acq_210434,acq
koe_96724,koe
trd_18120,trd
tbc_35122,tbc
smo_200286,smo
xon_47818,xon
ssk_62282,ssk
rgu_105989,rgu
dks_66181,dks
sbu_197334,sbu
hts_58694,hts
gum_221344,gum
dag_37498,dag
mlk_194718,mlk
aly_97580,aly
tsn_200428,tsn
bsq_120345,bsq
vaj_98028,vaj
csh_198178,csh
bgc_70091,bgc
mzp_154774,mzp
lhi_14615,lhi
spy_80771,spy
pmy_165511,pmy
thf_158133,thf
pnc_54743,pnc
psn_121835,psn
vav_24307,vav
lcm_215084,lcm
xte_91041,xte
emk_112097,emk
amr_126032,amr
scg_95908,scg
mfv_06037,mfv
tpj_135568,tpj
pmi_149582,pmi
kmj_63251,kmj
mln_44856,mln
dig_160438,dig
srq_216935,srq
tgl_13273,tgl
srq_216929,srq
bgr_15721,bgr
bis_61201,bis
pmy_165818,pmy
goj_52179,goj
nus_02116,nus
jmx_16436,jmx
rug_188356,rug
swp_62424,swp
mfq_88615,mfq
jdg_55730,jdg
mai_79716,mai
her_23245,her
rmn_78028,rmn
vif_21197,vif
zac_16043,zac
syl_116723,syl
rjs_138513,rjs
lsm_95759,lsm
pjt_56356,pjt
ybl_142157,ybl
urk_177960,urk
zmb_63328,zmb
mkn_111255,mkn
tby_01310,tby
mkn_111391,mkn
hau_136469,hau
kyb_33782,kyb
cek_135022,cek
eng_211247,eng
hts_58658,hts
dib_117041,dib
tuy_27296,tuy
bhh_59834,bhh
mzp_154643,mzp
xky_44517,xky
bkm_79980,bkm
bru_164986,bru
mvv_07648,mvv
kqp_90232,kqp
jmn_207612,jmn
ghe_37367,ghe
gbl_24324,gbl
por_66329,por
lax_60622,lax
arq_05782,arq
moj_81253,moj
qvm_154825,qvm
gvr_29083,gvr
pmj_74195,pmj
tzm_150788,tzm
new_162338,new
bvc_73175,bvc
tso_53342,tso
lbf_06875,lbf
khk_37218,khk
skr_196130,skr
tiq_117205,tiq
tab_197519,tab
uki_207480,uki
kiw_119914,kiw
kkc_121260,kkc
suk_157678,suk
sbd_185560,sbd
npi_30143,npi
gnw_173343,gnw
zne_107967,zne
kud_102875,kud
kle_71120,kle
wci_156089,wci
kaa_47586,kaa
ble_121130,ble
knl_55733,knl
guk_14298,guk
xsu_215578,xsu
mxb_72270,mxb
tan_148788,tan
swh_67053,swh
kzf_58145,kzf
tkd_141380,tkd
meu_114376,meu
mnz_220812,mnz
tke_123333,tke
tso_143328,tso
cmn_28232,cmn
bcc_153516,bcc
eng_130377,eng
jao_87751,jao
eng_43380,eng
pex_110673,pex
yij_98631,yij
lhu_174440,lhu
nlk_177209,nlk
sin_204331,sin
tpe_46292,tpe
vah_07587,vah
bvd_129435,bvd
wed_09290,wed
ldl_19475,ldl
xta_214322,xta
trp_163571,trp
lga_190605,lga
nst_19766,nst
gnn_208256,gnn
bfw_217817,bfw
yao_39441,yao
djr_190502,djr
ind_186758,ind
bhb_24821,bhb
kfb_52801,kfb
ces_183260,ces
eyo_91883,eyo
rol_153114,rol
nhr_144944,nhr
mks_178627,mks
nyy_69704,nyy
xsm_220412,xsm
tkd_141365,tkd
kfq_42737,kfq
kfk_149337,kfk
toq_07092,toq
mqj_136057,mqj
eng_58342,eng
trd_18109,trd
eyo_91922,eyo
ish_146204,ish
ghl_156459,ghl
fra_160698,fra
sbd_185676,sbd
aln_92293,aln
bem_12961,bem
tcf_138943,tcf
cch_177480,cch
itd_99227,itd
mch_182684,mch
enx_49567,enx
kue_63074,kue
tdx_113227,tdx
mdb_61081,mdb
quw_124275,quw
mkw_180874,mkw
teo_142608,teo
nan_134943,nan
kye_213052,kye
kiu_163234,kiu
pad_199742,pad
gvr_138749,gvr
kbp_204107,kbp
vkl_169406,vkl
ikx_102713,ikx
ksw_36433,ksw
arg_62847,arg
yes_117328,yes
wca_142024,wca
kvg_44646,kvg
umb_192938,umb
anc_156494,anc
loz_108329,loz
swh_67061,swh
mqx_53824,mqx
khz_125316,khz
tdx_113398,tdx
kqb_103158,kqb
khw_46744,khw
taq_195094,taq
vaa_77226,vaa
gvr_29061,gvr
tsn_200377,tsn
blr_139721,blr
urk_177940,urk
kfx_117172,kfx
fra_44651,fra
kbp_204125,kbp
srb_186464,srb
wme_140210,wme
div_81333,div
kud_103012,kud
tuk_93025,tuk
tso_53337,tso
sil_81794,sil
uar_62466,uar
sua_171820,sua
bxk_132728,bxk
jeh_73705,jeh
sou_41615,sou
tdh_122932,tdh
mbh_215535,mbh
pmy_165603,pmy
kup_186165,kup
nxq_185038,nxq
nan_56674,nan
tml_126167,tml
wbp_108941,wbp
cnb_42684,cnb
agg_19270,agg
ary_176910,ary
nyo_32664,nyo
knl_199218,knl
bsq_120343,bsq
nas_00701,nas
apc_42608,apc
wnc_174988,wnc
rus_65752,rus
csh_198368,csh
gaz_59105,gaz
bxh_17393,bxh
pgg_57387,pgg
hin_29313,hin
kri_21475,kri
kdt_215123,kdt
bri_135189,bri
toj_93986,toj
bfh_07857,bfh
swb_54337,swb
mef_83058,mef
hno_63721,hno
swh_219062,swh
ywq_01743,ywq
siw_217862,siw
bus_79870,bus
dsh_20994,dsh
yue_33025,yue
xdy_137833,xdy
kin_120836,kin
xtl_81397,xtl
kdt_161919,kdt
pov_171503,pov
cnw_201734,cnw
juk_104719,juk
cat_114572,cat
pdu_52071,pdu
eng_221178,eng
mhi_80103,mhi
saq_122616,saq
acz_138023,acz
nyo_32665,nyo
blb_135703,blb
jnd_194447,jnd
tsb_81611,tsb
pmy_165806,pmy
her_23412,her
snk_164948,snk
dyu_208750,dyu
pia_104885,pia
kkc_121279,kkc
kdj_16697,kdj
kby_81282,kby
hts_58714,hts
enq_221230,enq
skr_196046,skr
ttq_85842,ttq
krw_117366,krw
Zambia_109366,Zambia
sbd_185509,sbd
pse_167138,pse
xsm_220378,xsm
cua_67846,cua
viv_170060,viv
lun_142451,lun
cua_36764,cua
thl_87286,thl
gvo_04208,gvo
ita_57161,ita
yao_39451,yao
sbx_38721,sbx
bvd_129388,bvd
gwt_164736,gwt
agw_218046,agw
spa_131150,spa
box_184622,box
ssk_62273,ssk
awu_101665,awu
khw_46783,khw
twu_105321,twu
xmz_83612,xmz
sou_41848,sou
nbe_146263,nbe
bfg_31864,bfg
bfa_127391,bfa
swc_186082,swc
kno_82955,kno
grt_180310,grt
cko_69374,cko
zaf_02042,zaf
nst_04990,nst
slk_192051,slk
wmb_194167,wmb
top_196805,top
fra_161098,fra
hui_112472,hui
khq_92602,khq
sui_110097,sui
xho_175967,xho
fub_214898,fub
dje_77517,dje
nan_56651,nan
apc_184376,apc
sou_41652,sou
kde_46042,kde
mkd_213500,mkd
cdr_76890,cdr
hin_110612,hin
eng_194416,eng
ben_149847,ben
lep_107552,lep
ssi_157224,ssi
quh_19115,quh
xmz_83637,xmz
gbm_33547,gbm
prs_44256,prs
sil_81783,sil
hsn_128495,hsn
psa_165228,psa
adn_187189,adn
mya_48317,mya
pse_51009,pse
nim_38169,nim
dtb_165160,dtb
kam_76004,kam
ary_79050,ary
tsn_200353,tsn
maw_171205,maw
pqa_152114,pqa
fuh_133204,fuh
kor_85618,kor
raw_05053,raw
ayo_16235,ayo
bxh_17204,bxh
bas_01949,bas
nst_87573,nst
npi_133451,npi
kqf_127848,kqf
tuy_27327,tuy
soq_131879,soq
kqb_103149,kqb
ium_171791,ium
arn_81983,arn
wca_142032,wca
agw_218017,agw
lkh_194514,lkh
toq_07100,toq
slk_192174,slk
npy_21029,npy
Zambia_35541,Zambia
grt_115208,grt
swh_219249,swh
pbt_218886,pbt
mbp_26957,mbp
shn_219990,shn
gmb_163097,gmb
qvm_154807,qvm
sre_45636,sre
srz_60230,srz
uzn_45351,uzn
thf_157866,thf
koe_96767,koe
pan_55257,pan
tvk_150323,tvk
xho_175910,xho
luo_207137,luo
dhm_186314,dhm
lbf_06850,lbf
tdx_113346,tdx
mxx_89916,mxx
njz_76458,njz
emk_214364,emk
grt_105491,grt
sbe_167403,sbe
brt_207744,brt
sie_08222,sie
dgc_122815,dgc
kqb_103163,kqb
loy_60702,loy
sru_155761,sru
tml_126157,tml
har_20250,har
bkk_172440,bkk
drd_54829,drd
xla_22589,xla
adx_87868,adx
bis_61219,bis
fuc_111469,fuc
mjz_89735,mjz
rwr_99165,rwr
bam_71344,bam
mfn_05275,mfn
mxv_107123,mxv
npi_76887,npi
acr_19714,acr
bxk_132659,bxk
khz_125318,khz
orc_49873,orc
pmy_165719,pmy
xon_47842,xon
swb_54347,swb
tcu_147232,tcu
jge_178012,jge
mip_37790,mip
new_52433,new
plt_168971,plt
gun_202302,gun
mym_185343,mym
aly_97489,aly
fie_50793,fie
urd_35774,urd
mnw_44412,mnw
ndc_160027,ndc
nux_49601,nux
her_23236,her
nac_48624,nac
beu_197883,beu
sda_57326,sda
ary_177034,ary
jra_188667,jra
ggw_124052,ggw
dkx_60119,dkx
gry_10454,gry
fwe_116108,fwe
lig_175402,lig
mua_215526,mua
stt_72680,stt
cmn_89963,cmn
top_196701,top
bhq_28584,bhq
ppk_53511,ppk
tkt_189282,tkt
eng_43598,eng
aly_97569,aly
sna_117853,sna
cmn_30819,cmn
ong_64394,ong
zdj_211731,zdj
kaa_47638,kaa
gvc_99844,gvc
aks_77790,aks
cmn_171285,cmn
nst_04978,nst
nfr_118241,nfr
snm_209619,snm
amh_03693,amh
qxu_32128,qxu
lhp_161860,lhp
aio_56579,aio
pht_45494,pht
bhi_184293,bhi
dag_37501,dag
ktz_46957,ktz
xtd_28822,xtd
mxv_107254,mxv
cjv_101045,cjv
kjd_220269,kjd
lok_190779,lok
mkd_213686,mkd
tqo_173397,tqo
rgs_160239,rgs
hat_68121,hat
sie_08283,sie
cjv_101043,cjv
bgj_109531,bgj
eng_43553,eng
hun_96139,hun
hed_11805,hed
tos_84742,tos
kno_82847,kno
tuy_27172,tuy
trq_82106,trq
sps_35045,sps
mzp_154743,mzp
xte_86355,xte
tbf_209567,tbf
ssw_54693,ssw
cav_179260,cav
tro_59367,tro
brx_11910,brx
eng_194318,eng
xkl_86370,xkl
kaa_47558,kaa
slc_85032,slc
nku_104705,nku
vie_94643,vie
mrm_10909,mrm
new_52404,new
wme_140096,wme
mzp_154748,mzp
nas_00705,nas
tso_53321,tso
twm_129980,twm
jul_32498,jul
mas_31157,mas
seh_33505,seh
tog_25426,tog
prs_44129,prs
ame_57257,ame
int_205430,int
trn_141511,trn
grt_105525,grt
xkv_162132,xkv
ybl_142142,ybl
kel_148318,kel
rif_101639,rif
hno_63677,hno
kay_03119,kay
fra_161115,fra
lis_56269,lis
spa_106102,spa
ymm_40848,ymm
bhb_165192,bhb
sil_81872,sil
cmn_28134,cmn
bcg_173821,bcg
dyo_67420,dyo
twm_129919,twm
gur_43902,gur
tbo_218758,tbo
blr_139688,blr
ubr_85418,ubr
tnv_141060,tnv
hld_03318,hld
nko_85812,nko
nxg_75307,nxg
nij_81520,nij
zul_109834,zul
spa_131098,spa
fra_190012,fra
dre_141964,dre
ind_186877,ind
fuq_129606,fuq
toq_06974,toq
mya_48395,mya
ilo_79523,ilo
nyd_203862,nyd
skr_195969,skr
wbp_109081,wbp
ewe_215826,ewe
sat_134500,sat
dig_160372,dig
oro_77325,oro
mak_188883,mak
snp_117678,snp
cme_204874,cme
mlk_194745,mlk
bac_26791,bac
shn_220174,shn
tca_13970,tca
bwi_127463,bwi
qud_07192,qud
ngl_146878,ngl
kqm_189228,kqm
bgr_15589,bgr
kvq_65944,kvq
nas_00664,nas
mas_31137,mas
cmn_89936,cmn
zul_109842,zul
soq_131336,soq
vmc_150628,vmc
gbm_33553,gbm
fuc_111520,fuc
otm_48676,otm
ken_55871,ken
nbl_10213,nbl
mie_101489,mie
mgh_65253,mgh
mtr_168372,mtr
sou_41808,sou
pua_101181,pua
lrm_178156,lrm
fub_214924,fub
lug_139230,lug
mym_185265,mym
rif_101655,rif
rif_101600,rif
mjx_98926,mjx
mln_44879,mln
pri_134246,pri
ewe_216003,ewe
twm_129914,twm
kiu_163224,kiu
mlk_194903,mlk
jra_104208,jra
xkl_44759,xkl
xuu_119361,xuu
por_66330,por
swp_137686,swp
uig_195891,uig
kqb_103141,kqb
fal_20601,fal
tqo_95467,tqo
fuf_180408,fuf
pad_199754,pad
eng_211491,eng
bfo_119882,bfo
btd_78006,btd
the_169616,the
mca_74281,mca
bxh_17501,bxh
dby_11781,dby
jaa_154191,jaa
tsz_105668,tsz
nso_217505,nso
gbe_23830,gbe
ifa_46562,ifa
kmz_80945,kmz
gjn_145994,gjn
mui_179637,mui
kpm_121483,kpm
shn_219923,shn
qvo_187761,qvo
snd_07304,snd
dje_77647,dje
tbo_218647,tbo
kam_75799,kam
dks_66190,dks
swb_54258,swb
gel_16259,gel
sgh_112818,sgh
cnh_164202,cnh
tdh_122978,tdh
aro_183848,aro
bqw_32523,bqw
acq_210388,acq
gbm_33613,gbm
lug_139164,lug
lao_85103,lao
mwf_35322,mwf
yam_105152,yam
yno_126522,yno
umb_193043,umb
tlp_110570,tlp
bgp_81163,bgp
sil_26042,sil
mfa_08110,mfa
mdr_191337,mdr
shk_09592,shk
lag_181546,lag
pmi_149551,pmi
kdj_16759,kdj
wsk_09511,wsk
dip_214692,dip
cik_169451,cik
jao_87754,jao
lva_124459,lva
ssn_187534,ssn
brg_23098,brg
pwg_06080,pwg
bmb_134564,bmb
mrd_73348,mrd
msc_67684,msc
kwd_172203,kwd
spp_114268,spp
sbu_75703,sbu
hau_203737,hau
mhi_80043,mhi
phk_119082,phk
top_196794,top
new_162311,new
gjk_57042,gjk
ztp_173490,ztp
vmw_75644,vmw
hnj_134008,hnj
tdv_197802,tdv
mug_213954,mug
zul_109882,zul
bhb_166355,bhb
hau_65308,hau
teq_184796,teq
dhi_135088,dhi
aec_178677,aec
bem_12744,bem
mau_09876,mau
zkr_145560,zkr
hnj_103402,hnj
bgr_15671,bgr
mup_31664,mup
lus_161512,lus
hin_29615,hin
lis_181075,lis
tro_59529,tro
wbp_108844,wbp
xuu_119429,xuu
adn_187180,adn
fvr_126217,fvr
awa_189638,awa
clt_202805,clt
rmb_108563,rmb
tzm_150890,tzm
suk_157697,suk
thm_22657,thm
ssi_157180,ssi
btt_65661,btt
ctd_203507,ctd
tcc_148137,tcc
aui_40260,aui
urb_13455,urb
lus_216572,lus
nxq_185057,nxq
som_100451,som
haj_196929,haj
guq_162901,guq
cns_74238,cns
rmy_218441,rmy
thq_46453,thq
lag_181581,lag
dyu_208695,dyu
gaz_59253,gaz
bfa_138259,bfa
mkd_213336,mkd
skg_64242,skg
szv_163364,szv
iws_25035,iws
kez_95067,kez
hau_136325,hau
quh_31299,quh
gax_60002,gax
gjn_146104,gjn
wog_204009,wog
cmn_221651,cmn
irk_165039,irk
kqo_44752,kqo
amr_126052,amr
rag_101357,rag
bca_145311,bca
yao_39555,yao
cni_189483,cni
sru_155602,sru
cmn_122182,cmn
new_195174,new
sei_18978,sei
las_60760,las
tbc_35166,tbc
nfd_142193,nfd
mfc_184921,mfc
swh_120673,swh
mfg_221274,mfg
pil_70865,pil
tpq_119267,tpq
dyo_190966,dyo
bhr_60581,bhr
srz_60218,srz
tbo_132982,tbo
mqu_85766,mqu
srr_181598,srr
wbp_108874,wbp
yyu_41286,yyu
tts_13571,tts
aiw_111816,aiw
lin_36079,lin
jav_01200,jav
doz_127802,doz
mos_159569,mos
gum_221308,gum
tlr_156441,tlr
kgk_26220,kgk
mep_115160,mep
izr_121827,izr
kor_02871,kor
tuy_27302,tuy
mzz_183993,mzz
jab_124784,jab
plt_168982,plt
mek_64760,mek
tao_103891,tao
bgz_176273,bgz
zyn_83759,zyn
skr_196143,skr
slc_85037,slc
yue_32860,yue
por_66353,por
der_43625,der
ron_100943,ron
loz_108247,loz
tnv_141038,tnv
sbd_185592,sbd
urb_13472,urb
oki_78783,oki
lus_161607,lus
kno_82786,kno
rgs_160356,rgs
eng_194213,eng
eyo_91862,eyo
lao_10127,lao
cmn_163263,cmn
dzl_143195,dzl
bby_66725,bby
ngc_34789,ngc
pov_171508,pov
dig_160539,dig
bqr_187717,bqr
qvj_33843,qvj
fuh_176079,fuh
kud_102876,kud
tpi_49092,tpi
jbj_94060,jbj
guu_85725,guu
mwm_213773,mwm
nan_134976,nan
swh_67222,swh
jab_124796,jab
koe_96766,koe
hve_155906,hve
som_100480,som
khk_37008,khk
lue_166706,lue
agl_133822,agl
mcf_105904,mcf
gor_70504,gor
mar_163963,mar
nij_38469,nij
maz_133484,maz
mwc_128896,mwc
apd_137433,apd
khg_34380,khg
maa_172022,maa
hye_218071,hye
dde_199447,dde
sru_155670,sru
emk_214330,emk
mhy_203598,mhy
jra_188613,jra
yoy_99070,yoy
lew_107480,lew
srp_10669,srp
trp_163628,trp
fuf_128086,fuf
mfv_05874,mfv
kri_21476,kri
bfb_02524,bfb
xsu_215595,xsu
xdy_203176,xdy
bcf_10621,bcf
kue_63071,kue
hea_76080,hea
lur_12262,lur
faa_152991,faa
sat_134529,sat
aec_178640,aec
bam_71307,bam
fli_22756,fli
tyz_129490,tyz
cro_152596,cro
hau_136435,hau
ldi_212677,ldi
bxh_17290,bxh
lao_10051,lao
<unk>_170465,<unk>
kfp_80695,kfp
ozm_175719,ozm
kbl_78997,kbl
ask_189663,ask
xsu_05751,xsu
doy_32725,doy
dad_38104,dad
kdt_161921,kdt
lyn_28762,lyn
bis_61133,bis
lhm_154067,lhm
maw_171037,maw
bit_164728,bit
zbc_188567,zbc
arz_109613,arz
npi_29971,npi
agb_149500,agb
hat_68107,hat
saq_97429,saq
blw_200669,blw
enl_127668,enl
bxh_17632,bxh
bvc_73301,bvc
kue_63177,kue
nag_05204,nag
gur_43814,gur
tsc_162028,tsc
pkb_32698,pkb
fra_181759,fra
vah_07614,vah
cmn_61754,cmn
yal_171682,yal
mup_183581,mup
adx_70590,adx
dhg_14823,dhg
mfo_203346,mfo
coh_152365,coh
mfi_192285,mfi
min_221609,min
srx_126695,srx
sjl_66946,sjl
bem_12813,bem
ces_183246,ces
lun_09158,lun
jge_178042,jge
pga_166842,pga
sfm_203715,sfm
msy_19191,msy
rug_188355,rug
skg_64127,skg
yor_202621,yor
djr_190515,djr
gur_47071,gur
tsn_200337,tsn
sqq_64791,sqq
crc_172453,crc
onp_107603,onp
nni_141309,nni
cjv_101052,cjv
hmo_54071,hmo
seg_90456,seg
apc_180234,apc
nst_87526,nst
mks_12067,mks
yrl_80504,yrl
hak_206493,hak
kaa_47548,kaa
tog_25420,tog
tov_55224,tov
jkp_103374,jkp
tuc_16665,tuc
dhw_114565,dhw
lbj_196238,lbj
wme_139976,wme
umb_192854,umb
nst_221067,nst
kin_120946,kin
Cameroon_94770,Cameroon
nim_38175,nim
nyy_69852,nyy
lun_09153,lun
spt_171543,spt
gur_47157,gur
msc_67720,msc
tgl_12999,tgl
bjg_69257,bjg
kcg_93994,kcg
txu_94366,txu
eng_88382,eng
dgg_44554,dgg
cnh_188902,cnh
zgb_75575,zgb
pri_134280,pri
jpn_156941,jpn
kaa_47619,kaa
tdx_113196,tdx
gnn_208227,gnn
pol_204959,pol
bhw_03823,bhw
ind_186524,ind
bzy_189583,bzy
apc_184379,apc
tvs_00220,tvs
cnk_00385,cnk
bvu_100100,bvu
atd_65501,atd
nst_87525,nst
yuj_78156,yuj
rab_39856,rab
sot_38996,sot
mdd_11089,mdd
cub_183382,cub
orc_50403,orc
wbf_185240,wbf
yim_98013,yim
zpz_83307,zpz
tso_53263,tso
mfa_08082,mfa
xed_14765,xed
lul_179213,lul
bbr_70219,bbr
unr_151292,unr
kei_167719,kei
iba_54900,iba
dww_51282,dww
amh_03507,amh
por_191775,por
mzj_157028,mzj
pga_167063,pga
pil_70850,pil
nyf_173093,nyf
mal_76542,mal
byc_45906,byc
yao_182899,yao
bem_12940,bem
swo_70893,swo
fub_215055,fub
xkl_56720,xkl
vaf_36886,vaf
rel_214622,rel
mey_184359,mey
als_06475,als
dig_160378,dig
ubr_85340,ubr
lhi_118554,lhi
ben_151623,ben
ptu_21783,ptu
tdx_113322,tdx
fal_20594,fal
gjk_22364,gjk
khw_46788,khw
pga_167121,pga
mhy_203588,mhy
vaj_98070,vaj
nlu_68551,nlu
wad_88866,wad
nmn_51669,nmn
yrl_80604,yrl
xho_176007,xho
duu_216140,duu
ayr_187932,ayr
lbx_99446,lbx
kzr_155502,kzr
lic_197423,lic
nxa_171854,nxa
apb_134474,apb
mas_31206,mas
swb_54421,swb
mho_104008,mho
wbf_130112,wbf
pof_31559,pof
jav_83473,jav
pis_143931,pis
kuy_88784,kuy
hrv_184433,hrv
fuh_133147,fuh
knc_201056,knc
gvo_28292,gvo
wme_140100,wme
eng_211469,eng
ben_125348,ben
plt_169056,plt
kud_103018,kud
ybl_142147,ybl
pmi_149592,pmi
seg_90475,seg
sbe_167552,sbe
bxk_12600,bxk
arb_74753,arb
nco_77272,nco
arb_74799,arb
sui_110130,sui
mjz_89671,mjz
qxu_32126,qxu
bxh_17223,bxh
llg_132216,llg
bmf_124424,bmf
mim_192717,mim
kwe_11515,kwe
mde_112600,mde
kan_60365,kan
mym_185272,mym
xkl_180683,xkl
mwt_221546,mwt
xdo_04837,xdo
cdj_87127,cdj
xdo_04809,xdo
gcf_109512,gcf
ctd_203501,ctd
plv_185009,plv
sps_35024,sps
luo_207193,luo
qvm_154920,qvm
mai_79730,mai
kuj_205077,kuj
seh_33207,seh
tga_163267,tga
buh_24255,buh
mvv_07617,mvv
mkd_213450,mkd
bem_12804,bem
pis_143858,pis
pwg_06067,pwg
frd_12000,frd
xkl_104334,xkl
fra_160954,fra
far_153265,far
wli_01418,wli
loz_108383,loz
mya_130424,mya
tso_53215,tso
clo_34929,clo
hix_126834,hix
lic_52258,lic
sat_70537,sat
quh_19104,quh
wed_185144,wed
knl_179722,knl
ksg_194059,ksg
bvu_68977,bvu
nst_221073,nst
men_61038,men
rab_39788,rab
tdf_208564,tdf
jge_178021,jge
twm_129927,twm
klr_23789,klr
bgr_15660,bgr
tzh_84658,tzh
bns_219704,bns
iba_57929,iba
wlv_162913,wlv
rab_39860,rab
dks_66137,dks
esh_03053,esh
bgr_63906,bgr
mxj_09418,mxj
hmj_97953,hmj
kmk_87074,kmk
zac_16066,zac
ssi_157160,ssi
khj_138694,khj
sce_80304,sce
lue_166612,lue
ewe_03280,ewe
mhi_80045,mhi
kru_199573,kru
por_95435,por
sly_169478,sly
gvo_28407,gvo
dks_66165,dks
csk_218353,csk
lma_178917,lma
hts_58733,hts
gvr_29036,gvr
nst_19722,nst
age_206128,age
Zambia_35479,Zambia
mbz_150745,mbz
zlm_24403,zlm
new_204651,new
lus_161513,lus
oia_110781,oia
fuh_133271,fuh
fuf_180520,fuf
btt_111025,btt
eng_211415,eng
mas_31026,mas
orc_49908,orc
bgr_15628,bgr
ben_149773,ben
gby_118717,gby
vmk_05459,vmk
bwi_127487,bwi
jid_148525,jid
bby_66713,bby
lpo_24335,lpo
msi_16613,msi
ces_183258,ces
mxn_95831,mxn
kam_75912,kam
ola_155205,ola
gax_03196,gax
srp_10808,srp
mkc_52903,mkc
yrl_80537,yrl
nyn_201650,nyn
kbp_204102,kbp
zpj_147841,zpj
amk_150052,amk
grt_180335,grt
bfg_31946,bfg
nmf_10362,nmf
cux_02906,cux
kha_112252,kha
bdi_79628,bdi
pln_47348,pln
tum_32243,tum
pce_79367,pce
gun_202202,gun
mvg_41061,mvg
sot_38988,sot
uzn_45195,uzn
gvc_99915,gvc
pof_31573,pof
tuy_27173,tuy
pov_171419,pov
mlu_219540,mlu
eng_43162,eng
thd_06279,thd
rug_188363,rug
skr_196043,skr
cni_197656,cni
spa_131079,spa
mmm_144417,mmm
mrl_218182,mrl
tts_13573,tts
bon_122299,bon
dib_119199,dib
zap_211029,zap
tds_128786,tds
ssy_16327,ssy
por_95296,por
emk_214371,emk
avu_123381,avu
tha_52623,tha
bxk_57785,bxk
nka_158581,nka
uig_195878,uig
cmn_28179,cmn
tro_59385,tro
apc_12208,apc
rol_153157,rol
bvd_129348,bvd
tam_82370,tam
sbd_185781,sbd
sdo_180192,sdo
ndy_60606,ndy
mya_165420,mya
nsm_172555,nsm
mkd_213456,mkd
swp_137584,swp
mxa_39953,mxa
gnn_208220,gnn
kvv_82134,kvv
gup_208081,gup
bvd_129428,bvd
mwq_30587,mwq
kaz_120481,kaz
mvf_143444,mvf
dir_178624,dir
xav_115810,xav
bhq_28591,bhq
gbm_33536,gbm
ppi_80796,ppi
lri_39076,lri
npb_141197,npb
lbx_204416,lbx
guc_176497,guc
slk_192145,slk
dhw_114545,dhw
jpn_156967,jpn
yml_84041,yml
ttv_190906,ttv
mjz_89665,mjz
nyd_203918,nyd
dhm_186257,dhm
adl_106742,adl
ttr_163828,ttr
fub_214932,fub
aln_92075,aln
csh_42236,csh
acm_139007,acm
Zambia_200924,Zambia
rgs_160274,rgs
<unk>_92645,<unk>
zpq_107334,zpq
kgk_26150,kgk
loz_108353,loz
awi_25682,awi
qul_58200,qul
tkd_141378,tkd
akh_150502,akh
wbf_210636,wbf
bkq_209646,bkq
say_73007,say
mks_163731,mks
ben_144322,ben
hvn_153652,hvn
kge_18022,kge
acz_138001,acz
lbj_196237,lbj
fuh_176078,fuh
ary_177057,ary
bzu_148623,bzu
tam_82381,tam
dip_01868,dip
xte_86348,xte
gab_182224,gab
anw_170596,anw
tuy_27391,tuy
<unk>_31771,<unk>
kss_200805,kss
vut_124816,vut
xkf_65917,xkf
por_95353,por
gvr_29023,gvr
enx_49575,enx
kqp_90328,kqp
zgb_06252,zgb
tel_214836,tel
lis_12680,lis
lhp_161822,lhp
gui_53696,gui
kps_19440,kps
new_172771,new
kfg_200846,kfg
mbp_27039,mbp
cta_105197,cta
thf_158206,thf
txu_94321,txu
vmk_05600,vmk
alk_99430,alk
knl_55768,knl
ong_64386,ong
ukr_24122,ukr
mop_221094,mop
lbf_06865,lbf
bsf_210684,bsf
trp_163560,trp
byc_45872,byc
wmt_154531,wmt
pav_34429,pav
ntj_209077,ntj
adi_20383,adi
myx_03783,myx
jav_86568,jav
eng_65018,eng
eng_58354,eng
mln_44882,mln
xon_47871,xon
rol_153062,rol
wuv_149153,wuv
run_104523,run
ish_146221,ish
mau_24609,mau
adx_87838,adx
bhi_184256,bhi
plt_168901,plt
<unk>_170427,<unk>
ppq_148703,ppq
arz_109573,arz
pbo_106474,pbo
tam_82363,tam
ndc_160034,ndc
lwo_172376,lwo
snv_07904,snv
aim_123483,aim
urd_35824,urd
mzp_154773,mzp
skg_64262,skg
dhw_114557,dhw
ggb_213852,ggb
kgk_26166,kgk
blb_135685,blb
lbf_19569,lbf
dir_178621,dir
khg_143178,khg
ngu_175166,ngu
orc_50001,orc
kaz_120470,kaz
bjg_69321,bjg
faa_153039,faa
dug_158779,dug
awu_18941,awu
stk_91177,stk
cek_13706,cek
rjs_138571,rjs
emk_111983,emk
mme_154309,mme
iar_59742,iar
eyo_91985,eyo
yue_32889,yue
afr_08531,afr
tav_149263,tav
xtc_203331,xtc
grt_75086,grt
lin_36156,lin
zab_25585,zab
kmn_01790,kmn
men_202852,men
bum_79486,bum
kmr_59012,kmr
pbu_184572,pbu
skr_195970,skr
nhd_115530,nhd
rml_60419,rml
lbx_99444,lbx
ewe_03287,ewe
pmx_129077,pmx
whg_147711,whg
hus_46202,hus
tyv_157481,tyv
skr_196106,skr
xwe_212379,xwe
sun_86963,sun
usp_15769,usp
enq_57091,enq
aln_142581,aln
prs_44290,prs
yal_93578,yal
lun_09185,lun
khm_102468,khm
wme_140284,wme
chx_193308,chx
lwg_90874,lwg
lit_96554,lit
zac_16050,zac
bfw_217835,bfw
jmx_16483,jmx
haj_129750,haj
uzn_45215,uzn
afr_08386,afr
fij_183503,fij
dje_77701,dje
asy_193278,asy
sfw_125307,sfw
swp_66983,swp
nhr_145016,nhr
akh_150513,akh
bbr_70283,bbr
ndd_163294,ndd
yue_32806,yue
lwg_90878,lwg
wed_185115,wed
kiw_110174,kiw
ttc_79281,ttc
asm_137882,asm
dmo_01272,dmo
sse_84783,sse
slv_74549,slv
urd_35970,urd
ksu_121736,ksu
kam_75979,kam
hin_29308,hin
iii_70423,iii
orc_50311,orc
mrn_121884,mrn
dgi_20898,dgi
rim_215375,rim
zlm_88555,zlm
zab_118731,zab
yao_39474,yao
gno_211192,gno
pwg_06110,pwg
soq_131512,soq
gng_55177,gng
gvr_29082,gvr
saq_97389,saq
kmk_87077,kmk
zkr_145569,zkr
gnw_173283,gnw
bpr_164184,bpr
utr_20160,utr
wbr_110897,wbr
lga_190615,lga
mwm_213779,mwm
eng_194314,eng
quc_54953,quc
lus_161640,lus
npi_30371,npi
emk_111932,emk
srq_216765,srq
kik_152580,kik
swp_36848,swp
kjc_01125,kjc
fuf_128154,fuf
kjo_207647,kjo
kqs_199985,kqs
mhl_128643,mhl
xon_47758,xon
bem_12840,bem
amh_03639,amh
jpn_156973,jpn
atq_168107,atq
lae_156363,lae
kix_68608,kix
uzn_45148,uzn
kuj_205236,kuj
dwy_04079,dwy
bxh_17308,bxh
kgk_26124,kgk
yuz_71038,yuz
hif_159923,hif
wnc_175055,wnc
eto_25256,eto
suv_110889,suv
kor_85629,kor
lin_36373,lin
tpi_49156,tpi
pes_145759,pes
arg_147628,arg
emk_111953,emk
nxg_75301,nxg
gom_155386,gom
knm_56071,knm
kez_95066,kez
aey_73809,aey
guj_127287,guj
nim_38206,nim
dhm_186290,dhm
xon_47943,xon
gur_47031,gur
bdi_79595,bdi
kan_60323,kan
mkd_213383,mkd
aiw_111748,aiw
afr_08509,afr
bis_61287,bis
blb_154407,blb
kbp_204098,kbp
mjt_20522,mjt
tem_161231,tem
iws_25032,iws
kjo_207684,kjo
pce_79339,pce
mkd_213351,mkd
ddn_127253,ddn
rwr_40118,rwr
yaa_04650,yaa
tur_105003,tur
cbn_175575,cbn
nij_38450,nij
huv_179736,huv
gno_89153,gno
zps_193341,zps
asy_193277,asy
tro_59329,tro
cko_69400,cko
ngc_34579,ngc
saq_97421,saq
bgw_15181,bgw
hoe_114921,hoe
wed_09399,wed
twh_193433,twh
zlm_120054,zlm
fra_181756,fra
nbn_156288,nbn
clt_202802,clt
kei_19370,kei
iba_195905,iba
azb_116403,azb
eng_173927,eng
tsr_141148,tsr
mar_194427,mar
udu_129572,udu
shy_72943,shy
txu_94191,txu
als_06515,als
aiw_111701,aiw
maw_171101,maw
Zambia_109306,Zambia
klz_29725,klz
thf_157954,thf
mpt_156750,mpt
mau_09870,mau
boq_108177,boq
fra_161039,fra
cua_36744,cua
dsh_20974,dsh
mbu_146386,mbu
npi_213178,npi
ory_66556,ory
guj_189126,guj
bvu_69030,bvu
nab_40617,nab
lec_98392,lec
pof_31500,pof
pcn_36933,pcn
xtn_114412,xtn
cnh_164221,cnh
pbu_184541,pbu
mww_35453,mww
khq_92523,khq
yiu_115258,yiu
ktz_46994,ktz
pnb_215752,pnb
pse_178459,pse
bap_169682,bap
bkm_79981,bkm
wim_182351,wim
kqj_130033,kqj
cta_105214,cta
gvr_29198,gvr
lma_02618,lma
apz_137206,apz
dip_104092,dip
awa_209452,awa
raa_133039,raa
aui_40351,aui
lok_37950,lok
rgs_160130,rgs
sbe_167628,sbe
fub_162223,fub
fub_215051,fub
bjg_69254,bjg
xla_22568,xla
tpe_46327,tpe
msc_67707,msc
seh_33485,seh
dtb_165156,dtb
seh_33333,seh
twh_137039,twh
dhg_14813,dhg
hak_56004,hak
awi_25696,awi
rel_214596,rel
ssi_157206,ssi
bmf_124343,bmf
zdj_211724,zdj
ntj_209205,ntj
thf_157887,thf
zab_25566,zab
aly_97526,aly
mcn_53665,mcn
kdh_124703,kdh
mpj_183649,mpj
tgs_188076,tgs
the_94788,the
kud_102882,kud
fra_112539,fra
ums_154281,ums
zpj_147886,zpj
ben_125828,ben
bxg_196393,bxg
nas_00693,nas
eng_194267,eng
ish_146225,ish
aeb_68156,aeb
mrr_199189,mrr
emk_112030,emk
nwi_168809,nwi
mrr_05849,mrr
bgr_63968,bgr
wbm_217336,wbm
tty_157494,tty
men_202913,men
luo_207217,luo
bvd_129448,bvd
emp_89212,emp
brq_81436,brq
xkf_65927,xkf
lmn_134612,lmn
bbr_70313,bbr
tum_32221,tum
mpj_183737,mpj
ass_72584,ass
bqc_168664,bqc
thr_80878,thr
cjm_75372,cjm
mgw_68230,mgw
kph_06323,kph
lec_98413,lec
swp_137576,swp
arr_49834,arr
aec_178673,aec
bmu_149524,bmu
yij_98612,yij
msi_16603,msi
lbf_19588,lbf
agr_170508,agr
tam_82503,tam
ktz_18884,ktz
mfz_135454,mfz
lhm_154046,lhm
lrm_178228,lrm
twe_118150,twe
ria_74058,ria
awa_73815,awa
ary_176989,ary
poe_31390,poe
vmk_05633,vmk
duc_14427,duc
ksw_36725,ksw
dny_127086,dny
tam_82422,tam
oki_78966,oki
Zambia_35492,Zambia
raw_102697,raw
ish_146206,ish
cgk_121577,cgk
shn_220049,shn
xuu_119542,xuu
nab_85570,nab
gnk_182759,gnk
ita_41037,ita
xks_154448,xks
dmw_142855,dmw
sdr_93878,sdr
duw_210944,duw
soq_131418,soq
koe_96778,koe
mbp_27037,mbp
gvr_29006,gvr
lif_01700,lif
mca_74283,mca
xns_186350,xns
koe_96789,koe
nhb_72693,nhb
fuc_111474,fuc
tro_59366,tro
mdd_11084,mdd
soy_53572,soy
taw_159233,taw
lus_161649,lus
mjt_132339,mjt
top_196753,top
ben_125687,ben
nhd_115516,nhd
hus_122694,hus
afr_08580,afr
zik_11190,zik
goj_52157,goj
dyo_191101,dyo
bxs_44547,bxs
mnl_40580,mnl
kwf_103834,kwf
teo_142642,teo
spa_131255,spa
mdy_11246,mdy
plc_32433,plc
kwx_74035,kwx
gbm_112910,gbm
eng_43165,eng
kmz_80953,kmz
zne_108064,zne
kff_30771,kff
bgz_176291,bgz
mzm_170242,mzm
kfe_07563,kfe
mxv_107183,mxv
tsn_200295,tsn
spa_106063,spa
xho_175944,xho
bvu_42025,bvu
taw_159240,taw
eng_43215,eng
tpi_48924,tpi
aiw_111853,aiw
zac_16044,zac
tsb_81601,tsb
png_48697,png
fuf_94750,fuf
nid_115968,nid
lsm_95728,lsm
mxp_116962,mxp
sui_110158,sui
bxk_12472,bxk
lbo_137761,lbo
xkl_44811,xkl
zac_140918,zac
kqp_90077,kqp
ikx_102709,ikx
yue_32756,yue
kdh_124615,kdh
shn_144719,shn
lnd_89992,lnd
tca_13864,tca
tab_197512,tab
skt_14683,skt
eng_43123,eng
pis_143774,pis
guj_211657,guj
kgp_00468,kgp
dhg_14872,dhg
kvf_179502,kvf
dan_66906,dan
rug_188370,rug
auc_174209,auc
fue_192508,fue
crn_197652,crn
mkw_180845,mkw
mbj_158433,mbj
bcc_153514,bcc
gax_177310,gax
nes_08893,nes
gnk_182786,gnk
hut_149942,hut
dks_66298,dks
mwf_35444,mwf
nos_38748,nos
vkl_169390,vkl
jda_211995,jda
cko_69474,cko
men_202853,men
mgh_65279,mgh
mqj_65851,mqj
twm_129917,twm
ert_125342,ert
bhb_154359,bhb
bxk_132662,bxk
tro_59516,tro
top_196588,top
spa_106282,spa
lnd_119817,lnd
mnb_121243,mnb
thq_46462,thq
sjm_100407,sjm
tva_153882,tva
drd_54799,drd
sot_38889,sot
lao_85042,lao
bis_61176,bis
xon_47913,xon
geb_133733,geb
tsn_200391,tsn
sun_86852,sun
vmk_05636,vmk
suk_157621,suk
lsm_95629,lsm
ass_178056,ass
ssi_157139,ssi
gax_59900,gax
khq_92488,khq
men_202921,men
wms_105758,wms
kbp_172076,kbp
pan_71714,pan
viv_169899,viv
qxp_43669,qxp
kzq_98697,kzq
nid_115957,nid
lwg_90919,lwg
bmf_124371,bmf
nhr_144995,nhr
kqs_20735,kqs
eng_173905,eng
nas_00713,nas
mai_198516,mai
lax_60682,lax
awa_73860,awa
mip_37801,mip
ubr_85506,ubr
grt_124901,grt
shj_220484,shj
lbk_165851,lbk
txa_115054,txa
ktz_18864,ktz
vie_94615,vie
jul_32440,jul
lub_169161,lub
log_73406,log
dag_37480,dag
grt_75012,grt
ndd_163289,ndd
wme_139869,wme
tgs_188085,tgs
acn_217223,acn
mho_103934,mho
guz_54628,guz
sld_184533,sld
sil_25824,sil
xdy_137823,xdy
kjl_76669,kjl
tzo_115166,tzo
xon_47877,xon
bxk_57765,bxk
ifu_195781,ifu
kaa_47622,kaa
zab_25579,zab
dur_189412,dur
ssn_187521,ssn
kin_120746,kin
mui_66432,mui
djo_133367,djo
dkx_60152,dkx
gis_196411,gis
ted_24313,ted
urk_177986,urk
xog_155073,xog
mjt_132344,mjt
kan_60336,kan
mzb_00043,mzb
gis_196436,gis
soq_131841,soq
cnk_147084,cnk
bbr_70295,bbr
dzg_05422,dzg
por_95213,por
sfw_125127,sfw
twu_105233,twu
lue_166739,lue
gjn_146093,gjn
adx_87835,adx
fuf_180658,fuf
ktm_149123,ktm
skr_196123,skr
syl_116653,syl
hak_69536,hak
iba_54165,iba
ztp_173453,ztp
bwu_201446,bwu
bfu_169347,bfu
gum_221365,gum
sym_25612,sym
gah_106793,gah
kps_19435,kps
mpm_02155,mpm
gux_117274,gux
ebo_139276,ebo
mhw_22874,mhw
qvo_187828,qvo
kor_85621,kor
vaj_103557,vaj
ngc_34800,ngc
bvr_94505,bvr
thy_200171,thy
gga_172861,gga
tdt_179101,tdt
mas_31134,mas
loq_11098,loq
mls_90947,mls
pis_143992,pis
llg_132264,llg
sna_117963,sna
btx_04968,btx
wbm_217298,wbm
bwu_201437,bwu
cch_177444,cch
brd_183024,brd
ewo_80814,ewo
tel_70801,tel
mas_218274,mas
esg_187014,esg
lus_216604,lus
gog_74851,gog
vie_84325,vie
kdj_16810,kdj
mej_78542,mej
ban_49270,ban
ayu_12136,ayu
qxu_32000,qxu
lot_96037,lot
tvk_150308,tvk
cbs_184685,cbs
ade_118853,ade
pad_199746,pad
bjg_69213,bjg
fla_171946,fla
gri_211931,gri
mbb_181188,mbb
pln_47422,pln
kdh_124694,kdh
tsj_28990,tsj
ibd_12652,ibd
jle_118707,jle
kdj_16896,kdj
knl_179731,knl
mck_169798,mck
bxh_17389,bxh
mkd_213432,mkd
gbe_23845,gbe
pko_142878,pko
pis_143899,pis
xog_155091,xog
arh_128467,arh
soe_164792,soe
arb_170361,arb
aot_182004,aot
bgt_15343,bgt
bis_61215,bis
otd_167309,otd
tis_177723,tis
bht_24462,bht
eng_211293,eng
scg_95903,scg
<unk>_118473,<unk>
mwn_06676,mwn
sbd_185490,sbd
bxk_12450,bxk
nof_115126,nof
xkl_49614,xkl
lug_139114,lug
mop_221098,mop
lif_14657,lif
xuu_119513,xuu
mkd_213666,mkd
lus_161684,lus
nwb_164756,nwb
pce_102123,pce
eng_88405,eng
tsn_200462,tsn
cdj_87150,cdj
zab_110508,zab
kqs_20709,kqs
enq_216997,enq
guj_189072,guj
kqp_90257,kqp
nso_217490,nso
cnh_164401,cnh
mkc_52909,mkc
gvo_28434,gvo
wmw_115661,wmw
lir_141361,lir
knu_205972,knu
ben_125728,ben
sgb_14187,sgb
bxh_17430,bxh
hno_63753,hno
zlm_196348,zlm
bod_26579,bod
vmk_05491,vmk
lom_19526,lom
nhr_145017,nhr
nyj_161448,nyj
tke_123122,tke
khk_37122,khk
seh_33417,seh
xwl_73446,xwl
kde_45952,kde
kay_03124,kay
skd_51841,skd
tzm_150831,tzm
ceg_35279,ceg
skr_196145,skr
ben_125404,ben
dhm_186284,dhm
xkc_77737,xkc
ben_125719,ben
lot_96029,lot
trp_163573,trp
blt_203351,blt
dde_199452,dde
teo_142802,teo
gvp_55787,gvp
gvc_99886,gvc
kbp_54988,kbp
nan_56624,nan
nst_87635,nst
quh_19152,quh
dre_141982,dre
zas_216212,zas
sou_41841,sou
xem_144791,xem
kqs_20768,kqs
hif_159963,hif
spa_130927,spa
arn_82013,arn
csh_198222,csh
pao_203251,pao
urb_13456,urb
kqs_200040,kqs
kwa_82992,kwa
mie_101507,mie
kmp_184320,kmp
bkx_152209,bkx
yml_83913,yml
bxh_17528,bxh
obo_114113,obo
lpn_174184,lpn
enx_221208,enx
mjt_132366,mjt
kuj_205070,kuj
haj_196987,haj
kvx_193943,kvx
emk_111921,emk
dzo_136137,dzo
mib_81182,mib
wlo_139561,wlo
lae_156384,lae
gaj_207876,gaj
nas_00805,nas
ndo_26358,ndo
ntj_209035,ntj
kck_150128,kck
tke_123164,tke
gah_106772,gah
kmt_79765,kmt
nyk_38365,nyk
sdr_93837,sdr
jmx_16472,jmx
bhb_165196,bhb
mqj_65835,mqj
vaj_98072,vaj
kml_87899,kml
iru_121521,iru
mup_183610,mup
xmf_120418,xmf
xuu_206893,xuu
kxp_119314,kxp
mpx_124908,mpx
fra_181886,fra
shn_219980,shn
gui_191209,gui
mos_159718,mos
ron_100731,ron
slv_74614,slv
gjk_22326,gjk
ktv_19446,ktv
kgk_26118,kgk
swc_186102,swc
guj_189003,guj
kfx_117198,kfx
mgw_68410,mgw
mfd_59568,mfd
uth_150688,uth
soa_53854,soa
dje_77699,dje
mni_148853,mni
ssw_147129,ssw
pse_202655,pse
aix_101390,aix
grt_180344,grt
asc_121329,asc
ven_212114,ven
mio_162671,mio
zkd_34514,zkd
shb_58418,shb
nhe_197319,nhe
mhw_22881,mhw
sba_105427,sba
ksm_44839,ksm
trp_163484,trp
fra_160747,fra
mkw_180761,mkw
mog_118702,mog
kdj_16856,kdj
xkk_27699,xkk
spa_27567,spa
lus_161671,lus
kdh_124567,kdh
hak_69488,hak
swh_67082,swh
ica_75141,ica
gaz_59118,gaz
opm_142281,opm
pmy_165497,pmy
bhb_165174,bhb
ssi_157306,ssi
xkb_132907,xkb
kmy_124734,kmy
qxn_180974,qxn
ulu_20310,ulu
suz_24601,suz
bvu_69073,bvu
bwu_201466,bwu
aln_92334,aln
bee_117539,bee
sbx_64859,sbx
ycl_195822,ycl
afu_194659,afu
eto_25247,eto
uig_195850,uig
rus_113833,rus
bsk_198612,bsk
cik_169431,cik
hin_29590,hin
amr_126002,amr
tke_123304,tke
yao_39443,yao
tlr_214144,tlr
djo_56974,djo
tis_177726,tis
trp_163512,trp
vmw_122012,vmw
kyu_209997,kyu
awu_18956,awu
tts_13576,tts
mjt_20523,mjt
dzo_136123,dzo
mhi_80095,mhi
yon_89364,yon
soq_131591,soq
fub_214965,fub
kqs_199976,kqs
wsk_09499,wsk
kib_20910,kib
bru_165005,bru
gvo_28466,gvo
bis_61405,bis
hno_63778,hno
llg_132233,llg
mif_215135,mif
eng_88252,eng
bof_124544,bof
ksg_194099,ksg
bmk_123571,bmk
nna_195595,nna
snd_07247,snd
txu_94357,txu
aoe_115433,aoe
lep_107530,lep
lgr_130581,lgr
kmt_79808,kmt
yaa_04603,yaa
wme_140003,wme
ben_125704,ben
xsm_220443,xsm
fra_181800,fra
ibo_165317,ibo
mya_48402,mya
bku_121638,bku
bla_207434,bla
are_99589,are
nzb_56101,nzb
are_99662,are
onp_107605,onp
rgs_160291,rgs
xra_94962,xra
def_183491,def
thm_22656,thm
gnn_208150,gnn
tcu_147241,tcu
saq_97206,saq
sne_109209,sne
pce_102109,pce
mlk_194893,mlk
tum_32312,tum
uig_101863,uig
wbp_108963,wbp
gur_43863,gur
chf_163642,chf
hml_201888,hml
eng_173995,eng
guj_175789,guj
mhy_203567,mhy
nac_48622,nac
dta_87716,dta
iru_145355,iru
bee_133877,bee
yml_83918,yml
knu_205966,knu
hno_63765,hno
pbo_106437,pbo
ndo_26332,ndo
dty_66475,dty
ben_99765,ben
tgj_49712,tgj
mxv_107096,mxv
bxh_17270,bxh
quh_31313,quh
pan_216163,pan
mey_184335,mey
cni_197767,cni
hye_218073,hye
thy_200144,thy
yrl_80587,yrl
som_100506,som
kmp_184319,kmp
fuh_133211,fuh
gax_59939,gax
afe_98346,afe
ctl_168192,ctl
suk_157580,suk
vra_142114,vra
dde_199311,dde
ygr_41133,ygr
por_191918,por
<unk>_118458,<unk>
ame_57245,ame
eng_43180,eng
wme_139891,wme
kwi_98343,kwi
wrs_120022,wrs
ese_117426,ese
ses_165943,ses
say_72979,say
mcd_77937,mcd
xmz_11650,xmz
bbr_70317,bbr
bgc_70078,bgc
dww_51278,dww
tsx_177678,tsx
mve_107728,mve
rml_60439,rml
knu_205956,knu
hin_29406,hin
aez_79878,aez
kvx_193927,kvx
ces_183239,ces
dby_11791,dby
isn_162535,isn
bye_199814,bye
bfa_127363,bfa
rki_159069,rki
mfc_184895,mfc
kdq_02996,kdq
tdx_113145,tdx
tbz_26843,tbz
pof_31562,pof
wme_140198,wme
ary_177158,ary
ses_165941,ses
pis_143741,pis
mdd_11088,mdd
bdq_05159,bdq
guc_176420,guc
dta_87689,dta
acq_210463,acq
blk_119776,blk
men_61023,men
suz_165106,suz
tcn_83199,tcn
bcc_153502,bcc
grt_115215,grt
hin_29274,hin
aaz_116482,aaz
pln_47296,pln
kji_101734,kji
wed_09369,wed
hat_67869,hat
eng_88487,eng
bvc_73243,bvc
mrr_188471,mrr
swk_126432,swk
gew_185442,gew
kgk_26169,kgk
yao_39212,yao
arz_109588,arz
esg_82220,esg
lnd_163167,lnd
nuy_62648,nuy
png_48695,png
ldi_212665,ldi
dos_139387,dos
bun_04372,bun
heb_27487,heb
fra_181728,fra
mpx_124937,mpx
hin_29291,hin
gvo_28363,gvo
lkr_114305,lkr
trd_18195,trd
mxx_89928,mxx
jra_104219,jra
bwi_127533,bwi
pan_55264,pan
bei_101330,bei
plc_32397,plc
bos_211762,bos
sna_117702,sna
rkm_86720,rkm
mim_126991,mim
zap_211037,zap
gax_60093,gax
som_100571,som
acz_137943,acz
hne_162984,hne
shi_194165,shi
cnh_164318,cnh
kwn_10509,kwn
wed_185107,wed
aso_103903,aso
xsr_165299,xsr
gbe_23843,gbe
her_23421,her
bxk_57666,bxk
bug_109229,bug
kuj_205148,kuj
csh_198146,csh
lot_96021,lot
mag_52131,mag
sxb_188173,sxb
dzo_136117,dzo
ifu_195784,ifu
vmk_05566,vmk
cnh_164386,cnh
slv_74413,slv
ese_117481,ese
mbz_150741,mbz
kam_75969,kam
skg_64098,skg
ubr_85467,ubr
tog_25456,tog
shn_126563,shn
bfd_40915,bfd
ssn_187614,ssn
cjv_100989,cjv
pmy_165784,pmy
ory_15905,ory
loa_144591,loa
sml_167261,sml
dks_66228,dks
bgt_15335,bgt
guq_162888,guq
ngu_175142,ngu
eng_43005,eng
nhw_11065,nhw
seh_33447,seh
kdp_64938,kdp
hin_29586,hin
pwg_06119,pwg
lot_96009,lot
iba_195936,iba
slk_192186,slk
aii_112172,aii
sna_117872,sna
jmd_116361,jmd
gid_99311,gid
swh_120576,swh
bod_66827,bod
kud_102844,kud
gjn_145944,gjn
jms_217710,jms
fuh_133265,fuh
bru_165014,bru
raa_132993,raa
bhb_166361,bhb
tpa_182550,tpa
oku_181955,oku
sil_25856,sil
eng_174127,eng
xsm_220385,xsm
gum_221364,gum
div_81345,div
bgr_63840,bgr
yal_171717,yal
por_95291,por
kyq_92026,kyq
nwi_144233,nwi
mjs_08835,mjs
soq_131541,soq
lbj_196206,lbj
ncr_73938,ncr
abi_123792,abi
jmx_16532,jmx
tdx_113271,tdx
lsm_95711,lsm
ptu_21750,ptu
zab_118743,zab
nuf_117499,nuf
pze_16568,pze
mkn_111115,mkn
sou_41745,sou
kib_20911,kib
rjs_138499,rjs
lbm_167668,lbm
sbd_185460,sbd
kaa_47637,kaa
eky_29924,eky
eng_43462,eng
fuc_68843,fuc
kue_63156,kue
mbo_14690,mbo
cfm_129150,cfm
saj_04541,saj
blm_84578,blm
tbz_26845,tbz
mfi_147312,mfi
mvf_61064,mvf
boq_108168,boq
zau_214258,zau
kmy_03721,kmy
tic_203126,tic
eng_43484,eng
suy_86626,suy
tvs_00297,tvs
bhj_119648,bhj
yao_39359,yao
bcq_116248,bcq
eng_71894,eng
nas_00794,nas
cul_164499,cul
jav_212283,jav
slu_103445,slu
skj_208904,skj
apr_177531,apr
fuh_11145,fuh
kan_60364,kan
djo_56993,djo
kan_60356,kan
gvo_04227,gvo
tcf_138971,tcf
fli_216970,fli
brr_98526,brr
tvs_00269,tvs
lla_60279,lla
nna_195618,nna
skr_141231,skr
trp_163613,trp
nas_00773,nas
mkk_57993,mkk
gvo_28308,gvo
tuk_93331,tuk
brr_98536,brr
ukr_24149,ukr
lwg_90749,lwg
lbj_196181,lbj
san_152102,san
kef_41356,kef
lbf_06887,lbf
bam_71347,bam
skg_64148,skg
kps_19415,kps
pmy_165667,pmy
mfz_135436,mfz
ind_186475,ind
ory_15914,ory
scu_49318,scu
khk_37037,khk
ben_125579,ben
dje_77623,dje
bgz_138443,bgz
sjm_100420,sjm
mzp_154567,mzp
mui_66455,mui
ary_79027,ary
mgw_68406,mgw
slk_192058,slk
mtp_129674,mtp
ibb_94054,ibb
cjo_93480,cjo
mnf_193594,mnf
cmn_28172,cmn
nyd_203790,nyd
tdh_123056,tdh
tog_25521,tog
kab_134889,kab
tke_123097,tke
anu_130553,anu
bgr_63898,bgr
itv_102742,itv
nbn_156306,nbn
ktu_134050,ktu
mlk_194729,mlk
auu_198971,auu
tpi_49016,tpi
wkd_121756,wkd
qul_58192,qul
soq_131848,soq
nma_148478,nma
khq_92478,khq
lus_161636,lus
mgh_65143,mgh
gnw_173328,gnw
fra_190088,fra
mzz_183941,mzz
rus_113884,rus
kyu_209960,kyu
wci_151824,wci
ktz_140613,ktz
sou_41619,sou
kna_01875,kna
kjo_207668,kjo
tuk_93270,tuk
shm_168282,shm
lug_139120,lug
gol_120350,gol
gis_196400,gis
abt_08990,abt
tuk_93094,tuk
djo_151437,djo
qud_07221,qud
tvk_150289,tvk
mos_159686,mos
thf_158345,thf
the_94814,the
ces_183074,ces
gjk_22365,gjk
rif_101647,rif
bfa_127373,bfa
gro_182923,gro
ron_100745,ron
nac_48596,nac
sdo_180191,sdo
cux_107319,cux
ksw_36679,ksw
kfq_42777,kfq
lua_96252,lua
las_141291,las
sie_08296,sie
plt_168983,plt
nst_45573,nst
kmt_79777,kmt
tpj_135628,tpj
mve_100002,mve
mos_159874,mos
bpr_164174,bpr
mnk_210713,mnk
kin_120953,kin
nyd_203993,nyd
raw_05077,raw
aly_97534,aly
bra_31835,bra
kub_05033,kub
roo_49235,roo
thq_165075,thq
twm_129774,twm
orc_128298,orc
cni_189481,cni
mim_192712,mim
mkd_213368,mkd
mfz_135254,mfz
ces_183273,ces
npi_84241,npi
tiv_114702,tiv
ceg_89773,ceg
prs_44248,prs
jdg_55696,jdg
kue_63102,kue
ssn_187591,ssn
kno_82871,kno
xsu_05762,xsu
auk_120361,auk
azj_164070,azj
her_23188,her
dik_36799,dik
eng_43478,eng
xav_115760,xav
cua_36770,cua
dhg_151578,dhg
qvm_154974,qvm
sng_21870,sng
khe_92855,khe
prf_135531,prf
tye_77861,tye
skr_84703,skr
ldi_212621,ldi
oku_181969,oku
pce_102094,pce
mkd_213631,mkd
peg_18517,peg
qvm_154817,qvm
yss_147431,yss
nst_87571,nst
saq_122572,saq
ppt_49554,ppt
ldi_212664,ldi
alu_110160,alu
snd_07292,snd
zlm_142410,zlm
kjc_01028,kjc
tji_175413,tji
soa_53836,soa
atq_168086,atq
kfq_42746,kfq
apd_137410,apd
kde_46001,kde
mxb_72262,mxb
uzn_45324,uzn
mhk_129243,mhk
ngu_72568,ngu
ayg_72476,ayg
mjx_98892,mjx
cmn_61765,cmn
hdy_82256,hdy
qvo_58017,qvo
bbp_162751,bbp
cmn_122123,cmn
txu_94394,txu
kdh_124675,kdh
sus_168413,sus
atq_168100,atq
nya_69898,nya
atq_168050,atq
prs_44288,prs
mgw_68318,mgw
aly_97652,aly
mie_101492,mie
snd_07429,snd
kmr_58969,kmr
eng_43025,eng
kwe_11528,kwe
blk_119790,blk
spa_27602,spa
fub_214963,fub
nza_127136,nza
yal_93607,yal
soy_53566,soy
srn_163661,srn
eng_211344,eng
iii_70455,iii
med_34981,med
yde_47180,yde
gju_144639,gju
ium_85159,ium
wlo_139573,wlo
mgd_49743,mgd
hau_136328,hau
yet_73891,yet
acz_138166,acz
nos_38742,nos
nij_81519,nij
tcu_147269,tcu
pnq_152053,pnq
gum_221346,gum
lhu_178097,lhu
mfz_135267,mfz
eng_43244,eng
ben_99749,ben
swh_219280,swh
msc_67642,msc
khg_56503,khg
vaj_103584,vaj
mni_149039,mni
pri_134198,pri
ary_177118,ary
ssw_147132,ssw
iii_188093,iii
pko_142862,pko
gid_99318,gid
imo_52886,imo
wod_131987,wod
cas_158690,cas
shu_86535,shu
pov_171472,pov
ben_42381,ben
quh_19096,quh
xmz_80351,xmz
mza_56826,mza
cnh_164480,cnh
ium_146496,ium
tio_01840,tio
lma_02615,lma
tod_47996,tod
dde_199444,dde
tke_123095,tke
orc_49914,orc
bon_122310,bon
xub_151395,xub
ntu_152899,ntu
aiw_111683,aiw
fay_159377,fay
tyn_42635,tyn
npy_21020,npy
ssw_147090,ssw
hut_42012,hut
cmn_27946,cmn
pga_166857,pga
glr_33740,glr
pex_110672,pex
lir_141316,lir
mco_162281,mco
hun_96141,hun
shn_220014,shn
aon_143425,aon
knu_205900,knu
dik_53617,dik
grt_74958,grt
wci_151818,wci
gvo_28424,gvo
mas_31080,mas
bru_165012,bru
mve_107750,mve
ets_26757,ets
cmn_28236,cmn
knu_205996,knu
vmw_122042,vmw
bfh_07901,bfh
swh_67259,swh
dww_51308,dww
mfh_135851,mfh
deu_71174,deu
yaa_04700,yaa
npi_59602,npi
sna_184799,sna
shb_58417,shb
tby_01335,tby
gvr_20202,gvr
nhe_197327,nhe
pga_166963,pga
lug_139065,lug
lme_13482,lme
mum_193313,mum
ykm_150029,ykm
rif_109482,rif
nac_48600,nac
cmn_27968,cmn
djr_190361,djr
zlm_120049,zlm
gid_99333,gid
rol_153169,rol
unr_151326,unr
snk_209798,snk
tnl_197854,tnl
xkl_64495,xkl
vag_154342,vag
kby_81285,kby
yao_182882,yao
ula_206855,ula
the_94810,the
ayg_72506,ayg
afr_08713,afr
eyo_91841,eyo
cfa_09723,cfa
swh_219108,swh
nyf_173087,nyf
eng_88328,eng
cbn_175644,cbn
tso_53216,tso
dmo_01251,dmo
acz_138008,acz
iba_166756,iba
skx_120173,skx
sie_08252,sie
gno_02661,gno
bxk_57708,bxk
mup_31673,mup
mkw_180823,mkw
gup_55691,gup
thf_158283,thf
kbp_204115,kbp
ibg_86250,ibg
azd_102309,azd
njz_76206,njz
mni_163245,mni
mks_163724,mks
tke_123287,tke
suk_157755,suk
lok_38044,lok
nst_98000,nst
kef_41360,kef
skr_04423,skr
nke_173772,nke
snd_173728,snd
unr_105715,unr
tll_150981,tll
swp_137536,swp
sag_143467,sag
mxv_107043,mxv
ngu_72536,ngu
blb_44893,blb
dde_199453,dde
djr_190531,djr
apc_42617,apc
seg_90554,seg
cmn_61816,cmn
pis_143793,pis
zaf_02062,zaf
taj_62096,taj
moc_220899,moc
zas_213295,zas
mjz_89727,mjz
npi_30332,npi
koe_96709,koe
tvs_00182,tvs
grt_124872,grt
shr_221411,shr
por_191929,por
bis_61443,bis
jul_32487,jul
ind_186518,ind
thl_87297,thl
srq_216803,srq
kha_112208,kha
sxb_188201,sxb
sat_81706,sat
luo_207256,luo
mhi_80058,mhi
enq_57085,enq
bfz_55091,bfz
txu_94224,txu
gdb_13355,gdb
bye_199828,bye
knk_33565,knk
bho_72307,bho
nma_148503,nma
wme_140033,wme
gnn_208198,gnn
acz_138110,acz
kde_46002,kde
coc_109756,coc
abt_09034,abt
bgt_15333,bgt
mal_76543,mal
zyn_181144,zyn
mte_76908,mte
kuj_205191,kuj
kzi_68729,kzi
lbj_196220,lbj
atd_65511,atd
skg_64107,skg
pce_102121,pce
tmf_35640,tmf
cmr_182517,cmr
zau_214247,zau
aty_220464,aty
eng_221154,eng
nfa_206661,nfa
bhi_184179,bhi
mkw_180838,mkw
kue_63014,kue
fli_22720,fli
gea_72401,gea
kqf_127893,kqf
kpo_89448,kpo
lao_09956,lao
eng_42974,eng
sou_41717,sou
awa_189631,awa
knc_201045,knc
tuk_93183,tuk
mtr_168344,mtr
mxv_107057,mxv
xem_10427,xem
ukr_24127,ukr
lro_113466,lro
msy_19214,msy
her_23257,her
kdj_16882,kdj
pmf_69552,pmf
msc_67682,msc
ert_125337,ert
xky_66571,xky
mzj_157014,mzj
swb_54384,swb
aln_92317,aln
pan_71794,pan
scg_95926,scg
kft_221685,kft
jra_104181,jra
nst_45570,nst
klr_23770,klr
ggw_124116,ggw
lok_37963,lok
kqm_189261,kqm
ory_08030,ory
mhw_23027,mhw
nhr_145005,nhr
mkw_180925,mkw
acq_206152,acq
kdh_152603,kdh
swp_137737,swp
qxl_84565,qxl
mri_150079,mri
mfv_06021,mfv
zyp_24451,zyp
bxh_17804,bxh
tnc_201864,tnc
obo_114140,obo
ibg_86260,ibg
tnl_197834,tnl
tuy_27318,tuy
jiy_201674,jiy
mpx_124927,mpx
zas_213296,zas
meh_166113,meh
snd_56429,snd
fub_215049,fub
eng_194269,eng
nan_190870,nan
kvx_193941,kvx
kbp_220204,kbp
haj_196933,haj
som_100524,som
nyd_203949,nyd
mjt_20517,mjt
ilk_168309,ilk
rmn_103394,rmn
txu_94312,txu
lro_113474,lro
adq_18758,adq
eng_173848,eng
ifb_31847,ifb
mmh_166438,mmh
dwy_04011,dwy
sbl_71958,sbl
kfv_77435,kfv
ayr_187944,ayr
stj_170562,stj
lok_37894,lok
dde_199463,dde
mpj_183690,mpj
cjo_93513,cjo
ndy_60613,ndy
ind_186873,ind
eng_221149,eng
xuu_119359,xuu
xem_115860,xem
teo_142805,teo
pwo_191487,pwo
bfd_147694,bfd
pis_143949,pis
mug_213978,mug
xav_115789,xav
mvg_41062,mvg
ztp_173491,ztp
dzg_91326,dzg
mpj_183717,mpj
say_72988,say
aaz_116513,aaz
kdh_124635,kdh
dgz_143289,dgz
swb_54375,swb
tuo_105106,tuo
ven_212156,ven
kwd_172215,kwd
ayo_16226,ayo
lao_85041,lao
eng_65028,eng
amf_44604,amf
git_41980,git
ktz_140633,ktz
ses_165999,ses
ckb_152138,ckb
dob_98480,dob
mef_83055,mef
qvm_154932,qvm
awu_182399,awu
kup_68791,kup
uar_62502,uar
ccl_144710,ccl
lev_87785,lev
swh_219168,swh
vmz_161887,vmz
urd_35914,urd
tuo_105110,tuo
esk_124560,esk
ndx_148162,ndx
tsb_81607,tsb
gum_221294,gum
dry_102235,dry
xns_186345,xns
ywn_54670,ywn
qvm_154839,qvm
guc_176364,guc
dyu_04948,dyu
pan_71785,pan
ron_100749,ron
pmx_129098,pmx
mza_56803,mza
gia_201758,gia
sdr_93970,sdr
bap_169673,bap
tog_25408,tog
eng_211504,eng
ttv_190876,ttv
wod_131991,wod
tcc_147920,tcc
brh_206306,brh
war_103507,war
ewe_215901,ewe
nya_179882,nya
wtm_72145,wtm
kfx_155439,kfx
men_203011,men
ola_155194,ola
ktb_89015,ktb
aly_97574,aly
ptu_21756,ptu
meu_114404,meu
kvu_113540,kvu
fay_159374,fay
pga_167007,pga
kez_95065,kez
snk_209803,snk
bel_51730,bel
mwq_30480,mwq
shb_58439,shb
luo_207404,luo
srr_59067,srr
mkz_53584,mkz
imo_52866,imo
tso_53202,tso
kue_63098,kue
men_60908,men
mwf_35360,mwf
kft_91083,kft
kbp_204199,kbp
mzz_183997,mzz
soq_131820,soq
nii_163771,nii
hav_68963,hav
ybh_106929,ybh
kyv_41471,kyv
the_169590,the
vie_84469,vie
pri_134188,pri
yor_187020,yor
aix_09197,aix
gvo_04231,gvo
xmz_11637,xmz
rml_60435,rml
tsv_28653,tsv
fra_190000,fra
mrh_34077,mrh
ubr_85240,ubr
esu_11104,esu
buz_88036,buz
yue_32824,yue
szg_162060,szg
lsm_95568,lsm
dos_10299,dos
isn_162567,isn
afb_159879,afb
etr_163369,etr
nza_105342,nza
igl_187752,igl
ble_121185,ble
mjt_29829,mjt
mam_78653,mam
nlv_88709,nlv
bfg_31912,bfg
fat_210519,fat
lai_72706,lai
kdj_16821,kdj
lin_36198,lin
kqp_90294,kqp
wbf_210626,wbf
fra_161114,fra
zca_179427,zca
yao_39318,yao
mie_149223,mie
pes_145794,pes
ksj_89021,ksj
rmn_89848,rmn
tlp_110564,tlp
nzb_56119,nzb
srq_216941,srq
bza_01970,bza
mxv_107060,mxv
krf_205492,krf
pci_195362,pci
ban_49267,ban
txq_145173,txq
bhb_166330,bhb
men_83689,men
brg_23082,brg
abt_134066,abt
afr_08358,afr
mhp_166303,mhp
nxq_200900,nxq
spa_131080,spa
csh_42119,csh
nhw_11019,nhw
wnc_174889,wnc
skx_120079,skx
adx_181666,adx
mqh_181051,mqh
uzn_45027,uzn
azj_164040,azj
npy_21101,npy
keu_63416,keu
tpe_46356,tpe
pcg_44577,pcg
csh_198388,csh
gim_57531,gim
bep_97695,bep
sja_62042,sja
dzg_91356,dzg
eng_211576,eng
por_191947,por
mfz_135382,mfz
tcp_52000,tcp
skj_208897,skj
spa_106304,spa
bod_26560,bod
anp_217086,anp
gjn_146108,gjn
<unk>_108484,<unk>
nag_05189,nag
mnk_210849,mnk
Zambia_35566,Zambia
kaa_47502,kaa
pov_171297,pov
tca_13900,tca
bjg_69297,bjg
wnc_174938,wnc
xuu_119560,xuu
mfi_192410,mfi
dka_54569,dka
ebu_195536,ebu
kdh_152629,kdh
lae_156372,lae
fub_214888,fub
dgi_20841,dgi
pmy_165528,pmy
gol_144686,gol
tem_161276,tem
spa_130872,spa
eng_211473,eng
kil_105684,kil
suz_165112,suz
mro_123819,mro
quh_90963,quh
ldi_212452,ldi
hno_63747,hno
faa_153008,faa
lew_173675,lew
kbm_149455,kbm
log_101278,log
ksw_36619,ksw
cfm_129127,cfm
acm_209501,acm
kru_199536,kru
pdu_209365,pdu
tww_121963,tww
mzz_183896,mzz
saq_122607,saq
tke_123125,tke
ngc_34663,ngc
wut_56168,wut
ium_98318,ium
mkd_213518,mkd
cdj_87115,cdj
kwd_172163,kwd
wtm_72058,wtm
gur_43966,gur
xkc_77747,xkc
hin_118384,hin
cfm_145888,cfm
eng_211252,eng
lma_02593,lma
rus_114067,rus
zar_105725,zar
kga_124738,kga
bgg_32588,bgg
aad_107018,aad
mnk_210755,mnk
kue_63144,kue
mwq_30521,mwq
Zambia_35552,Zambia
lin_36204,lin
oki_78875,oki
mkn_111381,mkn
aln_92249,aln
lbq_191395,lbq
awi_25728,awi
xho_176010,xho
swb_54298,swb
tpi_48966,tpi
kuj_205084,kuj
srr_59047,srr
bam_71504,bam
caz_217617,caz
kud_102948,kud
kru_199655,kru
khe_92866,khe
shw_75557,shw
kbr_22052,kbr
dig_160637,dig
pic_169359,pic
maw_171074,maw
cux_02935,cux
dub_34284,dub
zau_214215,zau
npi_30223,npi
apc_57439,apc
rim_215217,rim
sou_41862,sou
tuk_93281,tuk
eng_174144,eng
not_65776,not
mug_213972,mug
sqq_64789,sqq
bam_71406,bam
djo_133391,djo
kfh_157795,kfh
umb_192980,umb
rmy_04273,rmy
mro_73659,mro
trd_18086,trd
byz_09608,byz
mkz_74717,mkz
azz_100076,azz
nps_217074,nps
mlu_219590,mlu
gol_18007,gol
eng_43142,eng
otx_126639,otx
sbd_185605,sbd
mfi_192397,mfi
dik_186217,dik
gnn_208255,gnn
dhd_159124,dhd
fay_159378,fay
kyc_218191,kyc
mpc_37516,mpc
tam_82515,tam
zns_142351,zns
lla_55680,lla
mjc_108709,mjc
kfb_52792,kfb
xkl_208942,xkl
jra_188668,jra
sun_86823,sun
abt_08987,abt
viv_170065,viv
pol_204900,pol
mse_37382,mse
pll_134384,pll
bjn_176765,bjn
arn_82046,arn
fuf_128016,fuf
dby_11792,dby
thl_19616,thl
xdy_203147,xdy
hnj_133961,hnj
tsx_177694,tsx
kji_101747,kji
sna_117840,sna
ces_183216,ces
mtk_80146,mtk
skr_196138,skr
mxb_72272,mxb
mip_37824,mip
log_73412,log
xwl_73474,xwl
bco_70682,bco
mfi_192301,mfi
slk_192071,slk
kqb_103162,kqb
aoi_193395,aoi
spa_131223,spa
dim_219784,dim
djr_190432,djr
vie_217113,vie
wlc_15425,wlc
xon_47916,xon
tgl_13206,tgl
pbb_41600,pbb
nlv_88680,nlv
khm_102548,khm
pga_167091,pga
pht_73078,pht
bqc_168724,bqc
mrr_199214,mrr
csa_104061,csa
bcc_200619,bcc
mym_185301,mym
kgj_00057,kgj
ben_125476,ben
nmi_212779,nmi
gno_76034,gno
kht_217945,kht
eus_64706,eus
huv_179755,huv
npi_12128,npi
pga_166923,pga
mfo_203344,mfo
fuf_128182,fuf
hnj_133979,hnj
tpx_86277,tpx
zkd_34489,zkd
ben_144362,ben
tha_52633,tha
rel_214601,rel
sxb_188213,sxb
yam_12987,yam
ses_166045,ses
pof_31489,pof
mte_76903,mte
pga_166934,pga
gnb_51696,gnb
sld_184532,sld
eng_211552,eng
plt_169017,plt
tvs_00153,tvs
mnk_210808,mnk
ron_100711,ron
jaa_205667,jaa
nas_00771,nas
dyu_208816,dyu
bhz_87440,bhz
fub_162152,fub
bfu_169323,bfu
bgc_133050,bgc
naq_194541,naq
tgl_13103,tgl
wut_115097,wut
ind_186523,ind
fra_161081,fra
ron_100895,ron
tcy_107774,tcy
mya_48486,mya
ifb_31846,ifb
yue_32833,yue
xuu_119498,xuu
lyg_26415,lyg
lpn_174179,lpn
mej_78464,mej
yij_98637,yij
wau_54202,wau
nxq_185058,nxq
azj_164036,azj
haj_129695,haj
pex_110686,pex
mur_206532,mur
kna_01876,kna
ldi_212716,ldi
ssi_157094,ssi
pbu_04096,pbu
orc_50349,orc
pis_143827,pis
kls_136824,kls
amr_125997,amr
crq_102198,crq
itv_102764,itv
enq_217004,enq
vkl_169397,vkl
lbq_191402,lbq
gmb_127459,gmb
srq_216813,srq
nnj_139523,nnj
npi_30067,npi
cat_102785,cat
mro_73642,mro
luc_84729,luc
bwu_201402,bwu
ntj_209043,ntj
uhn_31271,uhn
kit_178881,kit
tic_203129,tic
xkb_132918,xkb
khk_37063,khk
bye_199818,bye
mor_16118,mor
xdy_179207,xdy
sgc_108626,sgc
Zambia_109356,Zambia
bjn_176750,bjn
ort_83166,ort
iii_162122,iii
xkl_44803,xkl
srn_163651,srn
mzb_00031,mzb
nus_02096,nus
bfa_55893,bfa
fij_21389,fij
pbt_54508,pbt
jmr_149063,jmr
bdh_152802,bdh
muk_178989,muk
tvs_00138,tvs
bon_104155,bon
mzp_154570,mzp
shn_219972,shn
mvv_166129,mvv
bee_29631,bee
dgi_20840,dgi
pan_55345,pan
men_202912,men
sbd_185596,sbd
mai_156179,mai
tna_151687,tna
bhi_184275,bhi
yde_47203,yde
bis_61396,bis
age_95048,age
pud_96427,pud
mjz_89722,mjz
ong_64373,ong
lus_161659,lus
tvs_00113,tvs
fra_161110,fra
pmj_74200,pmj
xuu_119486,xuu
suv_110871,suv
ztp_173418,ztp
ttv_190905,ttv
nyy_69624,nyy
snd_07500,snd
kaa_47428,kaa
gjn_146160,gjn
knl_179707,knl
huv_179761,huv
mro_123850,mro
lif_01559,lif
ctd_203491,ctd
dgi_20903,dgi
xkb_132922,xkb
cdr_19502,cdr
knf_147756,knf
eng_173893,eng
ubr_85346,ubr
dww_51244,dww
bfz_135028,bfz
coh_152331,coh
arz_109647,arz
etr_163374,etr
mpx_124953,mpx
twf_151053,twf
dyo_191000,dyo
kxw_70998,kxw
npi_192803,npi
dde_199429,dde
tha_52687,tha
zim_11549,zim
mwf_35403,mwf
xkb_132928,xkb
gvr_29054,gvr
xav_115790,xav
jmr_149083,jmr
unr_151176,unr
djr_190390,djr
tdh_122880,tdh
aly_97627,aly
mkw_180830,mkw
tzm_150781,tzm
frd_194566,frd
tty_157485,tty
sbu_197367,sbu
sna_117697,sna
mjg_05349,mjg
unr_151214,unr
meh_166081,meh
kjl_76794,kjl
snd_184595,snd
swh_219374,swh
crn_202436,crn
eng_174007,eng
rab_39767,rab
aau_118112,aau
kmq_158574,kmq
pes_145813,pes
bku_121684,bku
fon_19814,fon
bel_51706,bel
tha_52765,tha
mwc_128812,mwc
kam_75722,kam
kxz_175734,kxz
mie_149214,mie
dyo_191067,dyo
lis_118205,lis
skg_64267,skg
shk_09531,shk
tke_123235,tke
ums_154286,ums
ztg_96005,ztg
cfa_09676,cfa
all_138870,all
knl_146412,knl
urk_177997,urk
tuc_16650,tuc
tbp_55616,tbp
tel_214795,tel
tzm_150792,tzm
tso_53198,tso
kin_120781,kin
pov_171305,pov
acz_138104,acz
hop_134979,hop
nza_101869,nza
cav_179272,cav
afr_08414,afr
gax_60020,gax
thf_158270,thf
mkw_180878,mkw
kjl_76839,kjl
nij_97768,nij
vmc_204769,vmc
sip_116864,sip
xon_47787,xon
hrv_184476,hrv
kow_157832,kow
sil_81813,sil
tgl_12996,tgl
nst_04997,nst
zul_109993,zul
hii_206390,hii
awi_25685,awi
hts_58541,hts
pri_134236,pri
rmn_78142,rmn
dde_199386,dde
mbh_215568,mbh
jeh_73714,jeh
khe_92896,khe
nmk_201886,nmk
tcx_11362,tcx
sru_155715,sru
pud_97042,pud
acz_138170,acz
xns_186365,xns
kde_46043,kde
tsp_195754,tsp
txu_94274,txu
tem_161252,tem
tur_105012,tur
ymm_40852,ymm
sun_86955,sun
wof_78342,wof
twi_168028,twi
kyb_33786,kyb
twi_167963,twi
fuc_111504,fuc
tca_13960,tca
sou_41635,sou
arz_128564,arz
mya_48510,mya
gmb_163114,gmb
rmt_148434,rmt
mip_37661,mip
mfv_05912,mfv
mco_91585,mco
jav_212277,jav
coh_152419,coh
vmk_05497,vmk
mbi_175072,mbi
lif_14637,lif
bam_71369,bam
spp_114239,spp
anv_19363,anv
oro_105600,oro
zca_179443,zca
ese_117406,ese
cbn_175630,cbn
dnw_59747,dnw
sui_110115,sui
zca_179379,zca
bxh_17208,bxh
tbk_207714,tbk
tsx_177679,tsx
csh_198349,csh
gux_117235,gux
rao_68924,rao
aau_202629,aau
mzm_170232,mzm
mxe_156145,mxe
las_60750,las
ort_83167,ort
wed_190721,wed
bnn_189162,bnn
nmi_212804,nmi
nyf_173091,nyf
dsh_20982,dsh
kel_148329,kel
ewo_80843,ewo
hif_159965,hif
lwg_90836,lwg
eng_88368,eng
duc_14399,duc
twi_167991,twi
pad_199803,pad
srp_10812,srp
csh_198200,csh
kan_60310,kan
bkq_209643,bkq
yue_32954,yue
nos_38744,nos
kin_120856,kin
cux_02921,cux
bcq_116278,bcq
ghr_134832,ghr
guj_127307,guj
wad_88817,wad
mgb_95795,mgb
gur_47088,gur
atd_65571,atd
top_196741,top
kfx_117192,kfx
adi_34003,adi
emk_112039,emk
all_138891,all
dta_181253,dta
viv_169976,viv
kmr_200747,kmr
mui_154506,mui
yal_93713,yal
mhy_203621,mhy
akh_150582,akh
lro_113457,lro
nij_165330,nij
ncr_73944,ncr
tbc_35143,tbc
ary_176921,ary
msc_67698,msc
faa_153010,faa
iba_205717,iba
cnc_86185,cnc
dyo_191155,dyo
pmy_165582,pmy
zca_179445,zca
pmy_165757,pmy
hin_29471,hin
kma_53970,kma
cbo_62727,cbo
zne_108029,zne
bxk_57787,bxk
kyg_20557,kyg
ven_212201,ven
cch_177445,cch
kye_213089,kye
tmc_170105,tmc
nph_220228,nph
hin_29279,hin
jra_188727,jra
ceb_198855,ceb
itd_99210,itd
tca_13841,tca
nst_04998,nst
gng_98746,gng
ena_170674,ena
xte_86346,xte
bgr_15685,bgr
lyn_28661,lyn
mkn_111081,mkn
ubr_85442,ubr
maw_171207,maw
def_183499,def
uth_150662,uth
aiw_111633,aiw
pln_47238,pln
bgr_64027,bgr
tsn_200326,tsn
tnb_201130,tnb
bit_164708,bit
kat_99051,kat
pll_134418,pll
eng_211530,eng
bbr_70243,bbr
urd_35790,urd
sou_41850,sou
maf_23482,maf
xkl_180704,xkl
btm_172916,btm
bbr_70363,bbr
mmm_144392,mmm
dao_215160,dao
ity_187369,ity
pis_143825,pis
zyn_181178,zyn
pab_127189,pab
cfm_112903,cfm
tso_53340,tso
klr_23777,klr
mfz_135401,mfz
kbp_172077,kbp
ven_212077,ven
maa_172017,maa
kwb_97954,kwb
kjl_76632,kjl
hii_206411,hii
byc_45863,byc
cek_135000,cek
ntm_220998,ntm
pes_145690,pes
hyw_83823,hyw
ktz_18916,ktz
agr_170502,agr
lsi_63552,lsi
kru_199553,kru
kej_26440,kej
ttk_103797,ttk
muk_178987,muk
gnn_208203,gnn
kud_102912,kud
emk_214352,emk
luo_104790,luo
kji_101761,kji
ttq_134114,ttq
jaa_154180,jaa
nbc_105611,nbc
xte_86345,xte
gwn_159464,gwn
kls_136875,kls
pah_89084,pah
kbr_22038,kbr
snd_07424,snd
ubr_85180,ubr
wib_143401,wib
pbt_218942,pbt
bqg_101233,bqg
cog_146545,cog
tlr_156426,tlr
gvc_99940,gvc
bcc_200573,bcc
kmj_144532,kmj
ben_125764,ben
hun_96124,hun
khn_67787,khn
sfw_125191,sfw
ory_15994,ory
bda_89056,bda
vaj_98273,vaj
rwr_40082,rwr
nym_14997,nym
ble_121142,ble
nym_15121,nym
ita_40962,ita
<unk>_182932,<unk>
lva_124477,lva
kqp_90170,kqp
trn_141639,trn
tts_13548,tts
kfk_149371,kfk
lro_113478,lro
jra_104200,jra
kwn_10529,kwn
yml_83978,yml
bge_119011,bge
nso_217425,nso
cul_164498,cul
txu_94194,txu
kfb_197384,kfb
guj_175787,guj
kvf_179510,kvf
gun_202278,gun
bis_61191,bis
dug_158724,dug
mwc_128940,mwc
zpj_160089,zpj
nba_08722,nba
vmc_204727,vmc
esi_63369,esi
hvn_153592,hvn
ukw_95887,ukw
pib_45819,pib
bvc_73173,bvc
ind_186634,ind
mdt_197223,mdt
krr_208426,krr
hye_218145,hye
gup_208000,gup
gnn_208308,gnn
yml_83894,yml
aoz_79018,aoz
xog_155144,xog
ind_186659,ind
kyg_20588,kyg
snd_07503,snd
srq_216778,srq
awi_25729,awi
ind_186483,ind
nas_00534,nas
atp_55811,atp
mgh_65147,mgh
sdr_93807,sdr
nij_151046,nij
ind_186883,ind
ngl_146966,ngl
sea_102015,sea
run_104611,run
anu_130522,anu
xsm_220447,xsm
xky_66594,xky
pbo_106597,pbo
knl_179704,knl
jms_217743,jms
kqs_200010,kqs
kib_20909,kib
kqp_90179,kqp
pua_101179,pua
bim_201593,bim
vrs_124502,vrs
deh_58406,deh
tqo_96344,tqo
luo_207236,luo
gup_208114,gup
skj_208917,skj
phl_205545,phl
azb_116433,azb
twi_167765,twi
ssy_16325,ssy
pbt_54534,pbt
djr_190497,djr
gau_104694,gau
iba_79242,iba
taz_14039,taz
dww_51190,dww
mwt_221488,mwt
tcu_147218,tcu
sce_80269,sce
yka_215492,yka
itv_102756,itv
kor_85639,kor
twm_129891,twm
soq_131914,soq
lpn_174174,lpn
gun_202303,gun
rgu_105967,rgu
pll_134410,pll
orc_50175,orc
gri_211893,gri
aix_09229,aix
gno_76063,gno
kls_136775,kls
tpi_48822,tpi
sil_25935,sil
jav_147160,jav
bim_201615,bim
mdt_197217,mdt
mhw_22913,mhw
gaz_59277,gaz
gjn_146059,gjn
uar_62447,uar
las_60751,las
kqp_90184,kqp
mpd_182648,mpd
tkt_79161,tkt
swh_219064,swh
gom_155374,gom
plg_169366,plg
oub_71085,oub
lao_10050,lao
tet_202576,tet
ptu_70394,ptu
aap_153343,aap
esg_05382,esg
pud_97033,pud
wme_140027,wme
wbp_109147,wbp
mrd_118879,mrd
kfk_149357,kfk
tpi_48800,tpi
otd_218530,otd
bxk_12419,bxk
swp_137639,swp
coh_152459,coh
tcc_147988,tcc
etr_163376,etr
rus_114020,rus
klo_177487,klo
lic_119226,lic
mfv_05969,mfv
dri_91074,dri
mjw_175361,mjw
nfr_118269,nfr
bwu_201452,bwu
spa_130992,spa
zcd_106688,zcd
kql_02404,kql
mvf_182210,mvf
ywn_54675,ywn
yiz_12365,yiz
zul_109841,zul
bjx_103288,bjx
eng_194421,eng
cdj_87175,cdj
ruk_80381,ruk
gle_133550,gle
mfz_135424,mfz
kmh_151127,kmh
kue_63131,kue
umb_192954,umb
mni_22181,mni
toq_07098,toq
yor_187074,yor
jmx_16520,jmx
bod_66795,bod
slk_192148,slk
grt_180289,grt
ebu_195433,ebu
pck_217239,pck
kue_63205,kue
urt_26520,urt
mco_91590,mco
mfv_05937,mfv
ind_186847,ind
nyf_173225,nyf
tha_52539,tha
adz_12148,adz
bkx_152206,bkx
yaa_04637,yaa
zca_179463,zca
zpx_40037,zpx
plt_169072,plt
agw_218057,agw
quh_19008,quh
tso_53248,tso
dre_141968,dre
tem_161243,tem
swc_186064,swc
eng_42990,eng
men_60830,men
xes_36925,xes
asc_121341,asc
olu_33101,olu
btt_111028,btt
yuf_104429,yuf
srp_10645,srp
acd_117300,acd
kam_75997,kam
mwq_30615,mwq
phl_205543,phl
soa_53833,soa
guj_188975,guj
nya_70013,nya
hts_58563,hts
tum_32290,tum
grt_74991,grt
dob_98467,dob
ayg_72503,ayg
zlm_148289,zlm
bxk_57752,bxk
ktm_149116,ktm
xte_90998,xte
twm_129840,twm
yao_39220,yao
acn_217214,acn
gah_106788,gah
swk_126375,swk
lit_96598,lit
xem_10446,xem
clt_202776,clt
saq_122547,saq
mai_122280,mai
nhr_144927,nhr
xuu_119442,xuu
soe_164854,soe
tro_59416,tro
ldg_106845,ldg
pci_195341,pci
dot_118364,dot
kbp_55008,kbp
shn_219939,shn
guc_176505,guc
ria_74068,ria
zac_16039,zac
ngl_147055,ngl
pcw_205856,pcw
lif_01466,lif
cdh_13806,cdh
fuv_33890,fuv
bja_68719,bja
arb_170353,arb
mni_148937,mni
pkb_22274,pkb
aln_92070,aln
her_23333,her
ctd_203472,ctd
tdg_142121,tdg
mzz_184015,mzz
vmk_05494,vmk
kno_82828,kno
lao_10067,lao
hut_149969,hut
cko_69352,cko
nij_97799,nij
aks_77810,aks
rgs_160346,rgs
lgr_130722,lgr
wed_09332,wed
mip_37608,mip
btt_111048,btt
nao_119733,nao
qvw_196442,qvw
amh_03572,amh
lhp_161830,lhp
sun_86872,sun
tuk_93155,tuk
acn_217218,acn
kru_78696,kru
bmf_124396,bmf
cmn_178431,cmn
arh_128460,arh
kjl_76699,kjl
are_99650,are
ibd_12649,ibd
djr_190342,djr
dks_66003,dks
ddg_72252,ddg
mfb_24937,mfb
kjc_01067,kjc
gom_155360,gom
ame_57228,ame
snc_205347,snc
mgh_65206,mgh
trp_163432,trp
bqh_137168,bqh
pht_45481,pht
emk_111897,emk
bcc_200608,bcc
kam_75753,kam
tsv_28651,tsv
dao_23955,dao
bru_02242,bru
thf_158089,thf
ium_114808,ium
arg_147643,arg
tem_161229,tem
yao_39452,yao
mjc_108744,mjc
nbe_146304,nbe
xla_22577,xla
dcc_116890,dcc
xdy_203179,xdy
bgp_81133,bgp
apd_137371,apd
bod_66814,bod
xkl_104324,xkl
kvj_73144,kvj
abz_70144,abz
npi_19937,npi
kap_218953,kap
tlr_180127,tlr
ind_186749,ind
tyz_129493,tyz
mya_48481,mya
kye_212971,kye
uth_150711,uth
sif_83265,sif
mwn_06625,mwn
gnk_182864,gnk
run_104576,run
kam_75829,kam
zne_107933,zne
cua_36762,cua
ola_155190,ola
gvc_99821,gvc
wuv_149142,wuv
agw_218026,agw
bjg_69148,bjg
jav_212314,jav
pbo_106559,pbo
esi_63340,esi
bhw_55598,bhw
acq_206187,acq
jaa_154204,jaa
shm_168271,shm
sbx_38719,sbx
akh_150507,akh
nyf_173084,nyf
nbe_146267,nbe
noe_101949,noe
uzn_45240,uzn
viv_169863,viv
cjv_101062,cjv
kel_148424,kel
acz_138054,acz
fuf_94723,fuf
jmx_16346,jmx
tam_82298,tam
mks_163726,mks
wog_204019,wog
kye_212937,kye
tis_177742,tis
adn_187179,adn
zlm_142411,zlm
zns_142341,zns
zab_118758,zab
tqo_96393,tqo
wof_78276,wof
emp_89196,emp
sol_120424,sol
muz_135973,muz
qvw_196490,qvw
pbt_54516,pbt
bgz_176295,bgz
scg_95895,scg
bhi_184297,bhi
dty_66523,dty
kps_15202,kps
acq_210304,acq
ben_125865,ben
ssw_147118,ssw
wod_132169,wod
tnv_141004,tnv
eng_88442,eng
fra_190070,fra
hoj_206434,hoj
hau_136358,hau
bom_12163,bom
wut_115086,wut
spn_25173,spn
bwd_91276,bwd
qvw_196487,qvw
tso_53392,tso
dip_214654,dip
bmk_123586,bmk
kqf_127843,kqf
wod_132031,wod
yal_93658,yal
bxk_57584,bxk
trq_82110,trq
spa_106411,spa
byn_45807,byn
rol_153223,rol
orc_128323,orc
nlk_177231,nlk
not_65803,not
sgb_14101,sgb
the_94796,the
ldi_212630,ldi
klz_29757,klz
rus_113731,rus
ldi_212549,ldi
ksg_194071,ksg
brh_206295,brh
zsm_100220,zsm
yue_33010,yue
por_191820,por
snd_184597,snd
jmx_16518,jmx
sbd_185459,sbd
oki_78901,oki
lln_145059,lln
icr_48583,icr
soq_131681,soq
tam_82435,tam
cjo_93489,cjo
san_152076,san
trp_163556,trp
diu_216659,diu
yor_187019,yor
cco_26706,cco
aca_168404,aca
adq_58483,adq
xog_155014,xog
ind_186547,ind
cfa_09680,cfa
ccg_91546,ccg
ksw_36408,ksw
nim_38142,nim
tro_59510,tro
puu_114842,puu
nmi_212769,nmi
gaz_59153,gaz
tix_161500,tix
toq_07162,toq
kfb_52798,kfb
ese_117400,ese
haj_196925,haj
sil_81950,sil
slr_12091,slr
aqg_123812,aqg
arb_74748,arb
knx_45435,knx
sru_155594,sru
suk_157643,suk
ewe_03228,ewe
gjk_22359,gjk
nes_08870,nes
ubr_85410,ubr
bdu_106954,bdu
nnm_156333,nnm
cpx_220283,cpx
akh_150401,akh
<unk>_103778,<unk>
ewe_03265,ewe
pap_65071,pap
ada_50959,ada
gur_43854,gur
hld_03323,hld
thf_157871,thf
kqf_127895,kqf
anf_214196,anf
bdi_79588,bdi
jra_104206,jra
xem_10418,xem
slk_192113,slk
zar_92623,zar
tam_82401,tam
knk_146826,knk
lwo_172398,lwo
fat_210552,fat
ghr_134841,ghr
ghn_121414,ghn
por_95414,por
kgy_173594,kgy
ben_125577,ben
lao_85127,lao
ukr_24173,ukr
spa_131014,spa
guk_197778,guk
zpa_45741,zpa
kpr_68675,kpr
men_202833,men
jaa_205644,jaa
gax_60000,gax
bzy_176845,bzy
pri_134234,pri
bqc_168749,bqc
ghe_37374,ghe
sgb_14135,sgb
bis_61273,bis
knc_201039,knc
clt_202792,clt
thf_157851,thf
spa_130976,spa
sol_120419,sol
mya_48567,mya
fuh_133241,fuh
kfh_157803,kfh
sif_83271,sif
asc_121339,asc
bug_109246,bug
sbe_167409,sbe
rah_55433,rah
arq_05775,arq
tuk_93145,tuk
xdy_18416,xdy
xon_47779,xon
ahk_18691,ahk
kel_148373,kel
asc_201265,asc
nlg_163911,nlg
cja_97122,cja
tdx_113171,tdx
apt_63477,apt
nbn_156272,nbn
avd_210911,avd
rwr_40120,rwr
sbu_197348,sbu
wsi_207065,wsi
wmw_115564,wmw
tuk_93214,tuk
byc_45866,byc
tth_116170,tth
dje_77546,dje
wmd_179173,wmd
mkg_04942,mkg
soq_131358,soq
sda_57333,sda
lhm_154098,lhm
swp_137572,swp
guc_176551,guc
mim_18439,mim
thq_46418,thq
ghr_134701,ghr
urd_35664,urd
bgr_63975,bgr
fuc_111446,fuc
beo_210175,beo
nas_00520,nas
mya_165397,mya
knp_65371,knp
qwa_110319,qwa
pmi_149544,pmi
aca_168400,aca
nst_45598,nst
haj_129754,haj
mix_02457,mix
xri_117030,xri
sun_86873,sun
<unk>_144521,<unk>
pga_167118,pga
kff_120019,kff
urt_26482,urt
dbi_89474,dbi
czt_39172,czt
ces_183217,ces
lif_01503,lif
nwi_209360,nwi
bkx_152256,bkx
eng_211551,eng
pbo_106454,pbo
cfm_220790,cfm
grt_115253,grt
tcc_148116,tcc
bfa_127384,bfa
huv_179749,huv
lue_166644,lue
geb_133688,geb
hin_110651,hin
kdh_174279,kdh
aix_101388,aix
wod_132004,wod
kbr_22150,kbr
pbb_168162,pbb
kls_136694,kls
kru_199506,kru
akh_150480,akh
lao_10069,lao
jaa_205654,jaa
eyo_91866,eyo
mkn_111264,mkn
eng_42956,eng
tbz_26864,tbz
mho_104046,mho
ssw_54712,ssw
tuk_93250,tuk
ttj_193664,ttj
tvs_00169,tvs
mfa_08108,mfa
kvr_33132,kvr
<unk>_182988,<unk>
mzj_157012,mzj
arg_147611,arg
bns_219692,bns
mve_140475,mve
yao_39253,yao
wnc_175018,wnc
guc_176387,guc
ble_121076,ble
awu_18934,awu
xkj_220964,xkj
awu_155985,awu
kpk_26741,kpk
gbo_104828,gbo
<unk>_55147,<unk>
dyo_120232,dyo
lwg_90894,lwg
sba_105467,sba
mup_183611,mup
men_60946,men
xmz_83618,xmz
skr_141222,skr
mlm_80666,mlm
kml_97891,kml
her_23459,her
bdu_106942,bdu
lva_124466,lva
bvc_73335,bvc
cvg_86741,cvg
bjg_69309,bjg
max_187141,max
snd_07307,snd
jav_83439,jav
npl_112417,npl
tww_121946,tww
tke_123176,tke
bde_142045,bde
tog_25485,tog
jmx_16439,jmx
zaf_02068,zaf
zpz_83306,zpz
kwn_10533,kwn
kud_102854,kud
gng_98739,gng
tha_52759,tha
gax_59965,gax
isn_162487,isn
lbf_19549,lbf
myh_47211,myh
als_06528,als
akw_112619,akw
min_156536,min
mni_148866,mni
dsh_20928,dsh
bis_61246,bis
bcy_45944,bcy
sgp_33738,sgp
khw_46673,khw
gud_135552,gud
dos_139400,dos
ong_64392,ong
ndo_26333,ndo
mai_206841,mai
hea_202822,hea
uya_171582,uya
bru_02233,bru
deu_71205,deu
dos_73946,dos
twi_167955,twi
roo_107350,roo
ybl_142135,ybl
cmn_163265,cmn
xky_44504,xky
kye_213091,kye
pnz_192017,pnz
mip_37680,mip
mui_66442,mui
yue_32748,yue
uki_207525,uki
yij_98604,yij
mya_130428,mya
cmn_28199,cmn
yal_171636,yal
kdj_16874,kdj
bbr_70245,bbr
mgd_166213,mgd
csh_64371,csh
knx_165437,knx
pai_126301,pai
new_172757,new
uzn_45175,uzn
wrm_22529,wrm
xuu_119381,xuu
tuf_110381,tuf
ica_75145,ica
emk_111916,emk
ghe_37322,ghe
knk_146839,knk
tsn_200328,tsn
nma_148488,nma
bvd_129443,bvd
ben_81443,ben
mim_62900,mim
plt_169111,plt
bgz_138449,bgz
skg_64167,skg
mqj_136044,mqj
kfm_84999,kfm
mzp_154719,mzp
hat_67985,hat
por_95352,por
kjl_76764,kjl
bru_02209,bru
lic_52277,lic
eng_58363,eng
khe_92753,khe
cmr_182527,cmr
tcf_138931,tcf
lhi_14600,lhi
skr_04452,skr
pln_47305,pln
bun_04337,bun
mzi_155339,mzi
pwg_06181,pwg
nbe_146296,nbe
kud_102886,kud
sna_117999,sna
mlu_219583,mlu
vai_189172,vai
tso_53191,tso
nym_14942,nym
men_60838,men
sgw_190317,sgw
swb_54287,swb
yao_39412,yao
kwk_63493,kwk
txu_94113,txu
giw_26537,giw
nku_197776,nku
kam_75854,kam
npi_30180,npi
tel_214733,tel
san_152084,san
cag_156596,cag
nag_05227,nag
koi_19325,koi
knf_199830,knf
ksj_60534,ksj
luo_207430,luo
nst_19770,nst
ceb_198887,ceb
nzb_56123,nzb
bvu_69078,bvu
ttc_79260,ttc
dry_102218,dry
pud_97018,pud
eng_130339,eng
zul_109958,zul
gnd_52338,gnd
cbn_175544,cbn
pab_127180,pab
ldg_106847,ldg
nfr_118236,nfr
eng_43455,eng
xmz_11618,xmz
wnc_174916,wnc
agd_41412,agd
kls_136874,kls
kws_165247,kws
duh_39986,duh
ntj_209273,ntj
mdd_11080,mdd
afr_08352,afr
gdr_121795,gdr
npi_30274,npi
kha_211959,kha
yml_83908,yml
pjt_56363,pjt
wof_78251,wof
kff_206542,kff
uar_62460,uar
oro_77315,oro
auu_198960,auu
aln_92325,aln
ctz_165250,ctz
csh_42123,csh
brt_207728,brt
kpr_176081,kpr
acw_126526,acw
qxu_32011,qxu
ita_57104,ita
mpj_183761,mpj
kmt_79778,kmt
bqj_21273,bqj
wbp_108938,wbp
pis_143729,pis
jav_108131,jav
bib_71987,bib
tpx_118435,tpx
xty_87006,xty
ghn_121404,ghn
kbq_17989,kbq
yeu_201977,yeu
cns_74230,cns
plt_168884,plt
noe_101897,noe
eng_137011,eng
swc_186086,swc
cas_158670,cas
new_172707,new
lyg_26365,lyg
kqf_127953,kqf
lwg_90845,lwg
xdy_188910,xdy
cek_13730,cek
mkd_213427,mkd
mkn_111209,mkn
thf_158119,thf
bun_04319,bun
njz_76224,njz
gvo_28518,gvo
jra_188611,jra
new_162318,new
bui_11905,bui
tbl_193176,tbl
khg_187106,khg
lub_169186,lub
khz_101975,khz
cme_204861,cme
tyr_148261,tyr
dsh_220666,dsh
ksw_36655,ksw
yiu_141314,yiu
eng_43367,eng
khw_46681,khw
gea_72403,gea
mgp_142923,mgp
lua_96195,lua
iba_205710,iba
mpj_183712,mpj
lao_85107,lao
cmn_61894,cmn
mww_35450,mww
ssi_157130,ssi
rml_60500,rml
rus_113625,rus
ubr_85503,ubr
spt_171544,spt
vmk_05671,vmk
yva_39606,yva
vah_07585,vah
slr_12115,slr
bmf_124421,bmf
twm_129992,twm
khw_46884,khw
gid_99388,gid
swh_219434,swh
lsm_95781,lsm
orc_50333,orc
bbt_82242,bbt
vay_80419,vay
lbn_169744,lbn
lao_10152,lao
orc_50656,orc
mhy_203596,mhy
dgo_174659,dgo
maw_171198,maw
ute_108575,ute
mjt_177903,mjt
sru_155874,sru
bvr_94515,bvr
Zambia_35546,Zambia
sil_81853,sil
mza_56830,mza
sna_117686,sna
tuy_27235,tuy
sbx_64873,sbx
luj_107425,luj
dje_77456,dje
mwc_128891,mwc
aiw_111711,aiw
cmn_61764,cmn
lgr_130785,lgr
sua_171844,sua
cmn_52381,cmn
emk_214348,emk
dig_160559,dig
mdy_11278,mdy
kue_63009,kue
njz_76315,njz
skr_196148,skr
uzn_45194,uzn
<unk>_118455,<unk>
sat_81691,sat
men_60921,men
dyu_208707,dyu
thq_84844,thq
tpi_49080,tpi
mai_206843,mai
trp_163614,trp
btg_11480,btg
ikx_102724,ikx
aix_101407,aix
kdu_108142,kdu
mfv_06038,mfv
itv_151887,itv
mku_18641,mku
mwq_30576,mwq
mdy_11323,mdy
mwt_221443,mwt
guj_211673,guj
eng_194255,eng
lma_02586,lma
tam_82367,tam
dgi_20850,dgi
lro_22691,lro
tog_25350,tog
ubr_85235,ubr
qvm_154977,qvm
kma_53941,kma
vaj_103566,vaj
bjp_219631,bjp
nhx_167392,nhx
wci_151780,wci
pbl_66894,pbl
khw_46723,khw
seh_33247,seh
obo_114161,obo
mzp_154625,mzp
aln_92241,aln
ldi_212516,ldi
slv_74467,slv
lua_96186,lua
gur_43869,gur
sil_26060,sil
bvc_73159,bvc
apd_137408,apd
obo_114150,obo
inj_30868,inj
nij_97748,nij
sou_41796,sou
mos_159548,mos
vah_53629,vah
ktu_134060,ktu
lir_141358,lir
lri_39060,lri
kor_85596,kor
khm_102612,khm
nut_20190,nut
seg_90600,seg
mjc_108714,mjc
cko_69475,cko
yes_117336,yes
som_100687,som
mwt_221568,mwt
kqb_103138,kqb
wlc_15400,wlc
tke_123335,tke
zne_108041,zne
kwv_200280,kwv
gun_202187,gun
wuu_184643,wuu
nym_14994,nym
emk_112100,emk
gia_201777,gia
khm_102518,khm
acz_138161,acz
fuf_180459,fuf
mfv_05882,mfv
bjg_69214,bjg
oki_78922,oki
xsm_220442,xsm
gnn_208232,gnn
kfx_155438,kfx
adx_21898,adx
tpi_49112,tpi
por_95281,por
xub_151389,xub
tog_25349,tog
cak_126740,cak
mbp_27124,mbp
slv_74462,slv
vkl_169388,vkl
acq_210374,acq
lri_39078,lri
mwq_30627,mwq
dur_189408,dur
swp_67529,swp
sbl_26634,sbl
bis_61290,bis
kfk_149358,kfk
faa_152994,faa
pov_171293,pov
mbp_27108,mbp
wci_151833,wci
tro_59429,tro
tpu_158528,tpu
pln_47310,pln
mui_179601,mui
tpl_102333,tpl
lug_139073,lug
ksj_60533,ksj
tuk_93392,tuk
kji_101729,kji
hmb_72753,hmb
kno_82891,kno
sfm_49396,sfm
saq_122632,saq
vmw_122013,vmw
rus_113596,rus
vie_94622,vie
kfq_42788,kfq
yam_105139,yam
shn_220029,shn
jmc_30894,jmc
lue_166503,lue
tpe_46295,tpe
sml_167288,sml
awu_182404,awu
sag_143470,sag
kqm_189257,kqm
loh_190600,loh
kdj_16739,kdj
nke_173787,nke
zul_109837,zul
bis_61296,bis
yao_39502,yao
ssb_103193,ssb
zne_108037,zne
pbm_99545,pbm
bsn_165282,bsn
sat_134544,sat
spa_131069,spa
gup_207990,gup
maa_171997,maa
sjl_66976,sjl
ttq_85960,ttq
lao_10151,lao
ind_186803,ind
trd_18115,trd
sat_81696,sat
sbe_167495,sbe
bis_61127,bis
pmy_165609,pmy
soq_131708,soq
pmx_129084,pmx
sdq_86126,sdq
thf_157847,thf
pdu_190281,pdu
nke_173807,nke
koe_96701,koe
pes_145779,pes
kvy_117078,kvy
kxp_119315,kxp
yrb_27781,yrb
mjx_98949,mjx
npi_133448,npi
urd_35785,urd
csh_42264,csh
rwr_40084,rwr
cly_38580,cly
dig_160573,dig
rol_153205,rol
tmy_60370,tmy
kvf_179497,kvf
toq_06985,toq
bmk_123577,bmk
nmn_51657,nmn
hin_29411,hin
ben_73978,ben
loe_200056,loe
sbd_185668,sbd
swb_54323,swb
nyf_173209,nyf
gvo_28469,gvo
twi_167756,twi
bdi_79639,bdi
ksw_36625,ksw
gdb_13320,gdb
kyc_218206,kyc
led_197583,led
thl_19640,thl
kjl_76766,kjl
yue_32854,yue
pis_144005,pis
khz_75455,khz
xtj_03740,xtj
ilk_168318,ilk
lmy_41611,lmy
vmk_05691,vmk
ssn_187638,ssn
gax_60084,gax
opm_142283,opm
umb_192884,umb
kfh_157814,kfh
saq_97194,saq
nen_151485,nen
emk_112036,emk
mhl_128660,mhl
sby_91608,sby
sie_08230,sie
dyo_190919,dyo
mqj_65856,mqj
cao_197155,cao
mas_31158,mas
hin_29572,hin
sse_84776,sse
rog_110247,rog
brx_53157,brx
qvw_196448,qvw
lin_36217,lin
uig_195893,uig
guq_162871,guq
jml_22463,jml
kvq_65967,kvq
eng_174004,eng
afr_08326,afr
gvc_99918,gvc
hmd_12124,hmd
yap_189891,yap
cch_177451,cch
srp_172330,srp
nbc_105619,nbc
sil_81862,sil
lus_216556,lus
nac_48636,nac
dim_219786,dim
koi_19318,koi
aec_178662,aec
ktz_18893,ktz
wbm_217324,wbm
mjx_99008,mjx
ldi_212559,ldi
sag_143506,sag
pis_143864,pis
pov_171383,pov
seg_90473,seg
rol_153057,rol
aui_40343,aui
pui_215447,pui
dwu_143126,dwu
kek_129188,kek
mos_159595,mos
kvf_179484,kvf
nij_149479,nij
kvu_113531,kvu
cni_189514,cni
yuz_51510,yuz
sun_86967,sun
mlw_168221,mlw
kcs_88128,kcs
mej_78535,mej
tel_214723,tel
lrm_178233,lrm
mnk_210772,mnk
kbp_220222,kbp
gur_43889,gur
mbc_42502,mbc
dug_158716,dug
mpc_37534,mpc
gul_180710,gul
pua_101185,pua
gbm_33557,gbm
sme_139305,sme
eng_42995,eng
zad_62562,zad
bku_121693,bku
pfe_116757,pfe
khm_102523,khm
khz_101957,khz
bhr_60545,bhr
swp_137615,swp
suy_86647,suy
mai_55487,mai
spa_131178,spa
guj_188965,guj
fra_190225,fra
bkr_52952,bkr
iws_25019,iws
wbk_84750,wbk
kjs_65729,kjs
lbj_196202,lbj
yoy_99096,yoy
fuf_94747,fuf
sun_86946,sun
fuc_68805,fuc
ppq_148665,ppq
tuy_27196,tuy
tke_123092,tke
klr_23623,klr
bfz_55061,bfz
mni_148861,mni
mcd_77927,mcd
tod_48023,tod
tod_48012,tod
kmr_200731,kmr
thk_167248,thk
oyb_74352,oyb
ryu_193441,ryu
sou_41623,sou
xdy_163924,xdy
kin_120854,kin
pmy_165507,pmy
nof_115136,nof
gjn_146051,gjn
vas_193689,vas
lok_37972,lok
bxk_57684,bxk
knu_205975,knu
ldi_212655,ldi
rdb_143019,rdb
ena_170921,ena
npi_20029,npi
tba_91494,tba
klz_29732,klz
nya_69964,nya
wme_140218,wme
pia_104864,pia
frd_11982,frd
unr_105699,unr
xtc_17153,xtc
spa_131213,spa
vmc_150603,vmc
viv_169991,viv
dty_66536,dty
snd_07246,snd
mip_37759,mip
pex_80185,pex
ptu_21720,ptu
kam_78144,kam
cmn_61821,cmn
mwn_06737,mwn
mnb_162073,mnb
beo_210188,beo
aha_62009,aha
gcr_166268,gcr
mlu_219526,mlu
khc_128587,khc
jra_188763,jra
atb_79412,atb
syl_116657,syl
bgr_15682,bgr
are_99633,are
gun_202360,gun
bhi_184282,bhi
mjt_132463,mjt
bxk_57622,bxk
zpz_83311,zpz
bav_127613,bav
csh_42173,csh
rki_159076,rki
zlm_148288,zlm
lun_09166,lun
kps_19424,kps
urt_26491,urt
wuu_168394,wuu
kjc_01152,kjc
mix_00917,mix
brv_210946,brv
gjk_57016,gjk
arb_170278,arb
bul_107306,bul
ney_184738,ney
aui_40161,aui
nso_217475,nso
tum_32210,tum
tsb_81648,tsb
amn_66669,amn
nfr_118276,nfr
sna_118005,sna
pga_166837,pga
hrv_184528,hrv
gui_53767,gui
eng_211542,eng
txu_94420,txu
mro_73489,mro
dua_195633,dua
quh_31293,quh
wme_140345,wme
bxk_12531,bxk
bum_79480,bum
pjt_56365,pjt
bqc_168764,bqc
lif_01528,lif
toq_07002,toq
knk_146823,knk
mym_185373,mym
tpq_119239,tpq
pmf_69571,pmf
vaj_98183,vaj
tam_82430,tam
bim_201540,bim
yoy_99112,yoy
lkn_122089,lkn
att_21372,att
kpo_89427,kpo
hul_200246,hul
por_95117,por
hak_63615,hak
nbr_76482,nbr
ngc_34728,ngc
lnd_89995,lnd
csh_198175,csh
bxh_17599,bxh
dga_103325,dga
wsi_207049,wsi
urd_35879,urd
mey_197594,mey
acu_32640,acu
lva_124464,lva
lga_190701,lga
ory_15951,ory
urd_35838,urd
xuu_119584,xuu
xho_176064,xho
brh_206303,brh
mzw_94703,mzw
ksw_36489,ksw
tuc_16654,tuc
dms_161145,dms
kvl_45702,kvl
bsn_165280,bsn
aks_77781,aks
hlb_27888,hlb
kai_71573,kai
npb_141184,npb
haj_197016,haj
vaj_98181,vaj
kwe_11520,kwe
ben_144353,ben
asu_146437,asu
hnj_08314,hnj
bim_201513,bim
ssi_157232,ssi
guj_175810,guj
mkw_180851,mkw
bfy_114425,bfy
zca_179460,zca
bvd_129389,bvd
lbn_169721,lbn
apc_42589,apc
dig_160411,dig
agr_170492,agr
kck_68439,kck
gbm_33527,gbm
csh_198285,csh
pov_171345,pov
trv_112679,trv
xed_14768,xed
guz_54607,guz
stk_91168,stk
hau_136314,hau
njz_76266,njz
npi_30058,npi
nbq_115328,nbq
gbe_23827,gbe
scu_49316,scu
jml_22445,jml
gng_203444,gng
ood_45608,ood
ths_11850,ths
aeu_120007,aeu
dgc_179930,dgc
spa_131171,spa
hue_145107,hue
dry_102219,dry
bsk_198585,bsk
soq_131788,soq
qxp_43704,qxp
tpe_46326,tpe
gbm_87374,gbm
mos_159527,mos
vmk_05457,vmk
dga_103323,dga
arb_170341,arb
zpa_45758,zpa
psw_44538,psw
khm_102572,khm
mhu_38627,mhu
ino_56849,ino
hre_194634,hre
guk_176250,guk
eng_211331,eng
lew_126601,lew
pwr_42556,pwr
acz_137992,acz
mzi_155327,mzi
tzh_84651,tzh
swk_126476,swk
gdn_177382,gdn
tel_70748,tel
ben_125896,ben
agu_58478,agu
kwj_162854,kwj
byx_152670,byx
bwi_127531,bwi
xta_214296,xta
moc_220889,moc
hnj_133965,hnj
dje_77668,dje
mpj_183707,mpj
sol_120439,sol
bwu_201369,bwu
yva_39647,yva
alw_34052,alw
trn_141451,trn
nij_97800,nij
csa_104069,csa
nlk_177202,nlk
hts_58766,hts
hyw_83833,hyw
srp_10842,srp
ubr_85463,ubr
ita_41012,ita
kvy_117062,kvy
mrr_05861,mrr
bis_61350,bis
unr_151164,unr
bwu_201454,bwu
thf_157962,thf
ada_50918,ada
zpn_38399,zpn
rus_113691,rus
nid_115958,nid
ttq_85861,ttq
nwi_144262,nwi
bfa_55891,bfa
ycl_195816,ycl
uzn_113564,uzn
fuf_128184,fuf
raw_108102,raw
bws_137181,bws
syl_116672,syl
bns_219701,bns
ont_132854,ont
ghs_91727,ghs
Zambia_35472,Zambia
tqu_159009,tqu
emk_112048,emk
vmk_05686,vmk
sun_86905,sun
rao_68877,rao
emk_214368,emk
pol_204924,pol
npy_21068,npy
nba_08729,nba
quc_209861,quc
tnv_141032,tnv
gaz_59158,gaz
tha_52787,tha
swp_62414,swp
bhr_60566,bhr
orc_50644,orc
hni_65642,hni
lok_190851,lok
ntj_209135,ntj
bfj_144450,bfj
ayr_187948,ayr
pmx_129080,pmx
taq_195013,taq
mrm_10952,mrm
pgg_139627,pgg
ben_125931,ben
dob_98489,dob
byd_75336,byd
ben_144285,ben
scu_49355,scu
sda_57302,sda
kbp_204110,kbp
kow_157831,kow
gbo_84910,gbo
wrm_22512,wrm
ncu_172481,ncu
bgc_133052,bgc
bam_71387,bam
ong_64414,ong
kqp_90166,kqp
byd_73368,byd
gax_56193,gax
gax_60089,gax
kin_120833,kin
guj_189030,guj
qxn_180977,qxn
puc_203205,puc
rab_39816,rab
mve_107724,mve
zpl_181014,zpl
spa_130939,spa
mbp_27038,mbp
gur_43762,gur
ayn_85731,ayn
dus_80253,dus
adi_20406,adi
fod_173646,fod
gmb_163099,gmb
bam_71516,bam
tpe_46272,tpe
ewo_51027,ewo
hoj_206430,hoj
rjs_138479,rjs
yue_32864,yue
mbh_215546,mbh
bod_66774,bod
saq_122405,saq
yao_39532,yao
bgz_138426,bgz
rab_39826,rab
lok_190802,lok
cko_69463,cko
mww_192585,mww
srb_170209,srb
ssw_147125,ssw
ind_186698,ind
jpn_156983,jpn
mhu_38654,mhu
mym_185294,mym
kqj_130061,kqj
kcs_88121,kcs
kru_199646,kru
jmx_16536,jmx
ldi_212426,ldi
xdo_04808,xdo
bku_121673,bku
cmn_27979,cmn
run_104516,run
bvd_129354,bvd
ese_117479,ese
thf_158211,thf
eng_43130,eng
ino_56929,ino
mbm_197579,mbm
lky_192677,lky
kpo_89464,kpo
lsm_95705,lsm
cak_20259,cak
kus_118691,kus
slv_74590,slv
lok_38085,lok
bft_112931,bft
mos_159728,mos
twm_129982,twm
lyn_28664,lyn
ino_56875,ino
abs_161492,abs
soq_131501,soq
snc_15824,snc
geb_01914,geb
nnw_191536,nnw
bxh_17892,bxh
kfv_77414,kfv
hak_55998,hak
rmn_89789,rmn
tdx_113373,tdx
bsh_83349,bsh
arr_49805,arr
pht_73097,pht
lif_153405,lif
sbd_185751,sbd
gdl_64451,gdl
tpx_48080,tpx
kha_112245,kha
omb_200203,omb
gng_98736,gng
mqj_136072,mqj
mzr_163283,mzr
npi_20050,npi
ktz_46948,ktz
tir_141823,tir
gaw_75237,gaw
tnl_197837,tnl
vmk_05538,vmk
suk_157670,suk
dos_73945,dos
por_191731,por
ind_186856,ind
nii_42830,nii
obo_114085,obo
ncm_45912,ncm
ass_72589,ass
mip_37851,mip
aui_40163,aui
mwf_35311,mwf
shk_09591,shk
por_95310,por
bxk_132761,bxk
soq_131941,soq
thq_51920,thq
som_100680,som
xky_66612,xky
skg_64235,skg
mdd_11073,mdd
alw_34058,alw
eng_211516,eng
sru_155817,sru
bvc_73239,bvc
mlk_194923,mlk
kwk_63489,kwk
fub_214930,fub
npl_112394,npl
mhp_166302,mhp
ktz_140641,ktz
bam_71323,bam
pah_89089,pah
ado_184816,ado
thl_87265,thl
aiw_111692,aiw
rab_39744,rab
bmr_72856,bmr
ulu_20362,ulu
lsm_95592,lsm
dww_51400,dww
mrl_218183,mrl
bjg_69109,bjg
kdj_16823,kdj
cmn_61999,cmn
xnr_146475,xnr
csh_198336,csh
spa_27569,spa
ben_99750,ben
aup_181329,aup
hat_67940,hat
kwa_83006,kwa
mpx_125014,mpx
ldi_212635,ldi
qul_88935,qul
qvi_94865,qvi
eng_211234,eng
mai_198525,mai
shn_144714,shn
zaa_07774,zaa
sfw_125166,sfw
hno_63756,hno
lif_01580,lif
yml_83912,yml
yes_117320,yes
lje_188470,lje
dsh_220657,dsh
clk_200140,clk
mte_201200,mte
spp_114215,spp
kjc_00999,kjc
bgr_63851,bgr
rab_39748,rab
loe_78626,loe
nij_151023,nij
gjk_57040,gjk
wbm_114779,wbm
dgc_180008,dgc
teo_142730,teo
awe_120202,awe
raw_102687,raw
cni_197701,cni
aui_40279,aui
bxk_132720,bxk
kdq_02983,kdq
wlv_162970,wlv
tgs_188058,tgs
yva_39634,yva
cnh_164258,cnh
ssw_54682,ssw
tif_72724,tif
rki_115905,rki
kmm_91051,kmm
dje_77609,dje
txt_16085,txt
hin_127597,hin
hal_207920,hal
xdy_18427,xdy
rmt_148463,rmt
ena_170991,ena
uig_101795,uig
iar_59739,iar
ybb_80925,ybb
yor_187059,yor
koe_96876,koe
xon_47681,xon
soa_53864,soa
rab_39758,rab
tog_25409,tog
lhu_174517,lhu
grt_75045,grt
bam_71321,bam
bgr_64024,bgr
bjp_219638,bjp
ybi_142516,ybi
thf_158302,thf
bem_12847,bem
nmn_51602,nmn
jao_87758,jao
fan_161918,fan
mjz_89501,mjz
ymm_40708,ymm
pnz_192021,pnz
raa_133010,raa
dyu_208754,dyu
swb_54288,swb
grt_180366,grt
kzm_67431,kzm
hat_67967,hat
dib_119184,dib
cnh_164292,cnh
dgi_20870,dgi
sgp_33677,sgp
orc_50260,orc
cho_114638,cho
gea_72407,gea
rol_153130,rol
rug_188366,rug
twi_167775,twi
yij_98642,yij
por_66399,por
gdn_177410,gdn
ktz_18855,ktz
gup_208024,gup
wew_44689,wew
teo_142636,teo
mve_107732,mve
mvo_101445,mvo
gaz_59124,gaz
xdy_110028,xdy
gjn_146145,gjn
gur_43909,gur
cfm_182172,cfm
hii_206334,hii
mqj_136043,mqj
bfa_133923,bfa
ceb_198923,ceb
spa_130936,spa
eng_194422,eng
gur_43918,gur
niq_154990,niq
trn_141606,trn
mho_104000,mho
vie_84377,vie
xtn_184989,xtn
wol_172137,wol
def_183464,def
mxt_204554,mxt
ewe_215870,ewe
tva_153890,tva
ary_176941,ary
hui_112512,hui
aau_118095,aau
rif_101659,rif
pov_171398,pov
bom_46638,bom
arz_109565,arz
kru_78723,kru
kvf_179514,kvf
xkl_180702,xkl
cmn_27985,cmn
yka_215481,yka
kpb_213864,kpb
mch_182726,mch
mpd_182656,mpd
new_27763,new
sgc_108599,sgc
lex_143297,lex
pjt_56310,pjt
kan_60366,kan
kzs_24756,kzs
prs_44000,prs
min_156521,min
bcq_116192,bcq
ddg_72244,ddg
pua_101171,pua
tuv_25147,tuv
acz_137970,acz
<unk>_31822,<unk>
vaj_98227,vaj
ibb_94056,ibb
cnh_164353,cnh
gbm_87402,gbm
xty_87008,xty
slv_74486,slv
rjs_138643,rjs
fuh_133257,fuh
lyn_28784,lyn
bjt_172037,bjt
ndx_148182,ndx
ksw_36494,ksw
lee_52449,lee
pgg_57403,pgg
guj_189108,guj
swh_219463,swh
bxr_199050,bxr
upv_03808,upv
imo_52848,imo
muk_179026,muk
ags_156346,ags
new_172770,new
dww_51445,dww
bem_12911,bem
<unk>_62580,<unk>
snd_07236,snd
nan_134975,nan
spp_114226,spp
nbc_105659,nbc
plt_168923,plt
pcg_44591,pcg
rif_109469,rif
bxh_17531,bxh
dks_72902,dks
zne_107838,zne
apc_09667,apc
tvs_00180,tvs
kde_46005,kde
atq_168094,atq
rab_39705,rab
kml_97869,kml
srx_12045,srx
bjn_62817,bjn
fra_160852,fra
hun_96085,hun
khq_92556,khq
yui_184064,yui
kua_49405,kua
vmk_05628,vmk
pis_143875,pis
tbo_218725,tbo
zps_193353,zps
otd_167337,otd
dug_158826,dug
nas_00868,nas
mct_52016,mct
seg_90485,seg
ktz_18920,ktz
snd_07360,snd
krr_208382,krr
uzs_41397,uzs
luo_207142,luo
cvg_86765,cvg
xky_66587,xky
xon_47828,xon
vmh_148592,vmh
sqq_64830,sqq
ewe_216010,ewe
gfk_176327,gfk
ttq_86003,ttq
gbo_84913,gbo
sun_86854,sun
bmf_124410,bmf
tso_53429,tso
sus_168438,sus
hil_23931,hil
qxu_32107,qxu
uig_195879,uig
bha_77141,bha
oku_181966,oku
frd_194571,frd
sif_83254,sif
kam_75877,kam
tpa_182575,tpa
gwn_159479,gwn
cmn_89937,cmn
wof_78350,wof
geb_133680,geb
dje_77573,dje
kef_41331,kef
kye_212868,kye
xdy_46463,xdy
bmf_124399,bmf
hag_17985,hag
new_27723,new
dzg_91409,dzg
onn_83031,onn
cmn_61885,cmn
dty_66518,dty
ish_146197,ish
nym_15084,nym
bxr_199021,bxr
wew_44686,wew
kye_212968,kye
wuv_149150,wuv
deu_71146,deu
anm_173827,anm
myx_03780,myx
saq_97237,saq
vie_84461,vie
guk_14284,guk
sbu_75719,sbu
hui_112432,hui
cly_38601,cly
mcn_53669,mcn
skx_120082,skx
mhx_162820,mhx
wme_139923,wme
cns_74235,cns
snd_07517,snd
csh_198162,csh
cek_134987,cek
kqf_127866,kqf
ccp_198043,ccp
pnu_159149,pnu
ceg_89766,ceg
bvd_129345,bvd
cas_112760,cas
tdx_113436,tdx
nmn_51678,nmn
nza_127120,nza
cas_112774,cas
kei_19374,kei
ccp_198078,ccp
kye_212945,kye
hau_65315,hau
aeb_68183,aeb
esg_187011,esg
kht_217952,kht
bhb_183399,bhb
spa_106084,spa
uzn_45109,uzn
zpa_45770,zpa
<unk>_35230,<unk>
dzg_91421,dzg
isn_162442,isn
hbn_11676,hbn
urd_35840,urd
xed_14783,xed
rgs_160152,rgs
meh_166101,meh
lhu_178077,lhu
swp_137623,swp
shp_154233,shp
yao_39525,yao
stk_91175,stk
nia_201997,nia
nlu_68566,nlu
mfv_06008,mfv
apm_71033,apm
uig_101831,uig
mhw_22868,mhw
mai_198518,mai
pta_217775,pta
pav_34422,pav
kjd_220252,kjd
her_23374,her
tnv_141054,tnv
pjt_56409,pjt
lga_190713,lga
gbm_87349,gbm
dhg_151541,dhg
lus_216539,lus
dww_51207,dww
grt_115226,grt
mjg_05373,mjg
mkd_213437,mkd
mlu_219618,mlu
pis_143719,pis
fij_205559,fij
ebu_195478,ebu
taq_195078,taq
sip_116859,sip
skx_120073,skx
buf_84802,buf
ind_186793,ind
wed_09291,wed
hin_110606,hin
kjl_76721,kjl
vmx_118807,vmx
mzp_154695,mzp
cmn_61970,cmn
nut_179538,nut
ywa_137028,ywa
fub_215006,fub
bei_207638,bei
csh_198302,csh
btd_77998,btd
ium_58471,ium
hau_65355,hau
khm_102432,khm
rgs_160241,rgs
gdb_221397,gdb
txa_115019,txa
amh_03550,amh
awa_73841,awa
mpr_207110,mpr
beo_210173,beo
<unk>_73760,<unk>
urd_35890,urd
tav_149249,tav
zab_110492,zab
gnd_152679,gnd
mai_198552,mai
ctu_147795,ctu
vmk_05634,vmk
soe_164855,soe
dzo_136103,dzo
tem_161367,tem
kab_134902,kab
bix_112627,bix
ksn_206988,ksn
yuf_104415,yuf
swp_67508,swp
avn_85825,avn
pga_167083,pga
ory_08007,ory
hld_03309,hld
tvn_19678,tvn
brd_183026,brd
ven_212113,ven
fra_181863,fra
gax_59888,gax
hau_136536,hau
pwb_77103,pwb
snl_159436,snl
pwg_06173,pwg
adi_95500,adi
mjz_89565,mjz
are_99701,are
raw_214101,raw
txu_94252,txu
shu_180963,shu
rus_181691,rus
kpo_182452,kpo
kpo_89416,kpo
nia_202082,nia
shu_180959,shu
npi_19919,npi
lsi_63527,lsi
lri_39128,lri
fra_190164,fra
por_95148,por
mmc_83585,mmc
guj_211645,guj
nlk_177187,nlk
ptu_21732,ptu
teo_142718,teo
zac_140896,zac
kwk_63514,kwk
gax_177304,gax
nya_69960,nya
iba_79210,iba
mug_214066,mug
cdj_87201,cdj
khq_92607,khq
kru_199631,kru
zeh_79686,zeh
viv_169968,viv
kpb_213868,kpb
tlp_110562,tlp
aio_56540,aio
lnd_90006,lnd
bis_61232,bis
sbd_185576,sbd
kei_88104,kei
plt_169054,plt
mro_73526,mro
vmk_05468,vmk
mqj_136061,mqj
tsr_141125,tsr
nij_149473,nij
tha_52683,tha
iru_145383,iru
tnv_140968,tnv
lue_166737,lue
lle_72623,lle
zne_108007,zne
orc_128416,orc
emk_112086,emk
dww_51249,dww
dgc_179988,dgc
tpj_135590,tpj
knx_175479,knx
kin_120783,kin
kbc_198779,kbc
kma_53961,kma
bru_164996,bru
roo_107383,roo
kyk_217685,kyk
pse_202673,pse
kaa_47439,kaa
bfu_169314,bfu
ssn_187415,ssn
bud_51904,bud
soq_131771,soq
bjp_219652,bjp
shi_194117,shi
ben_125759,ben
guj_188984,guj
trn_141518,trn
xem_10417,xem
all_138868,all
lec_98374,lec
nim_38237,nim
nyy_69803,nyy
tbo_218711,tbo
por_95225,por
por_191950,por
thf_157923,thf
twm_129802,twm
mup_12326,mup
hix_126776,hix
kbr_22108,kbr
niy_15459,niy
bit_164715,bit
gbz_40634,gbz
nst_87622,nst
swb_54414,swb
gwn_159478,gwn
emp_89219,emp
quz_216387,quz
sus_168420,sus
xla_22594,xla
rmy_04268,rmy
lul_179212,lul
fra_160712,fra
kyk_217689,kyk
gjk_57018,gjk
bvd_129384,bvd
hat_68072,hat
nbb_175699,nbb
vif_21174,vif
djr_190392,djr
wrm_22505,wrm
sot_39003,sot
gng_203063,gng
pbo_106575,pbo
jaa_205806,jaa
tbo_132940,tbo
lif_01565,lif
trn_141450,trn
lbq_191404,lbq
klr_23687,klr
bob_168633,bob
int_205463,int
xkc_77745,xkc
kqb_103157,kqb
tel_214798,tel
ubr_85450,ubr
eve_90659,eve
mzq_91478,mzq
xtd_28862,xtd
dde_199378,dde
mni_149033,mni
kby_197256,kby
njz_76446,njz
cbt_118661,cbt
zca_179386,zca
ssn_187543,ssn
mwq_30489,mwq
tur_104981,tur
udg_166447,udg
toq_07149,toq
<unk>_163076,<unk>
ifu_195795,ifu
cnk_00365,cnk
nlg_163902,nlg
tem_161189,tem
kht_79065,kht
bxk_12524,bxk
seg_90581,seg
kqs_20757,kqs
taj_103622,taj
syl_116642,syl
aot_182010,aot
snd_07542,snd
khm_102417,khm
kqs_200023,kqs
kue_63195,kue
trp_163462,trp
sil_25964,sil
kjb_177369,kjb
dwy_04024,dwy
ssy_16311,ssy
kjc_01061,kjc
ttq_85902,ttq
gbk_188535,gbk
lme_13509,lme
mie_149197,mie
zyp_24450,zyp
tkt_79178,tkt
guc_176574,guc
nps_217041,nps
pta_217797,pta
deu_71143,deu
orc_50683,orc
kbr_21996,kbr
cko_69481,cko
kdt_203292,kdt
iba_195917,iba
mxv_107200,mxv
heb_27440,heb
gun_202338,gun
bas_01925,bas
pln_47384,pln
loz_108366,loz
abs_161461,abs
spa_106339,spa
mkw_180758,mkw
pes_145765,pes
nto_216109,nto
soi_125038,soi
nya_179902,nya
wlx_209696,wlx
mhi_80059,mhi
snd_07510,snd
myk_198678,myk
mni_149022,mni
hno_63720,hno
jav_108130,jav
tzm_150852,tzm
mfh_135883,mfh
quh_10584,quh
loz_108386,loz
kgk_26194,kgk
kud_102840,kud
sez_30784,sez
kdh_152657,kdh
kpq_104773,kpq
yaa_41902,yaa
uzn_45157,uzn
msc_67651,msc
miz_49683,miz
tnl_67812,tnl
adx_70652,adx
heb_27441,heb
mvv_07618,mvv
bgz_176288,bgz
kdh_174276,kdh
kqs_200015,kqs
ita_40975,ita
enb_09837,enb
sbu_197345,sbu
gbo_64906,gbo
seh_33504,seh
swh_219293,swh
xuu_119608,xuu
kpq_104775,kpq
bxk_12460,bxk
uzn_45085,uzn
tum_32325,tum
uig_101807,uig
gju_83386,gju
lla_60300,lla
dil_216245,dil
mas_31191,mas
mks_126280,mks
xdy_110434,xdy
shn_126554,shn
wut_115112,wut
mzz_183884,mzz
nuf_115988,nuf
nyq_220542,nyq
nim_38231,nim
nyd_203779,nyd
por_95465,por
sfw_125310,sfw
ksn_206997,ksn
byn_45806,byn
mjt_177897,mjt
mim_127014,mim
tbz_26835,tbz
loe_78627,loe
tca_13833,tca
swp_67527,swp
tgj_49702,tgj
vmk_05443,vmk
mya_48163,mya
mkf_74406,mkf
chb_100213,chb
xuu_119463,xuu
kor_85678,kor
raw_214107,raw
bxk_132772,bxk
zts_26910,zts
hoe_114936,hoe
quz_216333,quz
lbf_06874,lbf
<unk>_144487,<unk>
koe_96749,koe
zyp_24439,zyp
khz_75480,khz
nyf_173163,nyf
yiz_74329,yiz
mzj_157001,mzj
onp_107621,onp
ths_11866,ths
mks_163706,mks
mzp_154590,mzp
tbz_148562,tbz
gno_211193,gno
kno_82648,kno
hix_126793,hix
ymm_40737,ymm
nma_148512,nma
tqo_96391,tqo
lkh_194475,lkh
kgj_147395,kgj
jna_117549,jna
toc_27814,toc
ssy_16333,ssy
snq_128691,snq
tbc_35164,tbc
udu_129534,udu
prs_44040,prs
ena_170706,ena
vmw_121977,vmw
orc_50350,orc
mww_192624,mww
akh_150409,akh
prs_44086,prs
iba_205723,iba
lhm_154056,lhm
vaj_98180,vaj
hdy_154112,hdy
bda_171012,bda
gro_182928,gro
tzm_150847,tzm
nfa_206668,nfa
sna_117882,sna
nas_00720,nas
iba_195930,iba
srq_216886,srq
kvy_117066,kvy
ben_125567,ben
cao_197149,cao
seh_33448,seh
guj_127298,guj
bam_71464,bam
aln_92310,aln
afr_08481,afr
kmz_80960,kmz
atq_168067,atq
awi_25792,awi
pcg_44565,pcg
aeb_68193,aeb
kdj_16820,kdj
bcq_116219,bcq
gvo_28399,gvo
aun_29944,aun
mxv_107161,mxv
tsv_28623,tsv
xsq_186443,xsq
apd_137329,apd
tha_52784,tha
tir_141761,tir
gui_191258,gui
fal_20619,fal
vaj_103581,vaj
wsk_09521,wsk
wme_140330,wme
csh_42120,csh
xdy_189339,xdy
faa_153025,faa
fuf_180580,fuf
bsk_198621,bsk
yaa_04629,yaa
soq_131540,soq
jog_153446,jog
mfz_135474,mfz
thm_22653,thm
bwt_52003,bwt
bis_61455,bis
hak_206504,hak
rml_60450,rml
kji_101749,kji
khq_92444,khq
byd_73384,byd
tir_141810,tir
dob_98474,dob
war_103456,war
pbu_79932,pbu
kqf_127894,kqf
unr_151228,unr
bkx_152202,bkx
glw_70464,glw
myw_156474,myw
auk_120358,auk
dks_66193,dks
hni_65638,hni
spa_106045,spa
kcv_206254,kcv
sbr_217282,sbr
hat_68053,hat
mwm_213790,mwm
hun_96169,hun
nbn_10476,nbn
sru_155888,sru
gnn_208288,gnn
saq_97388,saq
npi_30112,npi
yin_92995,yin
zab_25562,zab
cnh_164375,cnh
mqu_85765,mqu
ada_50873,ada
mkb_110804,mkb
ttv_190877,ttv
lhu_174590,lhu
cgk_121580,cgk
mxv_107098,mxv
uya_171550,uya
ahb_142185,ahb
bgr_15640,bgr
ngl_65984,ngl
wmo_120392,wmo
gom_155378,gom
qvo_187819,qvo
pse_176210,pse
eng_58314,eng
ita_57128,ita
iba_97472,iba
lin_36132,lin
fra_160933,fra
quh_19128,quh
new_27722,new
lok_190752,lok
kno_82724,kno
dhm_186315,dhm
hil_23912,hil
cmn_89949,cmn
ptu_21687,ptu
bdl_64947,bdl
qvw_196485,qvw
mhw_22810,mhw
zul_109900,zul
ayo_16218,ayo
mie_101490,mie
nag_05197,nag
bvd_129342,bvd
spn_25168,spn
fie_50788,fie
ydd_194179,ydd
zul_109799,zul
bdi_79601,bdi
mau_09855,mau
ywq_01773,ywq
gup_208038,gup
akr_175873,akr
dzo_136102,dzo
mni_22208,mni
wod_131965,wod
qul_88990,qul
kyc_218213,kyc
Zambia_35587,Zambia
mme_154318,mme
gvj_187313,gvj
nij_38477,nij
lus_216560,lus
kmc_153710,kmc
hne_163024,hne
bwx_118694,bwx
mxn_19298,mxn
ngu_126067,ngu
lgr_130604,lgr
fli_147575,fli
wof_78315,wof
swh_67057,swh
mbh_215556,mbh
orc_128278,orc
cnk_21981,cnk
sgz_44443,sgz
bix_112640,bix
cnw_201752,cnw
cce_60192,cce
khm_102496,khm
gog_74925,gog
nan_134957,nan
npb_141171,npb
kam_75814,kam
mvv_07655,mvv
abt_08993,abt
top_196555,top
bis_61482,bis
orc_49972,orc
mgh_65200,mgh
fie_50799,fie
con_05708,con
ndr_170083,ndr
top_196800,top
nnw_191595,nnw
sbd_185637,sbd
eng_88314,eng
bcq_116271,bcq
ngc_34591,ngc
nxq_08810,nxq
mfz_135490,mfz
cmn_27926,cmn
tbo_218580,tbo
wut_115108,wut
mjz_89593,mjz
zem_97183,zem
ria_74137,ria
trp_163401,trp
knl_146425,knl
nyd_203954,nyd
ium_164748,ium
bya_181249,bya
mxn_95856,mxn
nqy_101559,nqy
gar_211004,gar
kjl_76800,kjl
sxb_188327,sxb
kam_75839,kam
mgp_142913,mgp
ita_40965,ita
prs_44278,prs
vay_80434,vay
sbd_185841,sbd
sna_117711,sna
wlw_133099,wlw
mlk_194861,mlk
trp_163530,trp
trp_95510,trp
hio_217690,hio
mxn_95832,mxn
emp_89237,emp
sil_25799,sil
qui_139428,qui
qxu_32033,qxu
lkh_194491,lkh
ahb_142186,ahb
khg_34348,khg
drd_54837,drd
xdy_137829,xdy
eng_58337,eng
aly_97583,aly
pan_71845,pan
rmn_78037,rmn
hun_96178,hun
bgr_15725,bgr
wut_115103,wut
nan_56618,nan
lic_52273,lic
lwo_172388,lwo
zul_109830,zul
hvn_153600,hvn
aeu_120015,aeu
orc_49946,orc
szb_210030,szb
sfm_203712,sfm
tir_141776,tir
amb_44979,amb
gle_133557,gle
ont_132868,ont
ccp_198056,ccp
zne_107895,zne
bgq_20134,bgq
drd_54835,drd
lgr_130752,lgr
dje_77717,dje
blr_139682,blr
suz_24585,suz
xmc_213108,xmc
kmh_151121,kmh
aly_97641,aly
por_95120,por
pbo_106625,pbo
bfg_49365,bfg
nii_163765,nii
mjs_08829,mjs
aro_183815,aro
bkx_152229,bkx
ium_146500,ium
slr_12086,slr
zpz_83298,zpz
mfc_184892,mfc
otr_01379,otr
her_23346,her
knm_56075,knm
tzo_74832,tzo
tbz_26881,tbz
hat_68021,hat
gri_211920,gri
cce_60183,cce
jaa_154159,jaa
emk_112088,emk
cib_35232,cib
dnn_62198,dnn
las_212353,las
ceb_198848,ceb
mev_56772,mev
bam_71278,bam
mxj_09428,mxj
gia_201775,gia
san_152080,san
kfx_129279,kfx
tgl_13025,tgl
tum_32214,tum
bgr_63967,bgr
ben_149659,ben
pao_203263,pao
xkz_24636,xkz
kls_136717,kls
gbe_23868,gbe
ghr_134769,ghr
rah_55432,rah
bin_58063,bin
msc_67755,msc
kqs_20789,kqs
zns_142319,zns
nuj_84873,nuj
guj_188988,guj
mai_122286,mai
abs_161489,abs
csh_198289,csh
lsi_63542,lsi
xtn_184979,xtn
med_34951,med
gur_47061,gur
wci_151790,wci
pud_97017,pud
por_66311,por
gno_02664,gno
hmo_54072,hmo
ter_216068,ter
mxy_159328,mxy
nij_165353,nij
rus_113878,rus
rmy_218401,rmy
pta_217787,pta
khk_36989,khk
cbn_175547,cbn
xtt_95070,xtt
sml_167287,sml
dhd_159107,dhd
mdb_61086,mdb
amh_03591,amh
chy_70370,chy
bam_71459,bam
lle_72597,lle
tdx_113183,tdx
mgw_68221,mgw
eng_43175,eng
mfq_88601,mfq
lvs_139815,lvs
bvd_129327,bvd
haj_197026,haj
vmk_05473,vmk
cas_158661,cas
eng_88500,eng
gur_47032,gur
gdn_112562,gdn
nmb_49237,nmb
Zambia_109276,Zambia
qvm_154898,qvm
xkn_197297,xkn
bru_164982,bru
lbr_22605,lbr
ntj_209116,ntj
bfa_55906,bfa
sbx_38697,sbx
pis_143990,pis
pan_55336,pan
ywa_79452,ywa
khe_92746,khe
mgc_199178,mgc
lun_09177,lun
kxw_71008,kxw
pht_45439,pht
saz_85169,saz
afr_08643,afr
bgr_15726,bgr
snd_07371,snd
dig_160654,dig
ese_117394,ese
hld_03342,hld
gnm_147331,gnm
itv_151886,itv
nan_56669,nan
mmc_83592,mmc
sbe_167559,sbe
wbm_217310,wbm
sid_71910,sid
bnp_142227,bnp
mpx_124984,mpx
kue_63033,kue
gbo_84916,gbo
mgw_68212,mgw
siy_104369,siy
trp_163554,trp
sin_204337,sin
tll_150989,tll
gnw_173327,gnw
dyu_208623,dyu
pis_144073,pis
xem_115859,xem
mnb_121232,mnb
mos_159856,mos
pia_104855,pia
ebu_195456,ebu
dnn_22244,dnn
afr_08650,afr
wod_132050,wod
trd_18081,trd
seg_90605,seg
fuh_133226,fuh
gby_118718,gby
nfa_206733,nfa
loz_108292,loz
ben_125465,ben
dsh_20991,dsh
njz_76384,njz
kgy_173563,kgy
pof_77726,pof
ztp_173413,ztp
szb_189974,szb
wol_196814,wol
wsk_09504,wsk
kff_206547,kff
mhi_80136,mhi
dyu_208724,dyu
txu_94187,txu
ppk_53495,ppk
pri_134195,pri
gjn_146157,gjn
adi_05323,adi
afr_08648,afr
kma_53908,kma
nnd_145526,nnd
skx_120116,skx
tuo_105094,tuo
guw_143184,guw
sat_81687,sat
wew_44662,wew
nuj_84877,nuj
wes_79909,wes
mkw_180840,mkw
tkp_105223,tkp
rus_113871,rus
pmy_165745,pmy
nyy_69767,nyy
aqg_123808,aqg
rif_101587,rif
gvn_178595,gvn
nsm_172550,nsm
gou_114078,gou
tha_52666,tha
ato_10638,ato
all_138875,all
<unk>_129634,<unk>
ldi_212569,ldi
guz_54638,guz
bbc_34160,bbc
nan_134963,nan
sna_117919,sna
gai_215677,gai
shn_220082,shn
tnp_145098,tnp
soe_164801,soe
tuk_93413,tuk
kiw_110167,kiw
qxu_32175,qxu
med_34965,med
uar_62445,uar
vie_84494,vie
acq_210317,acq
akh_150551,akh
aom_97944,aom
bxh_17255,bxh
lnd_119834,lnd
mjz_89548,mjz
lhu_174476,lhu
lwg_90923,lwg
dua_195639,dua
cfm_112833,cfm
emk_111878,emk
swh_219178,swh
rmn_78077,rmn
ncu_172526,ncu
ctd_203509,ctd
wbl_122225,wbl
kqn_62140,kqn
mym_185260,mym
ktz_46951,ktz
jra_104214,jra
fub_162146,fub
kmo_177252,kmo
mgw_68342,mgw
evn_149270,evn
mjz_89567,mjz
dje_77649,dje
zeh_79706,zeh
brr_98531,brr
bly_41322,bly
gid_99411,gid
blb_154423,blb
lao_10060,lao
fie_50758,fie
kzf_200655,kzf
bxh_17263,bxh
ino_56927,ino
mxu_156574,mxu
zac_16048,zac
saq_97270,saq
tsj_204356,tsj
muh_57895,muh
arn_82049,arn
cmn_28161,cmn
qwa_110355,qwa
oki_78832,oki
tdh_122907,tdh
nbc_105613,nbc
gvr_20204,gvr
kia_135660,kia
vaj_98052,vaj
spa_131149,spa
kmr_59045,kmr
bfr_102169,bfr
mej_78479,mej
tvk_150237,tvk
bqi_60794,bqi
jaa_205683,jaa
xho_175936,xho
swb_54411,swb
jru_182473,jru
lus_161604,lus
fuf_128065,fuf
snd_07234,snd
aiw_111798,aiw
nbi_57210,nbi
pot_103244,pot
mos_159637,mos
mya_48385,mya
xuu_119472,xuu
xem_144780,xem
khz_75447,khz
dms_161136,dms
mhw_22951,mhw
mve_140491,mve
ktz_18852,ktz
the_189862,the
zpz_83294,zpz
guj_211667,guj
bem_12853,bem
pkh_83516,pkh
csh_64336,csh
txo_84076,txo
bjg_123950,bjg
pln_47297,pln
men_202907,men
eng_173911,eng
tgl_13204,tgl
hus_122652,hus
mme_154330,mme
swv_139361,swv
spa_106199,spa
maw_171099,maw
qxu_32061,qxu
por_66392,por
hvn_153623,hvn
pes_145689,pes
slk_192092,slk
lhu_174485,lhu
rki_181209,rki
ubr_85504,ubr
aly_97634,aly
gur_43973,gur
nao_119726,nao
guj_189125,guj
sbn_161942,sbn
nos_198637,nos
ahk_18665,ahk
ksp_104291,ksp
pov_171395,pov
xsm_220293,xsm
eng_173877,eng
kfx_129295,kfx
gaa_193547,gaa
hul_200257,hul
srq_216866,srq
mbp_27001,mbp
tri_177628,tri
gbi_152923,gbi
nza_105364,nza
mjt_29861,mjt
tan_114654,tan
ilo_91228,ilo
tso_53352,tso
tha_52715,tha
nyf_173192,nyf
twx_153456,twx
tdx_113348,tdx
als_06461,als
mil_31262,mil
tll_150965,tll
hye_218082,hye
cmn_27967,cmn
cmn_61918,cmn
nbc_105661,nbc
ttq_134158,ttq
lma_178902,lma
bxh_17266,bxh
ary_177146,ary
nuy_62660,nuy
tro_59410,tro
tvs_00254,tvs
kei_88100,kei
dre_141967,dre
fub_214919,fub
qxu_32186,qxu
ayp_90713,ayp
nlk_177226,nlk
tam_82310,tam
rmy_218415,rmy
fod_173612,fod
eng_43209,eng
coh_152503,coh
cbt_118608,cbt
gux_117214,gux
iba_195940,iba
eng_173978,eng
ngc_34574,ngc
aio_56562,aio
khk_37072,khk
tdx_113216,tdx
tye_77872,tye
rim_215293,rim
gid_99301,gid
uig_101802,uig
dww_51414,dww
mho_103944,mho
apc_12213,apc
faa_153023,faa
bac_26775,bac
vmk_05610,vmk
xkz_24616,xkz
mgh_65159,mgh
viv_170046,viv
mfz_135407,mfz
kqp_90180,kqp
ygw_92958,ygw
bsq_211015,bsq
gru_04290,gru
skr_196073,skr
fuf_128024,fuf
xuu_119544,xuu
men_60934,men
gui_53716,gui
etr_163387,etr
wrk_86484,wrk
xkl_208962,xkl
kph_06334,kph
ctu_147827,ctu
kqp_90220,kqp
lax_60631,lax
ycl_195844,ycl
qvo_187822,qvo
kzf_58100,kzf
knu_206033,knu
pap_65043,pap
srq_216703,srq
otx_126662,otx
bis_61425,bis
ind_186990,ind
bzf_99486,bzf
khm_102376,khm
mhx_76533,mhx
eyo_91923,eyo
pjt_56301,pjt
mit_02539,mit
thd_06272,thd
beq_134593,beq
tob_132833,tob
ble_121085,ble
wed_185151,wed
dig_160513,dig
soe_107312,soe
maj_133642,maj
dsh_220614,dsh
oyb_118357,oyb
rki_115924,rki
eng_194233,eng
grj_170659,grj
bhx_68529,bhx
mnk_210877,mnk
xkl_180703,xkl
swh_219265,swh
gax_56238,gax
dzg_05431,dzg
mim_62918,mim
eve_90649,eve
drg_110967,drg
mpj_183729,mpj
lml_94887,lml
fuh_133266,fuh
arb_170246,arb
bgr_63982,bgr
zam_34455,zam
bjz_48063,bjz
sna_184809,sna
pai_126307,pai
tzh_117657,tzh
kmm_91066,kmm
cas_158601,cas
xdy_46500,xdy
aup_181346,aup
kaa_47648,kaa
bho_201876,bho
pmx_129060,pmx
doy_32712,doy
tso_53426,tso
som_100592,som
kjl_76696,kjl
oss_80436,oss
xuu_119490,xuu
yin_92976,yin
adx_181674,adx
knl_55740,knl
csy_18239,csy
mlu_219524,mlu
fra_190033,fra
eng_194417,eng
twh_193415,twh
mkd_213323,mkd
mhk_129245,mhk
tpe_46245,tpe
grt_74944,grt
saq_122523,saq
kdq_03003,kdq
sua_171803,sua
rus_113835,rus
wod_132126,wod
als_06483,als
knl_199242,knl
bru_02239,bru
kin_120847,kin
eng_43098,eng
lin_36292,lin
swh_219365,swh
seh_33393,seh
npi_41215,npi
kin_120848,kin
pmf_69560,pmf
mpx_124966,mpx
kyu_209982,kyu
Zambia_35523,Zambia
beo_210116,beo
gvr_29245,gvr
the_94813,the
cao_197153,cao
agr_170479,agr
gyr_95096,gyr
sre_45623,sre
cmn_61832,cmn
lop_41880,lop
cce_60181,cce
pse_178456,pse
wbf_130124,wbf
mrr_199195,mrr
uhn_114479,uhn
tmy_60374,tmy
gno_89156,gno
fuq_129607,fuq
kor_64781,kor
akh_150430,akh
gej_73358,gej
uzn_113559,uzn
soq_131459,soq
kpr_68650,kpr
gbm_87351,gbm
dyi_110449,dyi
mhy_203552,mhy
bbr_70289,bbr
taw_159254,taw
hni_144193,hni
taq_195070,taq
ncl_159040,ncl
pud_97035,pud
var_177423,var
sjl_66964,sjl
bkk_172442,bkk
bgr_15576,bgr
urd_35842,urd
ind_186959,ind
kqs_20815,kqs
kdj_16744,kdj
hun_96176,hun
ewo_51031,ewo
dby_11755,dby
khm_102622,khm
blo_14319,blo
ztg_95933,ztg
saq_122592,saq
int_205433,int
mxv_107236,mxv
aim_123473,aim
klz_29756,klz
mvo_101424,mvo
tis_177755,tis
kzs_24718,kzs
nuo_23063,nuo
zro_64510,zro
orc_50525,orc
jmx_16404,jmx
ajg_220714,ajg
csh_42093,csh
kdt_203301,kdt
ggw_124049,ggw
rmn_89873,rmn
fal_20608,fal
dyo_191007,dyo
pnc_54779,pnc
mkd_213312,mkd
xon_47814,xon
snc_205310,snc
cua_67824,cua
tye_77878,tye
kri_21549,kri
uig_101779,uig
lwg_90908,lwg
ghr_134805,ghr
gvr_97000,gvr
thf_157975,thf
krv_127043,krv
eyo_91899,eyo
tcu_147215,tcu
aia_41435,aia
mig_49671,mig
geb_01915,geb
nwi_144260,nwi
koe_96707,koe
wli_01434,wli
btu_161751,btu
zab_118734,zab
hix_126764,hix
ben_151632,ben
zul_109791,zul
mip_37619,mip
lsh_145473,lsh
klv_144229,klv
xkz_24647,xkz
nyf_169539,nyf
hlb_27896,hlb
hts_58675,hts
nij_97779,nij
cmn_61941,cmn
adl_106751,adl
gbm_87321,gbm
aln_92315,aln
sdr_93734,sdr
mbj_158486,mbj
twi_167996,twi
jge_178019,jge
ben_125980,ben
acz_138009,acz
aau_118142,aau
pga_166856,pga
tay_24605,tay
tuk_93054,tuk
fra_181915,fra
thf_157881,thf
dwy_04049,dwy
aln_92133,aln
swp_62404,swp
spa_131096,spa
apd_137470,apd
bim_201553,bim
gng_98742,gng
roo_107341,roo
ary_177066,ary
xmz_80345,xmz
<unk>_49508,<unk>
pol_204956,pol
tpi_49174,tpi
sck_115363,sck
ben_149742,ben
nst_87615,nst
mjz_89563,mjz
kor_85685,kor
ium_164746,ium
ewo_51050,ewo
suk_157623,suk
rki_115908,rki
ben_125621,ben
nas_00756,nas
blk_119788,blk
dkx_60147,dkx
kcs_88147,kcs
mzq_91474,mzq
fij_205558,fij
arb_170349,arb
adx_181659,adx
tsj_189717,tsj
nos_128639,nos
cce_60182,cce
khk_36985,khk
nnu_163958,nnu
gui_53778,gui
apc_184383,apc
nij_149458,nij
acm_209532,acm
guc_176425,guc
eyo_91958,eyo
mnb_121225,mnb
kml_97878,kml
enq_57067,enq
acq_210465,acq
bee_117547,bee
kjd_220273,kjd
pbt_218917,pbt
gom_198692,gom
xed_14761,xed
bis_61494,bis
slv_74444,slv
nyy_69841,nyy
cnh_164360,cnh
jmx_16545,jmx
mim_83752,mim
niy_15457,niy
yal_93569,yal
gbo_80031,gbo
quw_124218,quw
ayr_187970,ayr
eng_43536,eng
vie_94630,vie
eng_88412,eng
mxt_204596,mxt
gri_62428,gri
uzn_45062,uzn
spy_80762,spy
tuv_25131,tuv
nzb_56118,nzb
bhb_165195,bhb
cfm_145876,cfm
nlv_88712,nlv
moz_152931,moz
rus_114032,rus
sru_155596,sru
quc_177829,quc
btu_161779,btu
quh_19068,quh
dyo_120221,dyo
mwn_06783,mwn
ycl_113036,ycl
mlq_57468,mlq
yal_171709,yal
als_06607,als
mip_37674,mip
esi_63375,esi
usa_74343,usa
mkz_74711,mkz
lic_104393,lic
wme_140324,wme
tet_202572,tet
lbf_19584,lbf
toq_07102,toq
pes_145801,pes
wbf_210629,wbf
uzn_45203,uzn
apz_137210,apz
kor_85646,kor
gvo_28398,gvo
teo_142667,teo
aui_40174,aui
mai_156188,mai
gng_98779,gng
awe_120207,awe
yao_39447,yao
vut_124814,vut
twy_206468,twy
cmn_61929,cmn
rim_215419,rim
gew_185447,gew
nij_97822,nij
lue_166542,lue
bwi_127488,bwi
tpa_182612,tpa
tzh_117665,tzh
brg_23081,brg
aln_92103,aln
mbh_215538,mbh
mzw_94682,mzw
nuy_62675,nuy
hil_23927,hil
rmt_148431,rmt
eng_130383,eng
yet_73907,yet
dyo_191135,dyo
iti_117100,iti
seh_33374,seh
ywn_54677,ywn
dhd_159109,dhd
atd_65532,atd
cly_38569,cly
mdy_11294,mdy
ven_212093,ven
mhw_22991,mhw
kfs_94482,kfs
<unk>_117376,<unk>
nke_173771,nke
wbp_109085,wbp
tam_82451,tam
xkl_44789,xkl
giz_206623,giz
bjx_103254,bjx
ese_117436,ese
npi_19908,npi
kiw_139487,kiw
hno_63706,hno
pis_143678,pis
zbu_35078,zbu
abs_161463,abs
quc_54957,quc
ewe_215833,ewe
bim_201519,bim
are_99690,are
bis_61295,bis
klv_144222,klv
hru_219019,hru
bwu_201389,bwu
jra_188698,jra
gah_106782,gah
gai_215666,gai
hak_69514,hak
aoe_115435,aoe
kwk_63522,kwk
tuy_27228,tuy
slk_192146,slk
tvs_00261,tvs
siu_49367,siu
iri_63664,iri
aad_107022,aad
mbp_27005,mbp
xtm_147147,xtm
apc_180241,apc
kud_103041,kud
pap_65055,pap
lns_28967,lns
fie_50777,fie
kil_105687,kil
nym_14991,nym
tum_32381,tum
dww_51220,dww
nst_221081,nst
kiu_163220,kiu
mnk_210746,mnk
tgd_163864,tgd
xdy_203195,xdy
tpr_189914,tpr
new_172675,new
cmn_61978,cmn
sah_220855,sah
skr_196064,skr
ter_216073,ter
olu_33112,olu
hye_218107,hye
nrf_218310,nrf
gub_148825,gub
zgb_75578,zgb
fod_173650,fod
fuc_111577,fuc
kkn_169299,kkn
khm_102507,khm
fij_183560,fij
mgw_68306,mgw
agw_218005,agw
cbn_175540,cbn
nbu_86564,nbu
wim_182349,wim
seg_90462,seg
mym_185329,mym
eng_173915,eng
tir_141706,tir
con_05705,con
swp_137611,swp
mya_48220,mya
eng_137016,eng
ary_177068,ary
ncl_159017,ncl
sun_86929,sun
pmf_69545,pmf
bbo_193875,bbo
kru_78727,kru
iow_101068,iow
djr_190518,djr
agr_170494,agr
mfz_135417,mfz
kvr_33127,kvr
kno_82915,kno
sbe_167422,sbe
nst_87566,nst
dub_34296,dub
wmw_115628,wmw
grt_105505,grt
ewe_216014,ewe
gaj_193694,gaj
tpx_118440,tpx
ind_186685,ind
mhw_23001,mhw
mbc_42455,mbc
tdj_187864,tdj
nij_151041,nij
yuf_104414,yuf
mlk_194890,mlk
jmn_207606,jmn
dik_53607,dik
bul_107307,bul
lit_96601,lit
kfv_77405,kfv
zaz_146246,zaz
mcd_57497,mcd
krw_100345,krw
deu_71182,deu
nii_163782,nii
kru_199499,kru
nav_177608,nav
hil_23926,hil
tir_141866,tir
soi_125064,soi
ven_212056,ven
ldo_14629,ldo
llg_132199,llg
kha_112354,kha
bzf_99482,bzf
sry_33951,sry
bho_72331,bho
nya_69909,nya
pko_142883,pko
tmy_60378,tmy
yao_39287,yao
pkb_22302,pkb
soq_131570,soq
arb_170302,arb
lif_01590,lif
dww_51292,dww
lra_64691,lra
klz_29762,klz
iru_121498,iru
khm_102636,khm
bgr_63920,bgr
swh_219070,swh
teo_142763,teo
tcc_147932,tcc
lrl_218829,lrl
wad_88844,wad
ary_177099,ary
rus_113637,rus
oki_78939,oki
hal_207943,hal
ceb_198892,ceb
afr_08571,afr
trp_163427,trp
por_66352,por
nyf_169564,nyf
lnd_90003,lnd
bus_79863,bus
sml_167290,sml
iba_205748,iba
mar_101072,mar
nas_00828,nas
lot_96043,lot
mxd_79089,mxd
kaz_36971,kaz
kwd_172161,kwd
bge_119001,bge
cmn_27912,cmn
new_162349,new
bob_168641,bob
ada_193300,ada
afz_71221,afz
dig_160604,dig
hne_31952,hne
kwn_10534,kwn
ary_79056,ary
ybi_142508,ybi
aly_97539,aly
nuy_62659,nuy
urd_35918,urd
top_196624,top
nuf_115987,nuf
dsh_220675,dsh
tdj_187873,tdj
iii_70441,iii
lla_55642,lla
hui_112529,hui
isn_162562,isn
acu_32600,acu
tam_82478,tam
lub_169167,lub
dwy_04015,dwy
pov_171314,pov
bam_71231,bam
hue_145116,hue
bew_51755,bew
ybi_142521,ybi
mnl_40576,mnl
nuy_62693,nuy
nab_85574,nab
srp_10646,srp
xdy_57837,xdy
agl_133821,agl
kjd_220276,kjd
tzm_150920,tzm
bkq_209633,bkq
uig_101793,uig
tgl_13207,tgl
tan_114690,tan
nfr_118246,nfr
sua_171829,sua
sfw_125229,sfw
yrl_80640,yrl
eng_194204,eng
fuf_180619,fuf
bhh_59852,bhh
aln_142557,aln
kam_75872,kam
tro_59436,tro
bgr_64014,bgr
kru_199561,kru
zeh_79708,zeh
lis_80978,lis
mjc_108759,mjc
goa_98593,goa
trc_34211,trc
lao_85128,lao
ena_170824,ena
pes_145853,pes
bho_78197,bho
kdh_124596,kdh
csh_198246,csh
ach_13428,ach
new_172665,new
wuv_149140,wuv
tdx_113323,tdx
knt_52235,knt
pes_145639,pes
vaj_98308,vaj
spa_130989,spa
luo_104787,luo
srq_216861,srq
gvj_187310,gvj
mkw_180730,mkw
ben_149842,ben
rgu_105998,rgu
old_01280,old
skx_120153,skx
ben_125471,ben
nbc_105651,nbc
fra_190169,fra
pca_217661,pca
swb_54314,swb
xdy_137809,xdy
pwb_77102,pwb
xav_115753,xav
lin_36143,lin
mef_83061,mef
otq_38532,otq
lew_107494,lew
ksw_36520,ksw
gug_14524,gug
sru_155857,sru
orc_50238,orc
bod_66732,bod
bbr_70299,bbr
nlu_68555,nlu
gum_221373,gum
lyn_28697,lyn
xkl_56724,xkl
men_203024,men
mej_78601,mej
apw_134458,apw
wof_78338,wof
mev_56758,mev
npi_84266,npi
lew_126596,lew
njz_76299,njz
rus_113723,rus
rel_214518,rel
pbt_54531,pbt
njm_112742,njm
emk_112008,emk
vmc_204761,vmc
rim_215309,rim
ngu_126107,ngu
gvr_20198,gvr
otx_126679,otx
mjz_89557,mjz
mfa_08072,mfa
aui_40155,aui
mkw_180741,mkw
eve_90670,eve
adi_193624,adi
tir_141809,tir
sru_155873,sru
sot_38993,sot
adi_05301,adi
tvs_00140,tvs
grd_156029,grd
cfm_129145,cfm
las_212363,las
fij_183504,fij
fra_160961,fra
ben_162973,ben
tdx_113303,tdx
cna_156882,cna
saq_97307,saq
mzz_184049,mzz
vie_84351,vie
aks_77811,aks
wbm_114797,wbm
jul_32453,jul
thq_84852,thq
zyn_83767,zyn
kby_81280,kby
mos_159789,mos
vie_84416,vie
ksp_104275,ksp
acm_209514,acm
kam_75858,kam
sot_38865,sot
jra_188744,jra
tha_52678,tha
shn_220006,shn
tab_197510,tab
suk_157542,suk
xho_175970,xho
vmk_05670,vmk
ktz_47015,ktz
bgr_63939,bgr
aui_40268,aui
gvc_99995,gvc
gng_70904,gng
zpj_147852,zpj
kno_82941,kno
qux_41309,qux
koe_96854,koe
msn_176083,msn
tab_197547,tab
sdr_64590,sdr
isn_162521,isn
jen_12970,jen
jul_32436,jul
khq_92568,khq
orc_50615,orc
eng_43219,eng
mwv_10327,mwv
mfa_08118,mfa
gng_98743,gng
bhx_68541,bhx
tpi_49153,tpi
tgl_13218,tgl
otq_38490,otq
fub_214923,fub
awn_84724,awn
olu_33086,olu
shj_220493,shj
taj_103702,taj
arb_170267,arb
sbd_185484,sbd
pad_199727,pad
ngu_126137,ngu
klo_177503,klo
yon_89315,yon
new_162343,new
npi_84248,npi
arg_62868,arg
jig_84759,jig
mzz_184039,mzz
pse_178463,pse
knp_175524,knp
lum_184822,lum
kri_21547,kri
hnd_46928,hnd
yal_171767,yal
snd_07405,snd
tha_52692,tha
gup_55692,gup
bxk_57779,bxk
bxk_132718,bxk
aix_101397,aix
khm_102463,khm
pht_73089,pht
kue_63116,kue
por_66383,por
swh_67249,swh
plt_168976,plt
mya_130423,mya
sus_168445,sus
kno_82729,kno
tdj_187869,tdj
aro_183831,aro
fra_181795,fra
ind_186949,ind
rwr_99163,rwr
guk_14245,guk
qug_17113,qug
pov_171491,pov
ctg_03061,ctg
kjs_65722,kjs
esg_82198,esg
skg_64159,skg
mxt_204540,mxt
hvn_153591,hvn
kik_152532,kik
mvf_182205,mvf
dww_51342,dww
shc_126738,shc
cek_13703,cek
hin_29315,hin
dyo_191121,dyo
btt_111027,btt
pis_144145,pis
mbu_146369,mbu
bgz_138398,bgz
ztx_99254,ztx
mvg_41051,mvg
iba_57989,iba
tum_32275,tum
gwn_159484,gwn
otd_167317,otd
bgq_20133,bgq
seh_33463,seh
sru_155687,sru
ulu_20296,ulu
kqs_200003,kqs
lit_96562,lit
pjt_56277,pjt
amk_150056,amk
pww_27665,pww
ttq_85894,ttq
unr_151303,unr
cch_177460,cch
dgz_143284,dgz
mcn_128448,mcn
puu_114871,puu
hye_81297,hye
xdy_57851,xdy
njh_134317,njh
tzo_74807,tzo
twe_132572,twe
boq_108196,boq
nmo_194000,nmo
cux_02899,cux
siu_49386,siu
gom_11468,gom
gno_02649,gno
kcs_88119,kcs
lns_28936,lns
pga_166869,pga
pad_199780,pad
lro_113496,lro
aui_40446,aui
mwq_30710,mwq
npi_19886,npi
sbd_185756,sbd
mya_48555,mya
snc_189357,snc
orc_50225,orc
apz_137201,apz
lif_153396,lif
kqc_72762,kqc
gvr_138707,gvr
mhy_203573,mhy
qxu_32018,qxu
orc_49996,orc
Zambia_109406,Zambia
gbo_98588,gbo
mve_140457,mve
lin_36104,lin
aso_26830,aso
psn_121868,psn
cmn_28140,cmn
ost_44834,ost
cbn_175641,cbn
lsm_95611,lsm
afu_194706,afu
eyo_91826,eyo
lic_119234,lic
ssw_147101,ssw
lok_37934,lok
nbi_57193,nbi
ssw_147115,ssw
nhx_167400,nhx
cap_156872,cap
dot_118361,dot
ces_183111,ces
nyf_173123,nyf
mjz_89695,mjz
kmc_162733,kmc
bsn_165277,bsn
<unk>_31727,<unk>
hnj_133985,hnj
ulu_20329,ulu
amn_66681,amn
yor_187062,yor
vag_154341,vag
cmn_61647,cmn
Zambia_35560,Zambia
wbp_108833,wbp
nso_217370,nso
men_60858,men
yyu_41284,yyu
byd_73378,byd
nya_70018,nya
bxk_57732,bxk
ybl_142134,ybl
por_95300,por
bim_201626,bim
iws_25022,iws
taj_103625,taj
mhx_76535,mhx
huv_179778,huv
gog_74921,gog
bjg_69164,bjg
wmw_115713,wmw
mve_140429,mve
lgr_130570,lgr
gvr_29166,gvr
soq_131397,soq
ssk_62299,ssk
wci_151858,wci
snd_07407,snd
ben_125415,ben
mkw_180783,mkw
dos_18476,dos
xub_151387,xub
tdh_122985,tdh
oia_110771,oia
qvj_33834,qvj
lep_107575,lep
sdo_180189,sdo
bud_62328,bud
pdu_190271,pdu
abz_70153,abz
xty_87010,xty
ife_158896,ife
bca_145321,bca
pmf_69546,pmf
<unk>_118451,<unk>
zgb_75606,zgb
glw_70472,glw
thf_158155,thf
bee_06297,bee
tdv_197801,tdv
pis_143926,pis
bfy_114453,bfy
asc_121605,asc
xdy_18425,xdy
vaj_98055,vaj
tpe_46396,tpe
ksp_157438,ksp
kck_150120,kck
mjt_132439,mjt
dyu_208742,dyu
men_60885,men
pes_145780,pes
ces_183103,ces
mej_78451,mej
njz_76195,njz
sbd_185757,sbd
cco_96668,cco
apc_136169,apc
gom_218250,gom
kqs_20810,kqs
kjl_76614,kjl
nmf_10394,nmf
byz_09616,byz
glh_150362,glh
rug_188371,rug
ewe_215865,ewe
ekg_135820,ekg
tif_72714,tif
yue_32952,yue
som_100584,som
dde_199358,dde
gyr_95102,gyr
wme_140178,wme
adx_87877,adx
sna_118022,sna
kne_51072,kne
djr_190484,djr
snp_167174,snp
sot_38987,sot
hii_206414,hii
ppq_148707,ppq
nij_38468,nij
pdt_56252,pdt
mrr_199200,mrr
abz_70150,abz
lwg_90913,lwg
tpe_46229,tpe
som_100473,som
kqs_20723,kqs
dsh_20951,dsh
vrs_124487,vrs
acq_210366,acq
sna_117725,sna
mya_48251,mya
tso_53326,tso
lgr_130757,lgr
ngu_175147,ngu
key_02369,key
yal_93646,yal
nst_19754,nst
arg_147629,arg
ctg_91647,ctg
bee_06307,bee
ium_162062,ium
mlk_194728,mlk
quw_124204,quw
pgg_57385,pgg
ory_15967,ory
tpi_49129,tpi
mos_159657,mos
ben_81456,ben
pwm_170632,pwm
mas_30917,mas
iws_25020,iws
sru_155748,sru
wmw_115688,wmw
luo_207232,luo
clt_202797,clt
thr_80856,thr
vor_177769,vor
oub_71064,oub
tvs_00108,tvs
aso_26819,aso
raa_133009,raa
bdi_79593,bdi
yue_32816,yue
gvo_04193,gvo
wof_78345,wof
nfa_206691,nfa
qvi_94847,qvi
pof_31458,pof
khm_102543,khm
ayr_187931,ayr
ewo_51054,ewo
yal_93589,yal
xav_115781,xav
khk_36991,khk
mzp_154756,mzp
zpl_181009,zpl
oro_105608,oro
csh_198166,csh
bee_29648,bee
cnh_164260,cnh
ben_125782,ben
gup_208035,gup
zdj_211705,zdj
mro_73669,mro
zty_12243,zty
nna_195579,nna
mai_79720,mai
spa_131082,spa
kbp_54994,kbp
duc_14404,duc
quv_193850,quv
dig_160400,dig
ngc_34779,ngc
nan_56687,nan
uar_62458,uar
not_65825,not
fvr_126220,fvr
kqp_90277,kqp
ppq_148677,ppq
slk_192135,slk
pgg_57386,pgg
tmf_35629,tmf
kqp_90104,kqp
bis_61234,bis
grt_180370,grt
zyn_181167,zyn
bxh_17813,bxh
abs_161474,abs
mau_09878,mau
zap_211070,zap
pll_134403,pll
zab_118737,zab
mnx_111013,mnx
wci_151808,wci
pex_80170,pex
geb_133724,geb
bfa_138256,bfa
kbp_204201,kbp
acm_209519,acm
top_196558,top
tha_52648,tha
mni_149000,mni
lug_139150,lug
yal_171707,yal
khg_34379,khg
kbp_55002,kbp
kjl_76617,kjl
afu_194673,afu
ibo_165302,ibo
nbe_146275,nbe
wlx_209682,wlx
are_99670,are
mfb_24934,mfb
tpa_182597,tpa
hui_112454,hui
mya_48561,mya
jmx_170124,jmx
kno_82798,kno
abt_134105,abt
ary_177152,ary
mww_166236,mww
rml_60424,rml
pjt_56412,pjt
mwn_06722,mwn
mqx_53789,mqx
biv_16164,biv
qxl_84546,qxl
bmm_117143,bmm
pov_171407,pov
tty_157498,tty
abt_09001,abt
tpj_135578,tpj
lub_169177,lub
gkp_18396,gkp
ckb_152137,ckb
gjn_146136,gjn
wci_151854,wci
spa_131087,spa
por_95415,por
ron_100732,ron
kmw_79819,kmw
quh_19018,quh
lpo_24369,lpo
rus_113866,rus
ddg_72239,ddg
khe_92765,khe
ijc_202410,ijc
uig_101805,uig
nbe_146260,nbe
gaz_05394,gaz
txq_145122,txq
ymm_40828,ymm
npi_30185,npi
soq_131466,soq
aot_182038,aot
koe_96787,koe
mos_159809,mos
qub_129173,qub
kgk_26163,kgk
pan_71771,pan
unr_151142,unr
lif_01628,lif
fra_160956,fra
ghk_118284,ghk
mki_110935,mki
cul_147768,cul
gga_172826,gga
luo_207336,luo
loz_108315,loz
tkb_174704,tkb
rel_214531,rel
ben_125791,ben
agl_133823,agl
lbx_83110,lbx
wat_72764,wat
chq_86588,chq
swh_219383,swh
tnp_88554,tnp
pht_45522,pht
gax_118599,gax
dks_66299,dks
knm_56080,knm
nlj_192449,nlj
ngc_34644,ngc
ahr_175669,ahr
swb_54442,swb
xkt_116998,xkt
kfx_129308,kfx
kup_68799,kup
nym_15043,nym
gmb_163127,gmb
aio_56567,aio
pnq_152058,pnq
top_196763,top
nij_165318,nij
toq_07046,toq
pei_156239,pei
gaa_193474,gaa
kex_101131,kex
gur_47147,gur
bvc_73279,bvc
kin_120876,kin
lri_39022,lri
rgs_160175,rgs
jmb_84897,jmb
seg_90500,seg
lin_36182,lin
bmf_124391,bmf
kge_18010,kge
byc_45880,byc
kjd_220247,kjd
gwd_77289,gwd
gas_20442,gas
amb_44968,amb
lgg_35055,lgg
pga_166872,pga
plt_169124,plt
mve_138316,mve
bvu_100126,bvu
yaf_136547,yaf
slv_74530,slv
mwn_06647,mwn
ghr_134675,ghr
iba_195334,iba
sui_110077,sui
byd_164629,byd
dta_87707,dta
tts_13569,tts
tkb_174679,tkb
pjt_56285,pjt
mwn_06733,mwn
fuf_180474,fuf
tso_53244,tso
ctu_18578,ctu
hnj_133975,hnj
xsq_186409,xsq
tcz_140849,tcz
qvi_94852,qvi
<unk>_73679,<unk>
swh_219117,swh
mos_159729,mos
mni_175207,mni
knc_201073,knc
itz_53179,itz
mam_214635,mam
lao_10122,lao
vaa_77233,vaa
som_100429,som
dty_66489,dty
yuz_51499,yuz
mkd_213359,mkd
toq_06926,toq
fod_173647,fod
mnk_210831,mnk
xsm_220397,xsm
mos_159705,mos
pln_47248,pln
dig_160607,dig
kqf_127984,kqf
ttq_134162,ttq
tdh_123055,tdh
bcc_153512,bcc
prm_64050,prm
nya_69992,nya
bis_61426,bis
aix_09228,aix
mkd_213672,mkd
acz_138171,acz
som_100467,som
bvu_68999,bvu
bqc_168677,bqc
wed_185112,wed
cmn_61792,cmn
nac_48645,nac
pua_101173,pua
cmn_201989,cmn
rmb_108562,rmb
aio_56552,aio
nym_15004,nym
ses_165924,ses
acq_210308,acq
auy_133129,auy
erk_15393,erk
cjm_75383,cjm
snk_209758,snk
cdj_87113,cdj
wed_185184,wed
otd_210207,otd
wat_72814,wat
hal_207934,hal
bum_79471,bum
tbo_218562,tbo
mup_183614,mup
sdr_93910,sdr
awi_25692,awi
gun_202128,gun
tkg_102292,tkg
iba_57953,iba
lva_124460,lva
lue_166641,lue
mlk_194770,mlk
nyy_69848,nyy
mos_159619,mos
tso_53322,tso
blb_154395,blb
tir_141908,tir
yaz_203198,yaz
nuy_62635,nuy
wol_196850,wol
hoe_114932,hoe
kzi_68752,kzi
gyr_95081,gyr
adx_181667,adx
pwg_06113,pwg
mxd_79094,mxd
gvc_99828,gvc
trq_82115,trq
nxq_21872,nxq
nxg_75282,nxg
koe_96870,koe
wat_72802,wat
lyn_28741,lyn
bim_201527,bim
sxb_188158,sxb
yka_215488,yka
mkd_213709,mkd
tnv_141068,tnv
kbp_172073,kbp
fue_192476,fue
quh_90966,quh
lbr_22608,lbr
mse_37392,mse
kpb_213857,kpb
ind_186881,ind
nlk_177169,nlk
ses_165944,ses
spa_106078,spa
dnj_86495,dnj
bhj_119685,bhj
rmn_89794,rmn
sck_115378,sck
cnb_116605,cnb
seg_90409,seg
ind_186982,ind
yal_93530,yal
rao_68939,rao
atd_65446,atd
csk_08137,csk
sot_38962,sot
mkw_180767,mkw
guj_188954,guj
ngu_175125,ngu
eng_43457,eng
apc_184401,apc
emb_65421,emb
gjn_146122,gjn
kej_26457,kej
kde_46050,kde
rel_214542,rel
bxh_17222,bxh
bfa_133903,bfa
ldq_76947,ldq
kls_136826,kls
lub_169189,lub
nyf_173038,nyf
suk_157708,suk
fuc_111475,fuc
nms_09774,nms
aly_97498,aly
sdr_64559,sdr
mos_159591,mos
jub_90698,jub
are_99639,are
suk_157668,suk
snk_90935,snk
nst_221031,nst
max_187133,max
pce_102104,pce
viv_170051,viv
ben_99761,ben
gmb_163111,gmb
tca_13893,tca
mor_16149,mor
aww_63578,aww
stt_55023,stt
rmn_78107,rmn
vaj_98026,vaj
kjl_76745,kjl
mgk_78689,mgk
eyo_91845,eyo
kff_30754,kff
dje_77503,dje
nym_15018,nym
soq_131795,soq
gaa_193505,gaa
seh_33227,seh
mwt_221468,mwt
wes_79903,wes
byd_73376,byd
mfq_88622,mfq
acn_198995,acn
sce_80305,sce
fuf_180643,fuf
sou_41861,sou
bjn_176769,bjn
men_202982,men
jaa_154188,jaa
ceb_198834,ceb
guj_189147,guj
kfx_117170,kfx
fra_160858,fra
bgr_63891,bgr
mmd_215442,mmd
men_60849,men
vaj_98018,vaj
bxk_12451,bxk
gjk_22343,gjk
koe_96917,koe
kcc_140879,kcc
bxk_57727,bxk
cli_104136,cli
swh_67151,swh
jnd_194470,jnd
bcc_200579,bcc
dos_139407,dos
lme_13494,lme
adx_181688,adx
trn_141438,trn
sse_84770,sse
knl_55753,knl
lbq_191421,lbq
csh_42322,csh
nxq_185053,nxq
lwo_172396,lwo
shj_220498,shj
nlc_59662,nlc
swp_36827,swp
taj_103668,taj
avu_123366,avu
kfs_94463,kfs
gnd_152705,gnd
xsm_220331,xsm
saq_122538,saq
mgh_65209,mgh
kub_05032,kub
cfm_145878,cfm
saq_122611,saq
ewe_215954,ewe
<unk>_73758,<unk>
ddn_127280,ddn
yao_39513,yao
ngl_146922,ngl
trn_141499,trn
crw_31284,crw
cla_204503,cla
<unk>_31804,<unk>
sip_116853,sip
ssi_41244,ssi
cvg_86751,cvg
fvr_126207,fvr
guj_188960,guj
mpt_156716,mpt
lrm_178197,lrm
ptu_70388,ptu
tna_151743,tna
trp_163550,trp
dgc_180020,dgc
dzg_91320,dzg
por_95196,por
pbo_106565,pbo
kls_136788,kls
duv_53026,duv
csh_42130,csh
nan_134917,nan
zpu_12615,zpu
xty_87018,xty
mya_48150,mya
adx_21893,adx
kwa_83018,kwa
khw_46714,khw
prs_84697,prs
yml_83898,yml
tyr_148223,tyr
nyd_203914,nyd
buj_141092,buj
umb_193058,umb
bip_90378,bip
soa_53855,soa
dww_51413,dww
shk_09577,shk
lun_09120,lun
mkd_213692,mkd
tkd_141370,tkd
orh_68640,orh
acn_217197,acn
tgl_13117,tgl
knl_179710,knl
tpi_49019,tpi
dks_66042,dks
bfz_13316,bfz
djo_133379,djo
bis_61228,bis
nij_169787,nij
lew_107453,lew
lis_118216,lis
ben_125536,ben
gur_43802,gur
nmo_194038,nmo
bam_71411,bam
swp_62415,swp
tso_53445,tso
eng_211295,eng
bfz_55089,bfz
fra_160883,fra
ssi_157299,ssi
skg_64207,skg
gnk_182793,gnk
wme_140190,wme
fub_215048,fub
tpj_135569,tpj
yao_182876,yao
spa_106032,spa
orc_50220,orc
jeh_73693,jeh
syl_116697,syl
tdh_122835,tdh
vaa_77199,vaa
lic_51829,lic
npy_21070,npy
jiv_07938,jiv
csk_08147,csk
ada_50882,ada
grd_156032,grd
bnp_142241,bnp
swh_219487,swh
yuz_51547,yuz
hnj_133951,hnj
pad_199795,pad
pov_171450,pov
jra_104260,jra
rmn_89785,rmn
khe_92840,khe
orc_50284,orc
vmz_161896,vmz
isn_162512,isn
bxh_17447,bxh
kjd_163356,kjd
mix_00900,mix
pbu_184565,pbu
lgr_130728,lgr
aad_107025,aad
thq_51948,thq
ghr_134850,ghr
pse_140723,pse
mip_37821,mip
ndy_60611,ndy
xdy_46491,xdy
brt_207759,brt
avn_85829,avn
fra_160927,fra
mzp_154709,mzp
wwo_127625,wwo
aui_40445,aui
bzy_189556,bzy
int_205458,int
dip_208327,dip
mai_198529,mai
bfz_55099,bfz
khe_92928,khe
qul_88915,qul
swp_36846,swp
haj_197029,haj
lyn_28754,lyn
mro_73615,mro
cav_179282,cav
gjn_146075,gjn
zau_214250,zau
ukr_24068,ukr
ztg_95991,ztg
ssi_157215,ssi
npi_30210,npi
kfk_149363,kfk
nlg_163899,nlg
upv_197869,upv
npi_133444,npi
mgw_68346,mgw
kno_82825,kno
aln_92336,aln
xkc_77738,xkc
kef_41336,kef
lem_87795,lem
tsn_200383,tsn
<unk>_163060,<unk>
hak_56009,hak
ccl_144708,ccl
mpx_124934,mpx
bwm_61513,bwm
gju_144666,gju
mte_201207,mte
cox_87219,cox
aui_40183,aui
adx_70655,adx
hil_23939,hil
lin_36366,lin
sua_171808,sua
dnn_22231,dnn
stt_72672,stt
sqq_64785,sqq
mho_103986,mho
rwr_40093,rwr
gui_53717,gui
sbx_64879,sbx
tet_202582,tet
cih_196174,cih
ngc_34808,ngc
ita_57106,ita
bkx_152312,bkx
ymm_40690,ymm
njz_76449,njz
wli_01427,wli
lgr_130784,lgr
lus_216543,lus
awa_209473,awa
nfa_206649,nfa
ckb_152139,ckb
msy_19187,msy
gaj_193748,gaj
crc_00420,crc
gdn_112565,gdn
gab_182225,gab
lsr_182129,lsr
mbj_158432,mbj
hrv_184448,hrv
dgi_20878,dgi
enl_127667,enl
ggw_124040,ggw
lic_197426,lic
lun_142476,lun
ifb_31853,ifb
kef_41355,kef
trp_163472,trp
luo_207373,luo
psn_121844,psn
mpm_02156,mpm
nst_19773,nst
bfg_31904,bfg
phk_119110,phk
bac_26787,bac
dos_10291,dos
nmo_194027,nmo
nof_115119,nof
plt_169020,plt
dww_51098,dww
pan_55344,pan
mdy_11204,mdy
guc_176494,guc
fub_162198,fub
adx_181651,adx
asb_173002,asb
teo_142838,teo
kru_199654,kru
fra_160900,fra
lsm_95748,lsm
dww_51120,dww
csk_08152,csk
ctg_03062,ctg
swc_186050,swc
pis_144130,pis
lhu_174432,lhu
sdr_64568,sdr
urd_35756,urd
bob_168642,bob
ayr_188003,ayr
dzl_143217,dzl
tke_123102,tke
yao_182887,yao
mgh_65247,mgh
viv_170052,viv
bcc_200576,bcc
for_98781,for
bzy_189561,bzy
taq_195017,taq
bam_71277,bam
snk_209780,snk
skr_04417,skr
cbs_184714,cbs
bee_17962,bee
plw_104738,plw
cdo_169151,cdo
sbd_185466,sbd
kno_82787,kno
kaa_47533,kaa
lew_173699,lew
ngu_175156,ngu
mjt_132502,mjt
bzy_189564,bzy
grt_115204,grt
guc_176398,guc
twm_129773,twm
bun_04303,bun
aln_92151,aln
tls_59577,tls
djo_151457,djo
nxq_08790,nxq
ada_50952,ada
aia_41444,aia
lec_98395,lec
mte_76936,mte
pan_55315,pan
mfz_135318,mfz
sjp_100262,sjp
ell_189477,ell
bee_29625,bee
nas_00772,nas
taq_194984,taq
lol_100303,lol
klr_23671,klr
snk_164970,snk
udg_166457,udg
lic_52289,lic
swh_219154,swh
otq_38500,otq
toq_07049,toq
teo_142819,teo
jmx_16522,jmx
kqf_127914,kqf
otd_218548,otd
peg_18522,peg
yaf_136541,yaf
rim_215198,rim
kam_75930,kam
bfo_119865,bfo
ena_170882,ena
tww_121969,tww
sun_86857,sun
hak_63610,hak
xsq_186391,xsq
nhr_145034,nhr
nst_87474,nst
bfz_201808,bfz
saq_97203,saq
her_23342,her
mpj_183640,mpj
tzh_84684,tzh
bsk_198569,bsk
lif_01701,lif
adi_05316,adi
men_202988,men
bis_61275,bis
npi_30256,npi
wnc_174958,wnc
jav_83407,jav
dks_66167,dks
mrd_118884,mrd
apy_28977,apy
tnl_197858,tnl
zyn_181170,zyn
eng_43330,eng
quh_19158,quh
lcp_19507,lcp
tnv_141070,tnv
smu_21396,smu
msy_19208,msy
guk_72886,guk
cmn_27960,cmn
xta_214286,xta
fra_160713,fra
cag_156627,cag
byd_73395,byd
uba_199708,uba
pei_156219,pei
ubr_85489,ubr
lsm_95660,lsm
pov_171530,pov
mpe_168125,mpe
arg_147627,arg
gog_74846,gog
ygr_173551,ygr
the_169604,the
mbj_158482,mbj
kdj_16863,kdj
gbe_23824,gbe
twi_167831,twi
nym_14971,nym
nyf_173252,nyf
tif_72729,tif
khw_46793,khw
rus_113680,rus
ong_64422,ong
bim_201568,bim
kqf_127825,kqf
khm_102429,khm
pbo_106577,pbo
xkl_44765,xkl
blz_25652,blz
brx_53155,brx
acm_209529,acm
tuy_27393,tuy
khe_92701,khe
qxp_43744,qxp
pbt_218924,pbt
bis_61327,bis
scl_118279,scl
bod_66781,bod
hlb_27889,hlb
loz_108394,loz
ben_149844,ben
arr_49763,arr
mww_23556,mww
pse_178473,pse
mdt_197204,mdt
luo_207270,luo
ddn_143617,ddn
lin_36091,lin
pwg_06194,pwg
mfv_05919,mfv
pcn_36932,pcn
mkw_180802,mkw
tdx_113318,tdx
kty_75433,kty
ukr_24234,ukr
cas_158704,cas
adi_33967,adi
tzm_150900,tzm
mho_103966,mho
csh_198149,csh
nij_149467,nij
bfu_169348,bfu
zne_107946,zne
ljp_151411,ljp
tts_13557,tts
aui_40367,aui
ces_183184,ces
tdh_123038,tdh
gun_202287,gun
avd_210932,avd
amf_44624,amf
rml_60432,rml
cns_74214,cns
khg_34353,khg
eng_43032,eng
xdy_18422,xdy
ces_183157,ces
hui_112445,hui
thl_41988,thl
bug_102047,bug
pis_143732,pis
ses_165919,ses
lma_02562,lma
nnp_52456,nnp
kpq_104752,kpq
yal_171776,yal
bwo_178374,bwo
hin_110627,hin
shn_219962,shn
tpi_48829,tpi
wnc_174995,wnc
tdt_179083,tdt
age_95033,age
bcc_153513,bcc
ttq_85869,ttq
qum_140940,qum
seh_33324,seh
eng_194375,eng
ngz_106684,ngz
vaj_103590,vaj
thf_158192,thf
rir_206798,rir
bxh_17230,bxh
mug_213963,mug
zul_109984,zul
iru_145382,iru
gng_203052,gng
gvo_28437,gvo
teo_142736,teo
kma_53905,kma
ktz_47008,ktz
tcc_148114,tcc
svs_96505,svs
soa_53850,soa
bzi_30392,bzi
hau_153043,hau
bmk_123565,bmk
bhb_24826,bhb
duh_39987,duh
ntj_209099,ntj
mgw_68248,mgw
lra_64677,lra
ort_83154,ort
orc_50617,orc
srr_181599,srr
bfh_07896,bfh
aui_40454,aui
Zambia_109412,Zambia
tir_141735,tir
fij_183539,fij
teo_142831,teo
<unk>_108513,<unk>
eng_42915,eng
vut_124847,vut
kup_68803,kup
anw_170599,anw
acu_32650,acu
bkm_79996,bkm
srp_10816,srp
csh_198314,csh
mas_31063,mas
nes_08947,nes
mig_49673,mig
gui_191219,gui
tel_70776,tel
hbn_11687,hbn
ena_170812,ena
mak_188859,mak
sdq_73031,sdq
arv_84630,arv
cia_84139,cia
bgc_70104,bgc
lnd_163178,lnd
suy_86666,suy
hin_29567,hin
dyu_208603,dyu
mpd_182650,mpd
tkt_79172,tkt
swh_67045,swh
qvs_206935,qvs
xky_44527,xky
mpj_183792,mpj
fub_214902,fub
pof_31567,pof
jra_188674,jra
nxq_08786,nxq
snp_167169,snp
swh_120721,swh
kuj_205201,kuj
kex_101112,kex
ctu_37579,ctu
kff_05093,kff
mvf_182213,mvf
lag_181547,lag
apc_57425,apc
hix_126898,hix
ppk_53505,ppk
txu_94310,txu
ker_178519,ker
plc_193576,plc
hau_136532,hau
hat_67980,hat
xkj_220975,xkj
sdr_64558,sdr
sna_103533,sna
sun_86793,sun
rus_113889,rus
asy_193257,asy
mbl_03930,mbl
xem_115864,xem
qvm_154916,qvm
cmn_27924,cmn
ola_155195,ola
dty_66516,dty
qud_178719,qud
gax_59913,gax
tzm_150823,tzm
bmk_123622,bmk
twm_129931,twm
bcc_200588,bcc
obo_114103,obo
fra_160829,fra
lmk_161396,lmk
dgi_20895,dgi
bkq_209653,bkq
utr_20168,utr
knu_205908,knu
lwg_90790,lwg
zyn_181138,zyn
bgr_15623,bgr
rol_153222,rol
swk_126477,swk
bim_201545,bim
wtm_72081,wtm
tum_32338,tum
shy_72964,shy
dyu_208822,dyu
mar_194430,mar
saq_97271,saq
kqf_127975,kqf
bod_26576,bod
jda_211967,jda
kfb_52823,kfb
mwt_221479,mwt
bxh_17584,bxh
khw_46814,khw
tuy_27364,tuy
ces_183267,ces
wed_09306,wed
wja_133400,wja
mki_110921,mki
dka_54595,dka
azb_132523,azb
yal_171700,yal
unr_151145,unr
fuc_111574,fuc
ces_183284,ces
orc_49852,orc
wim_182333,wim
tzh_84691,tzh
mjg_05365,mjg
mzw_94691,mzw
lis_12688,lis
bbp_84918,bbp
svs_96516,svs
bbc_34174,bbc
ben_125538,ben
swh_219466,swh
jnd_194453,jnd
cfa_09690,cfa
cmn_122156,cmn
sin_204278,sin
quw_124250,quw
jab_124773,jab
khe_92748,khe
mkz_74700,mkz
muv_33659,muv
hix_126888,hix
dks_66226,dks
wew_44691,wew
zte_93425,zte
dip_214686,dip
loy_60742,loy
vmx_118791,vmx
ind_186678,ind
fra_160766,fra
sjm_100404,sjm
lug_139102,lug
cag_156669,cag
ben_144314,ben
rmn_78030,rmn
wbp_108910,wbp
tdh_123025,tdh
lua_96212,lua
sjm_100412,sjm
hig_190596,hig
qxp_43736,qxp
loz_108387,loz
viv_169926,viv
csh_198337,csh
fra_190242,fra
skr_196117,skr
cmn_28132,cmn
mch_182705,mch
buz_88014,buz
age_206092,age
quh_19035,quh
txt_16106,txt
hlb_27874,hlb
khq_92545,khq
nao_119703,nao
swc_186126,swc
mup_112708,mup
tsr_141108,tsr
mya_48335,mya
dgc_122812,dgc
bgt_15292,bgt
csh_198316,csh
ben_125756,ben
sil_25907,sil
sus_168423,sus
tuk_93100,tuk
zhi_101526,zhi
hau_136528,hau
fwe_116075,fwe
ukr_24004,ukr
teo_142733,teo
bem_12714,bem
mjz_89642,mjz
ghr_134694,ghr
gur_47145,gur
ygw_92946,ygw
dzo_136077,dzo
bam_178361,bam
lrl_218834,lrl
ola_209730,ola
tso_53241,tso
mya_165426,mya
zpm_74265,zpm
tkx_61051,tkx
cmn_192035,cmn
eip_178832,eip
aui_40306,aui
abt_134074,abt
ybh_106913,ybh
kqp_90288,kqp
tuv_25044,tuv
tha_52758,tha
dgc_180046,dgc
auu_198982,auu
kua_49423,kua
wci_151859,wci
lug_139063,lug
tuy_27341,tuy
ksn_207005,ksn
xuu_119487,xuu
isn_162477,isn
mkd_213556,mkd
nfd_82573,nfd
ikw_137180,ikw
teo_142666,teo
mhw_23042,mhw
kls_136796,kls
bam_71391,bam
crn_197615,crn
rel_214562,rel
lbx_77013,lbx
shn_220145,shn
apc_184374,apc
ztp_173497,ztp
cik_169469,cik
new_172581,new
olu_33096,olu
kri_21622,kri
aui_40371,aui
brt_207745,brt
yes_117333,yes
bgr_15579,bgr
xem_10437,xem
byv_205470,byv
ble_121004,ble
bzy_189580,bzy
ben_125354,ben
gub_148819,gub
ind_186636,ind
afr_08423,afr
srr_140696,srr
mej_78504,mej
mgc_199166,mgc
pih_14692,pih
enx_221217,enx
ewe_215985,ewe
suk_157575,suk
nij_38454,nij
sfw_125289,sfw
nxq_21877,nxq
eng_88477,eng
lbj_196201,lbj
gdn_112556,gdn
mej_78496,mej
iba_195910,iba
tlf_145537,tlf
swh_120547,swh
pis_143723,pis
swp_137567,swp
orc_49864,orc
rim_215324,rim
ruk_88741,ruk
rgs_160324,rgs
tvd_138334,tvd
fub_214941,fub
nij_38464,nij
unr_151264,unr
qvw_196474,qvw
bkx_152199,bkx
hts_58793,hts
beu_197980,beu
bxq_207702,bxq
heg_219847,heg
pib_45834,pib
asy_193256,asy
mni_148967,mni
fuf_180563,fuf
khc_128609,khc
lif_01635,lif
aim_123457,aim
mkd_213431,mkd
tem_161380,tem
tpj_135592,tpj
tpe_46385,tpe
xkl_202421,xkl
mym_185351,mym
yrl_80629,yrl
arn_81974,arn
umb_192988,umb
sbd_185486,sbd
rol_153182,rol
snc_189359,snc
lkh_194504,lkh
ind_186751,ind
mjt_29846,mjt
fat_210563,fat
gur_43778,gur
lbw_138200,lbw
djr_190326,djr
mch_182721,mch
fub_214884,fub
ses_166018,ses
kqs_199966,kqs
ayo_16191,ayo
mkf_74397,mkf
her_23356,her
kue_63036,kue
mnl_40563,mnl
sse_84784,sse
bgz_176301,bgz
kml_87965,kml
kli_215640,kli
nas_00609,nas
qux_41318,qux
xsr_207796,xsr
hio_217695,hio
nhr_144878,nhr
zpx_40024,zpx
zne_108002,zne
som_100457,som
shn_220120,shn
zeh_79678,zeh
mya_48548,mya
fra_190218,fra
cnw_201746,cnw
xtj_03763,xtj
rmy_04272,rmy
pcn_191658,pcn
brr_98528,brr
tke_123157,tke
mpd_182637,mpd
kyu_210011,kyu
kxm_42515,kxm
bjh_49588,bjh
bxh_17741,bxh
nya_69968,nya
mwn_06781,mwn
yao_39313,yao
sfw_125128,sfw
xed_143049,xed
mxt_204548,mxt
cik_169462,cik
bud_62338,bud
arz_109642,arz
seh_33253,seh
thq_46423,thq
tuk_93030,tuk
eng_43611,eng
tel_70834,tel
nia_202077,nia
bhu_176797,bhu
tuk_93315,tuk
gvf_116618,gvf
tel_214751,tel
nab_40614,nab
rab_39829,rab
mjz_89705,mjz
tuk_93306,tuk
pwo_191463,pwo
suk_157762,suk
ble_121090,ble
pbi_58275,pbi
tqu_158991,tqu
swp_67549,swp
cbn_175551,cbn
mnb_121233,mnb
xho_175907,xho
sxb_188211,sxb
tif_72717,tif
bwu_201439,bwu
mkf_74412,mkf
eng_174101,eng
ium_121215,ium
kor_85594,kor
dhg_14851,dhg
meu_114393,meu
iba_79204,iba
mng_21907,mng
kwd_172220,kwd
bmr_72863,bmr
tet_202513,tet
mim_192749,mim
kff_30758,kff
nso_217498,nso
bit_164726,bit
piu_03913,piu
swv_139345,swv
mug_214031,mug
cnh_164403,cnh
dnn_22241,dnn
div_81311,div
zkn_123757,zkn
mey_184340,mey
xmz_11625,xmz
ife_158920,ife
rab_39884,rab
mte_201202,mte
aiw_111848,aiw
fra_181801,fra
pbb_41599,pbb
cao_197151,cao
ena_170903,ena
sbd_185658,sbd
bza_02015,bza
are_99651,are
khe_92883,khe
yin_92980,yin
mrm_10925,mrm
adz_12144,adz
ppo_98440,ppo
mwq_30539,mwq
men_202867,men
bde_142062,bde
wme_140369,wme
bza_02020,bza
nyf_173258,nyf
<unk>_55148,<unk>
aim_123502,aim
lue_166610,lue
tlp_110565,tlp
tur_105056,tur
bmf_124428,bmf
tsr_141143,tsr
wtm_72106,wtm
stj_170573,stj
cmn_61768,cmn
wmt_154532,wmt
hts_58591,hts
mai_53053,mai
teo_142631,teo
atd_65502,atd
slr_12082,slr
urd_35731,urd
lic_52266,lic
jra_104251,jra
nim_38189,nim
guc_176515,guc
gbz_40659,gbz
nyy_69831,nyy
bod_66750,bod
xdy_203175,xdy
arr_49806,arr
sil_25906,sil
pca_217653,pca
kmp_184316,kmp
twe_132579,twe
lis_118200,lis
wob_198020,wob
bxr_199062,bxr
ary_177092,ary
brr_98520,brr
bgp_81138,bgp
ncm_189731,ncm
iko_197789,iko
pis_144074,pis
mrm_10916,mrm
bmk_123686,bmk
pht_73072,pht
eng_88438,eng
knu_205992,knu
pai_126308,pai
mer_159387,mer
vie_84429,vie
mlu_219599,mlu
acz_137966,acz
tdh_122884,tdh
dir_178618,dir
ory_15917,ory
kvl_45669,kvl
sah_220836,sah
bxr_199070,bxr
kad_167738,kad
lin_36121,lin
xtm_188491,xtm
afu_194668,afu
lbf_06882,lbf
wof_78293,wof
skj_208941,skj
bgp_81146,bgp
snd_173743,snd
aln_92168,aln
yml_83925,yml
yao_39539,yao
wbm_217333,wbm
rml_60482,rml
mmh_166404,mmh
blr_139723,blr
ngc_34594,ngc
snd_07486,snd
maa_171972,maa
shu_86531,shu
lin_36107,lin
gui_191178,gui
unr_151233,unr
bqj_21250,bqj
yao_39410,yao
sru_155772,sru
rmn_78032,rmn
kgq_90362,kgq
knc_201117,knc
lam_24674,lam
coh_152461,coh
klr_23718,klr
tam_82452,tam
pex_80195,pex
tmf_35643,tmf
som_100629,som
twi_167846,twi
blf_83846,blf
kue_62961,kue
men_83720,men
spa_106228,spa
spy_80783,spy
bkx_152196,bkx
kef_41379,kef
mho_104007,mho
nij_38447,nij
yml_83961,yml
som_100494,som
yrl_80558,yrl
dks_66024,dks
eip_178817,eip
kam_76012,kam
awa_209464,awa
mai_198522,mai
wof_78354,wof
eng_43292,eng
mjc_108754,mjc
zkr_145571,zkr
mai_137283,mai
her_23360,her
wci_151849,wci
swh_67156,swh
dsh_20926,dsh
nnm_156315,nnm
guj_189071,guj
lag_181498,lag
tnv_181272,tnv
bvu_68989,bvu
hop_134981,hop
tso_53444,tso
nyf_173067,nyf
sil_81811,sil
noe_101945,noe
dos_23171,dos
mdy_11322,mdy
kss_200776,kss
byc_45884,byc
gbm_33638,gbm
wnc_174942,wnc
mho_103926,mho
mxj_09412,mxj
dil_216252,dil
sru_155710,sru
ybh_106889,ybh
acz_138101,acz
bxg_143518,bxg
tdx_113160,tdx
bdq_05147,bdq
men_202828,men
wme_140268,wme
srp_10670,srp
apc_42622,apc
xog_155156,xog
nmn_51670,nmn
bmf_124438,bmf
swh_219186,swh
men_202959,men
prs_44154,prs
xks_154462,xks
xmc_213148,xmc
gvc_99862,gvc
nuf_13599,nuf
mhx_76522,mhx
bkx_152235,bkx
bby_66700,bby
mas_30957,mas
acn_199001,acn
wbf_62734,wbf
crn_202429,crn
ncm_189756,ncm
gnn_208277,gnn
mas_31085,mas
dmg_199288,dmg
nan_56596,nan
rgu_105988,rgu
run_104515,run
vkl_169414,vkl
mpx_124977,mpx
bgc_133049,bgc
msg_167180,msg
rmy_04267,rmy
mos_159803,mos
maf_198627,maf
nst_221034,nst
orc_128291,orc
soq_131656,soq
muy_171259,muy
mgw_68284,mgw
sqq_64826,sqq
azj_164104,azj
bht_24482,bht
fuf_128047,fuf
seh_33177,seh
soq_131922,soq
gaj_193743,gaj
grt_74931,grt
zai_46579,zai
bqr_187721,bqr
yml_83985,yml
iba_97446,iba
pol_204950,pol
twi_168044,twi
cmn_89977,cmn
mni_175224,mni
sfw_125158,sfw
eng_43095,eng
bde_142064,bde
kjp_100379,kjp
gol_199259,gol
huv_179760,huv
mos_159557,mos
drd_54836,drd
mkn_111109,mkn
ebu_195511,ebu
eng_211251,eng
mya_48455,mya
hau_203740,hau
nhe_197303,nhe
rmn_89850,rmn
pah_89067,pah
mzb_00005,mzb
krr_208406,krr
sbl_26604,sbl
acm_138988,acm
rmn_78065,rmn
vav_24272,vav
aui_40442,aui
apc_12194,apc
yue_32871,yue
ulu_20343,ulu
gom_11452,gom
mpd_182682,mpd
tvn_19669,tvn
ory_15853,ory
thf_157995,thf
bge_118979,bge
yao_39241,yao
orc_128254,orc
ggw_124021,ggw
kud_103027,kud
btm_172933,btm
dhg_14830,dhg
row_151998,row
mas_30939,mas
slv_74553,slv
orc_49912,orc
ksw_36708,ksw
scg_147459,scg
dao_215180,dao
nbi_57222,nbi
swc_186079,swc
hii_206419,hii
nlk_177232,nlk
dde_199340,dde
fat_210509,fat
lin_36166,lin
nya_70022,nya
fuf_128100,fuf
dhi_135081,dhi
wme_140084,wme
fra_181871,fra
amh_03554,amh
mug_213946,mug
kfb_52808,kfb
asc_121306,asc
amh_03515,amh
gvr_138704,gvr
luo_207160,luo
taq_194982,taq
bee_133866,bee
tuy_27377,tuy
zpx_40016,zpx
sou_41637,sou
soq_131440,soq
gax_03193,gax
pud_96452,pud
new_67437,new
uzn_45226,uzn
npi_20034,npi
taq_195156,taq
fra_181870,fra
mmx_51785,mmx
fuf_128092,fuf
dww_51077,dww
khk_37003,khk
deu_71139,deu
gax_56212,gax
mrh_34063,mrh
tem_161312,tem
vaj_98216,vaj
pse_51000,pse
lua_96203,lua
sku_02701,sku
nna_195607,nna
seh_33292,seh
gab_216238,gab
ngc_34642,ngc
mhw_22781,mhw
kvi_75414,kvi
wme_139919,wme
kjd_220240,kjd
ghr_134649,ghr
cfm_112831,cfm
ell_189457,ell
shr_221419,shr
cak_20261,cak
lif_153381,lif
nan_56685,nan
pmy_165593,pmy
rus_113620,rus
hak_55991,hak
iba_54173,iba
aix_101376,aix
bos_211812,bos
orc_49974,orc
zap_211026,zap
tum_166832,tum
ldi_212566,ldi
gvr_29064,gvr
sbx_64844,sbx
sru_155881,sru
pln_47403,pln
akh_150542,akh
mww_192519,mww
scg_147466,scg
pwg_06085,pwg
txa_115041,txa
lhu_174437,lhu
bra_168549,bra
aeu_120010,aeu
tur_105029,tur
bgr_63969,bgr
lag_181360,lag
trn_141423,trn
cbn_175574,cbn
mni_148885,mni
tby_01341,tby
cnw_201717,cnw
lic_52274,lic
trq_82076,trq
mvn_133124,mvn
uki_207477,uki
ghk_118294,ghk
bhi_184231,bhi
mzp_154722,mzp
mui_154509,mui
dim_219785,dim
gjn_145996,gjn
wni_195293,wni
kno_82935,kno
tml_126152,tml
hmw_72190,hmw
iar_59707,iar
rus_113985,rus
pab_127224,pab
pmx_129071,pmx
dgz_143270,dgz
bvu_100116,bvu
yao_39204,yao
lla_60297,lla
fij_183533,fij
mvv_166137,mvv
bco_70695,bco
xmc_213115,xmc
tha_52512,tha
pov_171462,pov
tdx_113420,tdx
npi_30275,npi
lus_161707,lus
dby_11800,dby
wew_44667,wew
uth_150696,uth
dig_160543,dig
quh_19079,quh
ssn_187603,ssn
tdt_179040,tdt
mro_73604,mro
dks_66183,dks
cul_147767,cul
yal_93609,yal
dyu_208727,dyu
xkb_132920,xkb
txu_94126,txu
rdb_142997,rdb
<unk>_144464,<unk>
gjn_145961,gjn
pcf_127447,pcf
mos_159831,mos
orc_128366,orc
vum_172545,vum
swb_54454,swb
ssn_187644,ssn
hif_159971,hif
guc_176490,guc
dyu_208793,dyu
nyy_69691,nyy
amh_03668,amh
cnc_86215,cnc
lue_166497,lue
gnw_173350,gnw
tcy_107780,tcy
rab_39822,rab
run_104672,run
ben_149633,ben
knm_56078,knm
skr_195967,skr
rah_55451,rah
sil_81924,sil
are_99707,are
gmv_170646,gmv
zom_110071,zom
nyf_173155,nyf
<unk>_100183,<unk>
viv_170036,viv
ukr_24028,ukr
rim_215391,rim
pmf_69566,pmf
mpj_183704,mpj
moc_220923,moc
bmf_124398,bmf
xri_123968,xri
mos_159827,mos
mas_30983,mas
ahs_201898,ahs
tpj_135571,tpj
sah_220833,sah
kjs_65696,kjs
eng_173859,eng
shg_165387,shg
tuk_93106,tuk
zac_140897,zac
coh_152380,coh
ssk_62303,ssk
far_153288,far
ngt_82984,ngt
jra_104184,jra
dnn_75205,dnn
gid_99351,gid
yaa_04682,yaa
kjc_01023,kjc
men_202941,men
nfr_118264,nfr
pov_171533,pov
dib_119193,dib
ppt_49520,ppt
por_66347,por
igl_187748,igl
yon_89343,yon
khz_75475,khz
sui_110075,sui
yao_39223,yao
eyo_91872,eyo
sys_116907,sys
tog_25323,tog
tuk_93236,tuk
qws_153784,qws
kfb_52828,kfb
zul_109922,zul
jra_188656,jra
cmn_61622,cmn
suz_24550,suz
xns_186344,xns
kvr_33130,kvr
lok_190807,lok
ttq_85983,ttq
tcc_147999,tcc
gim_57526,gim
lok_37899,lok
dnw_193784,dnw
sip_116850,sip
tpi_48899,tpi
snd_07422,snd
sjp_100249,sjp
orc_50261,orc
vay_80422,vay
kdj_16754,kdj
mos_159631,mos
eng_43017,eng
bac_26798,bac
zaw_09093,zaw
urd_35870,urd
zul_109929,zul
rki_159058,rki
vah_147546,vah
kjc_01145,kjc
psa_165241,psa
csh_198191,csh
mcd_77884,mcd
ada_50955,ada
gdl_64453,gdl
mkd_213409,mkd
hnj_133987,hnj
tvs_00148,tvs
arb_170373,arb
aio_56549,aio
awa_209447,awa
gum_221343,gum
lsm_95769,lsm
xon_47729,xon
lus_216451,lus
jao_87745,jao
mzz_183969,mzz
mkz_74704,mkz
mhy_203537,mhy
mgo_21863,mgo
ium_58464,ium
ife_158904,ife
phl_205515,phl
dsh_20975,dsh
bis_61371,bis
gax_177294,gax
knk_33584,knk
mej_78482,mej
ghl_156465,ghl
vmw_122048,vmw
npi_30104,npi
hni_08300,hni
abt_134081,abt
clk_200108,clk
nso_217406,nso
lue_166529,lue
bdh_152746,bdh
kcv_84866,kcv
wut_56176,wut
yki_162754,yki
mjt_132342,mjt
bgp_81141,bgp
zyg_27536,zyg
gom_11450,gom
ayr_187927,ayr
kvw_201914,kvw
kap_218967,kap
ind_186739,ind
tdt_179056,tdt
lsm_95740,lsm
mkn_111279,mkn
tvk_150286,tvk
avu_123383,avu
cjo_93517,cjo
dig_160546,dig
sot_38792,sot
bgz_176272,bgz
brh_206319,brh
nwi_168844,nwi
zul_109860,zul
kli_215642,kli
mjt_29853,mjt
ctu_46511,ctu
kpo_101141,kpo
mos_159512,mos
cnb_42698,cnb
ttv_190883,ttv
jer_172465,jer
tuc_16630,tuc
mhu_165869,mhu
fuf_128207,fuf
sdr_93816,sdr
als_06469,als
mvv_166134,mvv
rmt_148439,rmt
bfb_02479,bfb
gax_177348,gax
acq_210410,acq
the_189878,the
mfz_135468,mfz
blr_139738,blr
bxk_132752,bxk
soq_131934,soq
ben_144276,ben
pst_204480,pst
cas_158624,cas
urd_35681,urd
hau_136396,hau
tdh_122840,tdh
bxh_17476,bxh
aiw_111664,aiw
dgd_218180,dgd
gvo_28287,gvo
nuf_115990,nuf
nlk_177196,nlk
loz_108367,loz
qxu_32076,qxu
nuf_117498,nuf
wbp_108862,wbp
ruk_88748,ruk
kin_120899,kin
spa_106213,spa
dww_51151,dww
kjo_207654,kjo
trp_163532,trp
ium_212267,ium
fuf_180485,fuf
ajg_220698,ajg
mxy_159343,mxy
kkj_193132,kkj
kxp_119288,kxp
not_65777,not
mfv_05914,mfv
tli_54185,tli
mwt_221538,mwt
xkc_77764,xkc
uth_150699,uth
wbp_109045,wbp
mya_48307,mya
slu_103424,slu
bde_142050,bde
aez_122337,aez
kin_120849,kin
fli_22719,fli
knx_45414,knx
shn_220001,shn
lgr_135952,lgr
tbo_132959,tbo
ebu_195523,ebu
ron_100852,ron
pan_71836,pan
nza_105365,nza
kpq_104743,kpq
mcd_77931,mcd
krr_208392,krr
zro_64515,zro
bdh_152789,bdh
med_34999,med
dir_178623,dir
ory_66553,ory
bfa_133914,bfa
hre_194637,hre
gwn_82979,gwn
swb_54249,swb
cch_177457,cch
yva_39603,yva
ary_177113,ary
bhi_184221,bhi
bfb_02527,bfb
bxk_132669,bxk
lkt_179560,lkt
kpr_68670,kpr
lla_55671,lla
keo_20085,keo
wat_72828,wat
raw_214120,raw
tca_13968,tca
jid_148524,jid
lua_96191,lua
mfv_06054,mfv
kbp_54990,kbp
kan_60307,kan
lif_01622,lif
spa_106328,spa
djo_56972,djo
wmo_120380,wmo
mie_149206,mie
koe_96912,koe
kud_102910,kud
lun_142458,lun
eyo_91796,eyo
wnc_174798,wnc
hix_126849,hix
ssn_187503,ssn
kmr_103608,kmr
eng_43350,eng
sah_220834,sah
mip_37723,mip
kyb_33749,kyb
thm_22666,thm
tca_13955,tca
zao_176676,zao
ssi_157263,ssi
qxl_84566,qxl
aln_92041,aln
pug_110837,pug
lsr_182118,lsr
esh_03022,esh
dnw_193795,dnw
kmr_58989,kmr
bde_142049,bde
cmn_28102,cmn
cmn_61971,cmn
sfw_125101,sfw
cub_183376,cub
kck_150088,kck
wmw_115550,wmw
tpe_46410,tpe
tuv_25079,tuv
wtm_72085,wtm
dks_66076,dks
cdo_169149,cdo
ort_83161,ort
nxk_188767,nxk
tum_32217,tum
zdj_211722,zdj
dgo_174657,dgo
yam_128770,yam
quc_177819,quc
sbu_118940,sbu
nxg_75290,nxg
bvc_73245,bvc
aui_40126,aui
gbm_87343,gbm
thf_158164,thf
iba_79241,iba
kqs_20767,kqs
tkd_141369,tkd
ybj_207032,ybj
enl_127700,enl
jib_36021,jib
thf_158182,thf
xuu_119417,xuu
ptu_34323,ptu
mzp_154749,mzp
arn_82037,arn
awn_84725,awn
blt_203383,blt
suk_157773,suk
udg_166475,udg
mas_31182,mas
hau_136500,hau
sbu_118956,sbu
xuu_119372,xuu
ssx_150161,ssx
gum_221353,gum
knl_129039,knl
kml_87956,kml
spa_27590,spa
bkx_152245,bkx
uzn_45369,uzn
fra_160742,fra
bzf_99502,bzf
ycl_195817,ycl
sna_117971,sna
twi_167772,twi
hmw_72187,hmw
hau_203748,hau
seh_33445,seh
brx_53113,brx
lvs_139794,lvs
klu_27844,klu
lug_139208,lug
kud_103029,kud
tue_02323,tue
ron_100841,ron
tak_201180,tak
kwk_63500,kwk
arb_74752,arb
maf_23508,maf
twe_132562,twe
xwe_212390,xwe
dks_66233,dks
mwc_128941,mwc
mkd_213507,mkd
quc_177812,quc
nes_08900,nes
xdy_02755,xdy
mug_214074,mug
pmy_165724,pmy
nrf_218320,nrf
vav_24309,vav
nhu_184782,nhu
mgo_21830,mgo
sda_57322,sda
guq_162874,guq
afr_08427,afr
lcm_215077,lcm
pes_145684,pes
ung_84936,ung
sxn_18628,sxn
sne_109185,sne
sfw_125304,sfw
aoe_115404,aoe
kdj_16709,kdj
amh_03602,amh
age_206121,age
ewe_03298,ewe
ces_183174,ces
rus_113716,rus
bbc_34110,bbc
sjl_66944,sjl
lgr_130642,lgr
nuy_62680,nuy
pov_171397,pov
maw_171075,maw
ngc_34741,ngc
dug_158809,dug
djo_151478,djo
dhg_151596,dhg
yaa_04649,yaa
tuy_27227,tuy
acz_138153,acz
bge_118987,bge
yue_32781,yue
bud_160000,bud
gun_202310,gun
lub_169221,lub
cag_156592,cag
mqh_181048,mqh
mhw_23028,mhw
iba_166744,iba
heb_27465,heb
row_151974,row
kzf_200636,kzf
twi_167764,twi
kpm_121461,kpm
ttv_190896,ttv
nst_45555,nst
quh_10548,quh
koe_96935,koe
kbr_22096,kbr
mdy_11303,mdy
agt_91549,agt
hdy_82265,hdy
gas_20445,gas
sat_81722,sat
bud_51907,bud
eng_88344,eng
rjs_138484,rjs
pbp_24844,pbp
arw_127457,arw
btu_161754,btu
bvd_129326,bvd
bis_61390,bis
orc_50104,orc
ceb_198873,ceb
rel_214540,rel
mgp_142912,mgp
zac_140910,zac
tro_59440,tro
ayo_16228,ayo
tvn_19694,tvn
orc_128272,orc
mzq_91480,mzq
min_221615,min
tso_53253,tso
pbt_54543,pbt
ayg_72504,ayg
tog_25542,tog
brx_11916,brx
cmn_28113,cmn
orc_128419,orc
txq_145190,txq
gno_02684,gno
qvo_187794,qvo
tiv_114723,tiv
ewe_215900,ewe
alt_164892,alt
zyn_181164,zyn
knk_146663,knk
kin_120760,kin
ksu_121745,ksu
gvo_28357,gvo
twi_167833,twi
beu_197933,beu
wim_182356,wim
kha_112244,kha
kls_136890,kls
por_95179,por
mxv_107222,mxv
cmn_122128,cmn
csh_42244,csh
afr_08551,afr
xho_175978,xho
nso_217440,nso
mip_37771,mip
mpg_119047,mpg
elk_179475,elk
mie_149210,mie
new_172680,new
fuq_129603,fuq
sat_81753,sat
djr_190508,djr
bxk_132765,bxk
kgk_26171,kgk
mxu_156586,mxu
pis_143798,pis
kls_136803,kls
tuy_27345,tuy
frd_11985,frd
tsx_177684,tsx
ygr_173538,ygr
nij_38472,nij
pan_55340,pan
ktu_134048,ktu
kin_120902,kin
wbp_108927,wbp
llg_132231,llg
swh_219310,swh
nst_45587,nst
kel_148315,kel
mzb_00002,mzb
npi_30000,npi
cua_67822,cua
zlm_101676,zlm
taq_195106,taq
cnb_42691,cnb
ckh_153849,ckh
guz_54609,guz
slr_12114,slr
zgb_75603,zgb
kaa_47632,kaa
teo_142722,teo
tvk_150205,tvk
ify_198951,ify
kpq_104781,kpq
clk_200129,clk
mwn_06748,mwn
tml_126177,tml
ceg_35255,ceg
anr_184867,anr
knk_146576,knk
kiw_139506,kiw
npi_30148,npi
sbd_185728,sbd
xtn_103913,xtn
wnc_174973,wnc
rhp_221107,rhp
mwq_30561,mwq
scg_166795,scg
nyd_203802,nyd
gbz_40647,gbz
nud_64720,nud
grt_115249,grt
byd_164620,byd
eng_211215,eng
nhr_144941,nhr
ind_186947,ind
kyg_20579,kyg
tro_59471,tro
sne_109199,sne
mbz_150764,mbz
eng_174028,eng
kma_53966,kma
acw_126543,acw
tdf_208559,tdf
zpx_40064,zpx
ish_146192,ish
ctg_91713,ctg
kbo_41564,kbo
gnk_182836,gnk
skx_120113,skx
ble_121078,ble
pof_31426,pof
pia_104872,pia
xkl_44793,xkl
swp_67582,swp
fay_159350,fay
sst_81660,sst
bjn_62800,bjn
nyk_38360,nyk
huh_14711,huh
bam_71505,bam
gur_47049,gur
tke_123273,tke
ldl_19466,ldl
new_172644,new
cto_99189,cto
aix_09233,aix
etu_59306,etu
bpr_164163,bpr
gur_47160,gur
rab_39837,rab
ssn_187560,ssn
lug_139107,lug
pud_96437,pud
csh_42082,csh
mro_123901,mro
mjw_175390,mjw
noa_53000,noa
mzp_154715,mzp
ewe_215871,ewe
tro_59343,tro
lug_139077,lug
lra_64692,lra
byd_83839,byd
ggw_124103,ggw
mau_09847,mau
mkd_213609,mkd
knu_205941,knu
dgc_179919,dgc
kbp_204197,kbp
aoe_115418,aoe
nhw_10978,nhw
trp_163422,trp
ztg_95971,ztg
cch_177454,cch
aeb_68196,aeb
swh_120566,swh
bgt_15284,bgt
ble_121080,ble
kfk_149338,kfk
aki_18278,aki
ssn_187412,ssn
ntj_209168,ntj
tsn_200529,tsn
mjz_89673,mjz
cym_187357,cym
ita_40954,ita
fod_173622,fod
sbk_138833,sbk
gbz_40636,gbz
zpj_160088,zpj
nos_198661,nos
myb_133604,myb
mpj_183718,mpj
kfy_151926,kfy
aln_92390,aln
hrv_184430,hrv
kue_63159,kue
syl_116719,syl
fon_19797,fon
rol_153192,rol
txu_94196,txu
wof_78310,wof
spa_131170,spa
mbb_181194,mbb
kdh_174280,kdh
zab_110500,zab
mpm_02161,mpm
meu_114396,meu
kff_200895,kff
cek_13736,cek
zro_64519,zro
lua_96280,lua
pes_145723,pes
mya_130429,mya
mej_78564,mej
gjn_146049,gjn
ybj_207037,ybj
nas_00550,nas
arb_170343,arb
ztp_173471,ztp
wbl_122228,wbl
orc_50201,orc
kij_204803,kij
mfz_135257,mfz
sgb_14105,sgb
tdj_187871,tdj
eng_43194,eng
ceb_198894,ceb
gno_02689,gno
mfv_05905,mfv
bkm_79979,bkm
mfv_86678,mfv
jmx_170137,jmx
lsi_63549,lsi
mya_48453,mya
khm_102499,khm
rol_153230,rol
pta_217790,pta
tel_214810,tel
fra_181822,fra
nim_38282,nim
ewe_215945,ewe
sxb_188141,sxb
lae_156374,lae
apd_137350,apd
taw_159259,taw
bim_201562,bim
gur_43815,gur
prs_44231,prs
ngc_34802,ngc
rab_39689,rab
tvn_19670,tvn
baa_130306,baa
fwe_116143,fwe
kls_136837,kls
cmn_27994,cmn
xtc_65831,xtc
ory_08033,ory
nbc_105654,nbc
quh_19082,quh
trp_95525,trp
pce_102128,pce
lgr_130606,lgr
zgb_159410,zgb
cnh_164336,cnh
wme_140017,wme
bon_122312,bon
xns_186373,xns
mai_137300,mai
xuu_119481,xuu
miq_67381,miq
xkl_64466,xkl
sru_155814,sru
kue_63061,kue
twm_129871,twm
blo_14314,blo
dks_66000,dks
ell_189466,ell
raw_05089,raw
xdy_123412,xdy
ngt_167183,ngt
arq_05771,arq
bvu_42048,bvu
pse_140775,pse
spn_25176,spn
tuk_93151,tuk
myb_133614,myb
nlc_59686,nlc
brv_210959,brv
mdy_11276,mdy
yoy_99082,yoy
pjt_56343,pjt
kgk_26226,kgk
yal_171765,yal
bvc_73208,bvc
yrb_27779,yrb
eng_88271,eng
stt_55013,stt
tuy_27231,tuy
age_95047,age
gau_104693,gau
eng_43181,eng
rab_39777,rab
xsm_220438,xsm
men_203008,men
npi_19959,npi
pis_144110,pis
lbm_21903,lbm
nos_38745,nos
wnc_174875,wnc
atq_168104,atq
knk_33589,knk
mrn_121929,mrn
loz_108265,loz
ggw_124105,ggw
kwa_83002,kwa
<unk>_163069,<unk>
box_184625,box
xuj_182090,xuj
prs_44259,prs
dnw_81958,dnw
lam_24688,lam
shu_180961,shu
mxy_159303,mxy
bmk_123537,bmk
kib_20913,kib
cna_156889,cna
gvr_29131,gvr
bda_171014,bda
bgc_133086,bgc
ttq_85962,ttq
gur_43775,gur
ths_11875,ths
tqo_96371,tqo
<unk>_31722,<unk>
xuu_119488,xuu
dhw_114522,dhw
bkd_132183,bkd
swh_219446,swh
nhr_144981,nhr
mau_137081,mau
gle_133565,gle
atu_77065,atu
fuf_180411,fuf
pis_144184,pis
swh_67154,swh
oki_78808,oki
tpj_135574,tpj
lub_169183,lub
tpr_189911,tpr
wod_132142,wod
cro_152590,cro
mfi_192340,mfi
csh_42092,csh
yao_39563,yao
sna_117826,sna
ghr_134823,ghr
sbd_185532,sbd
tlf_145538,tlf
mwq_30657,mwq
ewe_215888,ewe
yah_114976,yah
pis_143782,pis
bhr_60588,bhr
gdn_112584,gdn
ssi_41274,ssi
blo_110308,blo
bcc_153532,bcc
aau_118133,aau
ktz_46974,ktz
max_187152,max
kfk_149380,kfk
zpn_38441,zpn
ben_144367,ben
tsc_162045,tsc
knc_201122,knc
blb_135696,blb
mas_31041,mas
eng_211599,eng
knk_146724,knk
bco_70729,bco
dhg_151529,dhg
lin_36363,lin
new_172593,new
bgj_109530,bgj
cmn_61743,cmn
nlc_59697,nlc
tdf_208558,tdf
arb_170307,arb
kuj_205227,kuj
krf_205485,krf
pjt_56402,pjt
mve_100032,mve
txu_94367,txu
naw_168307,naw
pga_166893,pga
ady_160006,ady
dao_23966,dao
quz_216325,quz
ssy_16318,ssy
bib_72019,bib
tke_123104,tke
tzo_34033,tzo
mym_185404,mym
bcs_145406,bcs
gaz_59265,gaz
ncb_193136,ncb
sin_204247,sin
tir_141723,tir
mjs_08831,mjs
srz_60216,srz
swv_139364,swv
sqq_64793,sqq
sat_134506,sat
nso_217610,nso
gnn_208174,gnn
esu_11125,esu
mcc_205277,mcc
qvm_154814,qvm
dde_199462,dde
pst_204487,pst
cgk_121540,cgk
twh_193400,twh
ycl_195799,ycl
eng_136956,eng
sqq_64807,sqq
tml_126192,tml
rjs_138517,rjs
xon_47692,xon
snm_209626,snm
luo_207239,luo
xri_123970,xri
ksw_36688,ksw
opm_142257,opm
tgl_13091,tgl
gom_198710,gom
bkk_172406,bkk
swc_186005,swc
nhw_11058,nhw
bxq_207696,bxq
jav_212282,jav
aaz_116491,aaz
kqf_127873,kqf
mya_48406,mya
tso_53196,tso
gig_180943,gig
kot_72468,kot
thl_41991,thl
lue_166703,lue
mte_76934,mte
ben_125347,ben
koe_96896,koe
eka_02442,eka
amf_44607,amf
tpa_182598,tpa
swc_186009,swc
cux_02954,cux
tbl_193174,tbl
crj_167242,crj
pil_70844,pil
cco_26701,cco
tnl_67811,tnl
kft_91145,kft
ppq_148685,ppq
svs_96488,svs
ttq_85941,ttq
wbp_108939,wbp
gui_191199,gui
quh_10610,quh
goa_98601,goa
kgq_90342,kgq
raw_94086,raw
age_95037,age
uar_62432,uar
apz_137239,apz
kqs_200006,kqs
mkd_213667,mkd
pbt_54546,pbt
txu_94405,txu
thf_158243,thf
csh_42227,csh
tpi_48851,tpi
dhg_14816,dhg
thf_158257,thf
duc_14488,duc
cas_158665,cas
brr_98552,brr
ubr_85518,ubr
als_06509,als
zne_107793,zne
kin_120858,kin
zlm_100306,zlm
ben_81478,ben
kmc_162727,kmc
kdh_124667,kdh
gun_202112,gun
pse_140770,pse
pof_31472,pof
mbc_42498,mbc
tby_01334,tby
cax_94030,cax
orc_128303,orc
yal_93603,yal
aim_123491,aim
lia_118540,lia
arb_170381,arb
tlr_156412,tlr
myk_210241,myk
mbp_27028,mbp
orc_49932,orc
pwo_191462,pwo
dik_53587,dik
gng_70932,gng
toq_07062,toq
grt_75088,grt
kgq_90341,kgq
rab_39691,rab
spa_106260,spa
vmx_118785,vmx
xri_124001,xri
sck_115385,sck
lao_10039,lao
nyf_197550,nyf
tel_214824,tel
yao_39190,yao
lao_10083,lao
blb_154413,blb
xho_176055,xho
waw_60529,waw
iba_54876,iba
kvj_73110,kvj
mxx_89920,mxx
tlr_214178,tlr
loz_108224,loz
duc_14500,duc
fuf_180567,fuf
thf_158063,thf
kno_82781,kno
nij_149460,nij
srp_10729,srp
iru_121507,iru
phl_205519,phl
nes_08885,nes
hvn_153655,hvn
kue_63239,kue
kup_186183,kup
hun_96123,hun
kie_130456,kie
mtr_168362,mtr
kbr_22014,kbr
kft_91128,kft
bxk_12392,bxk
mni_175199,mni
foi_179682,foi
bep_97705,bep
far_153314,far
sou_41680,sou
mos_159738,mos
spp_114202,spp
tcc_147942,tcc
sil_81835,sil
lwg_90924,lwg
abi_123786,abi
nas_00717,nas
syl_116681,syl
dhg_151537,dhg
nya_70069,nya
hau_65325,hau
bfr_102145,bfr
amn_66646,amn
ifa_46531,ifa
ntj_209130,ntj
mhy_203646,mhy
xmc_213159,xmc
uki_207566,uki
bza_02009,bza
bis_61421,bis
cmn_28028,cmn
bxh_17689,bxh
eng_88316,eng
lbf_19568,lbf
twh_137049,twh
mai_156193,mai
bee_117504,bee
tnv_141078,tnv
rab_39918,rab
eng_173950,eng
eng_194405,eng
arv_84587,arv
mug_214033,mug
meu_114362,meu
deh_58395,deh
kmh_151117,kmh
ena_170992,ena
guc_176478,guc
bfb_51859,bfb
txu_94336,txu
lug_139044,lug
dnn_22237,dnn
som_100518,som
eyo_91968,eyo
hnj_134006,hnj
xon_47790,xon
mwv_10303,mwv
isn_162379,isn
bxh_17322,bxh
swc_186066,swc
quh_18987,quh
nso_217582,nso
kqe_61069,kqe
sgb_14102,sgb
eng_174128,eng
mhu_38619,mhu
sat_70560,sat
seh_33395,seh
any_157533,any
ilo_79575,ilo
hui_112518,hui
kby_197252,kby
wme_140356,wme
noa_52999,noa
dyu_208583,dyu
lky_192652,lky
nti_07825,nti
wni_195276,wni
dip_214677,dip
ycl_113047,ycl
dyo_67416,dyo
kqj_130079,kqj
nya_179887,nya
cjv_101042,cjv
kmt_79772,kmt
trn_141551,trn
xpe_197572,xpe
ngu_175157,ngu
kud_103022,kud
qws_153758,qws
lax_60648,lax
rwr_99162,rwr
ven_212239,ven
sag_143463,sag
zro_64534,zro
ddn_127256,ddn
bam_71300,bam
tke_123143,tke
yuz_51532,yuz
dje_77698,dje
xdo_04821,xdo
knv_135154,knv
mcd_77917,mcd
rwr_40074,rwr
als_06567,als
kls_136876,kls
nbc_105639,nbc
cbj_29810,cbj
lma_178944,lma
mtg_139459,mtg
bod_26575,bod
had_95794,had
lew_101715,lew
lnd_90052,lnd
por_191876,por
mya_48131,mya
yml_84040,yml
nkb_143587,nkb
quw_124208,quw
mjc_108761,mjc
lgr_130614,lgr
agg_19278,agg
chr_02858,chr
tcp_51995,tcp
mhi_80112,mhi
nmo_194039,nmo
swh_67241,swh
iru_77768,iru
wme_140250,wme
kls_136746,kls
bwr_193573,bwr
rir_206785,rir
pbb_168143,pbb
guj_188998,guj
pai_126284,pai
loz_108297,loz
grt_180358,grt
gbo_60777,gbo
sgp_33724,sgp
stj_170549,stj
rel_214620,rel
pbo_106633,pbo
tof_46643,tof
djo_133383,djo
men_60904,men
ell_189462,ell
skg_64191,skg
yno_126495,yno
gvc_99875,gvc
saq_122515,saq
som_100450,som
kri_21485,kri
lin_36145,lin
mro_123871,mro
shn_144725,shn
mos_159690,mos
tem_161373,tem
msc_67761,msc
bgc_133072,bgc
hix_126807,hix
guj_189100,guj
hin_110591,hin
kwl_204076,kwl
ssw_147093,ssw
dde_199332,dde
rim_215320,rim
thf_158057,thf
por_95437,por
eyo_91914,eyo
xkb_132906,xkb
kls_136757,kls
kpa_56942,kpa
nmo_194017,nmo
msc_67617,msc
ssy_16310,ssy
lew_107454,lew
sjp_100297,sjp
kpo_89442,kpo
nhr_144877,nhr
mpj_183670,mpj
blz_25618,blz
mkn_111350,mkn
kdh_124573,kdh
por_191889,por
yrl_80564,yrl
ame_57240,ame
swh_219191,swh
nst_19735,nst
lao_10133,lao
luo_207229,luo
mjz_89690,mjz
zpa_45722,zpa
clk_200135,clk
skr_195947,skr
vmk_05514,vmk
men_202994,men
gax_60117,gax
eng_137002,eng
tdh_123062,tdh
heb_27523,heb
fwe_116046,fwe
ben_149703,ben
ary_177011,ary
dig_160519,dig
klr_23682,klr
mup_183585,mup
lae_156404,lae
koe_96815,koe
qug_17053,qug
tha_52569,tha
jaa_205656,jaa
tuk_93356,tuk
wni_195285,wni
khg_34383,khg
xwl_73452,xwl
mrg_149911,mrg
njh_134316,njh
ben_144380,ben
aln_92101,aln
kek_129212,kek
dka_54570,dka
ium_212274,ium
nbq_115324,nbq
kls_136680,kls
lun_09147,lun
vaa_77198,vaa
txa_115039,txa
lao_09981,lao
xdo_04846,xdo
adx_87886,adx
mim_18457,mim
rmz_121391,rmz
abt_134065,abt
pmx_129085,pmx
nbm_34936,nbm
mos_159523,mos
tuo_83534,tuo
byd_75346,byd
kps_19434,kps
ven_212118,ven
fli_22739,fli
cek_13729,cek
atb_62073,atb
ksw_36455,ksw
tvs_00160,tvs
tso_53391,tso
mww_192550,mww
por_191888,por
thf_157841,thf
swp_67564,swp
cnb_116575,cnb
dyu_208780,dyu
bor_32669,bor
rel_214563,rel
wod_132152,wod
lma_178946,lma
mrd_73349,mrd
ssw_54691,ssw
nin_44484,nin
Zambia_200945,Zambia
lsm_95652,lsm
isn_162384,isn
xsu_215585,xsu
zyn_83764,zyn
byn_45797,byn
ory_15992,ory
tar_218473,tar
rmn_78113,rmn
lbn_169714,lbn
swh_120533,swh
oki_78757,oki
hin_29614,hin
tnp_88542,tnp
ldq_76964,ldq
plt_169042,plt
sxb_188119,sxb
qvm_154893,qvm
mfa_08133,mfa
cnh_164450,cnh
war_103476,war
vah_07581,vah
lri_39117,lri
new_172710,new
tum_32300,tum
plt_169005,plt
nbq_115262,nbq
shn_219986,shn
txu_94221,txu
esu_162858,esu
lmn_134615,lmn
klz_29722,klz
lsm_95603,lsm
cni_197723,cni
ary_177150,ary
gau_104699,gau
ium_212270,ium
pio_59632,pio
hve_155921,hve
dgi_20832,dgi
brq_81422,brq
abo_58822,abo
lhu_174471,lhu
isn_162499,isn
mpj_183753,mpj
kud_103072,kud
pwg_06206,pwg
bjn_176772,bjn
tha_52770,tha
lhm_154074,lhm
mwf_35411,mwf
shb_58413,shb
ukr_24143,ukr
nuy_62720,nuy
lea_145399,lea
dob_148195,dob
att_21322,att
sgz_44463,sgz
njz_76251,njz
wib_143376,wib
knp_175516,knp
sil_25834,sil
lek_184077,lek
ben_125949,ben
vmc_204704,vmc
prs_44133,prs
tuy_27194,tuy
khj_143051,khj
mkn_111207,mkn
ory_15890,ory
mos_159794,mos
lem_87827,lem
ces_183319,ces
kls_136770,kls
tlr_156451,tlr
pcn_191665,pcn
dhg_151519,dhg
kmt_79799,kmt
shn_219912,shn
lig_65009,lig
hvn_153624,hvn
ppo_98444,ppo
kua_49431,kua
bfy_114431,bfy
adi_33968,adi
txu_94146,txu
srp_10758,srp
pkh_83504,pkh
zau_214251,zau
umb_192892,umb
spa_106066,spa
fra_160944,fra
cmn_28245,cmn
bmk_123640,bmk
wme_140120,wme
lbw_138205,lbw
jms_217742,jms
quz_216346,quz
mjt_132516,mjt
ron_100844,ron
khq_92590,khq
dga_103338,dga
kls_136744,kls
pis_144186,pis
mxs_140549,mxs
nia_130234,nia
sdr_93868,sdr
uzn_45171,uzn
tkb_174673,tkb
thq_165061,thq
por_191718,por
mar_100208,mar
byd_164633,byd
say_73021,say
fuc_68842,fuc
dks_66031,dks
nym_15040,nym
nhd_115520,nhd
bgz_138352,bgz
lig_65004,lig
nhw_10984,nhw
xtc_17148,xtc
xon_47857,xon
qxu_32136,qxu
ken_55861,ken
prs_44113,prs
knl_199222,knl
bqc_168675,bqc
zul_109836,zul
fra_160874,fra
guc_176522,guc
sun_86895,sun
wod_132177,wod
sgj_159187,sgj
hed_11806,hed
mdy_11219,mdy
lag_181429,lag
sru_155680,sru
ldi_212692,ldi
eng_88480,eng
tmf_35651,tmf
mkw_180787,mkw
yor_187052,yor
the_94807,the
tsx_177642,tsx
jmx_16555,jmx
tvs_00248,tvs
mpd_182643,mpd
grt_75046,grt
trd_18170,trd
tpe_46321,tpe
soq_131381,soq
tpx_127737,tpx
kuj_205049,kuj
mar_100187,mar
nya_69974,nya
pan_55323,pan
shy_72966,shy
bis_61463,bis
rol_153221,rol
pwo_191505,pwo
gmb_163109,gmb
mip_37840,mip
tsr_141131,tsr
att_21302,att
nlg_163894,nlg
bht_24477,bht
dre_141960,dre
ywa_79437,ywa
csh_42291,csh
tha_52550,tha
pri_134288,pri
kir_209001,kir
twm_129844,twm
mau_137085,mau
soq_131513,soq
khk_37207,khk
raw_108082,raw
acm_139011,acm
dkx_60143,dkx
mzb_00028,mzb
set_197458,set
bee_17950,bee
slu_103447,slu
apc_09650,apc
new_172755,new
lml_94892,lml
crt_164135,crt
fuc_111444,fuc
tvn_19687,tvn
por_66332,por
blr_139697,blr
mos_159561,mos
nas_00630,nas
eky_29905,eky
iru_121514,iru
myb_133615,myb
bpx_127333,bpx
kix_68610,kix
rim_215355,rim
txu_94205,txu
zul_109853,zul
ary_79033,ary
orc_128273,orc
kjl_76838,kjl
mor_16135,mor
mfq_88634,mfq
orc_50586,orc
ngu_126065,ngu
wmw_115670,wmw
aro_183842,aro
yml_83927,yml
nlk_177230,nlk
ksj_89022,ksj
twu_105323,twu
bft_112993,bft
tur_104988,tur
hns_145395,hns
agr_170488,agr
mhy_203535,mhy
hin_29496,hin
ceg_35265,ceg
sun_86835,sun
orc_128305,orc
mww_175867,mww
kqf_127960,kqf
tlr_214180,tlr
bci_150648,bci
lwg_90746,lwg
sol_120456,sol
nii_42794,nii
iba_54914,iba
ory_15909,ory
pnz_192002,pnz
pbt_54521,pbt
eng_194214,eng
khe_92743,khe
zps_193340,zps
mlk_194817,mlk
fal_20631,fal
kcs_88122,kcs
buz_88017,buz
zpa_45765,zpa
slk_192057,slk
isn_162543,isn
bjg_69171,bjg
pis_143867,pis
taq_195154,taq
thf_158343,thf
tlr_214152,tlr
dyi_110458,dyi
lgr_130603,lgr
bzf_99506,bzf
say_72996,say
tvn_19692,tvn
gdr_121819,gdr
bqc_168728,bqc
beu_197997,beu
mya_48381,mya
mhi_80110,mhi
niz_57355,niz
gbg_81306,gbg
xkn_81957,xkn
pln_47254,pln
gbo_101282,gbo
apd_137482,apd
ilo_91226,ilo
ubr_85361,ubr
vie_94579,vie
ben_73988,ben
llg_132191,llg
bho_72328,bho
eng_130388,eng
thy_200174,thy
zul_109932,zul
cnc_86206,cnc
nhr_145033,nhr
lus_161509,lus
ayo_16188,ayo
qvi_94829,qvi
sou_41724,sou
onp_107633,onp
dkx_60150,dkx
txu_94121,txu
cmn_28107,cmn
njz_76293,njz
bvu_69075,bvu
ory_205596,ory
mcn_53654,mcn
lif_213214,lif
hts_58626,hts
nim_38167,nim
mro_73548,mro
snk_74665,snk
lue_166524,lue
saq_122532,saq
cao_197125,cao
adl_106727,adl
pri_134187,pri
bod_66769,bod
tdx_113441,tdx
ltz_70579,ltz
dwy_04001,dwy
sgw_190314,sgw
gyr_95086,gyr
mdy_11266,mdy
khe_92763,khe
ksg_194111,ksg
rao_68860,rao
tpi_49121,tpi
bru_165000,bru
dhw_114556,dhw
the_94798,the
bqs_178760,bqs
wme_140254,wme
cub_183390,cub
mqu_85742,mqu
bqj_21235,bqj
ewe_03207,ewe
bib_72017,bib
mrr_05827,mrr
dje_77548,dje
dgc_122810,dgc
dwz_187675,dwz
ron_100715,ron
toq_06969,toq
trn_141417,trn
krr_208378,krr
hak_69512,hak
mlv_65586,mlv
nxk_188777,nxk
kno_82867,kno
mhw_22994,mhw
afr_08569,afr
yet_73892,yet
nas_00793,nas
cat_114589,cat
arb_170354,arb
mkn_111133,mkn
ksw_36432,ksw
awu_101669,awu
fal_20627,fal
bgr_63937,bgr
bee_29663,bee
tgs_188047,tgs
npl_112398,npl
lir_141352,lir
zps_193331,zps
khk_37019,khk
kft_221686,kft
pga_166917,pga
zai_46581,zai
lvk_26753,lvk
tcc_147921,tcc
zpj_147855,zpj
bjg_69189,bjg
grt_180314,grt
bsk_198576,bsk
men_202950,men
doy_32737,doy
evn_149315,evn
rel_214610,rel
nyu_82580,nyu
pqm_171802,pqm
srp_10666,srp
ngc_34871,ngc
nya_179855,nya
lit_96607,lit
bgg_32566,bgg
aro_183850,aro
sru_155847,sru
lsi_63528,lsi
bxk_132762,bxk
ben_125966,ben
kek_129205,kek
lma_02571,lma
por_66398,por
eng_03398,eng
ngu_72535,ngu
viv_169868,viv
bfa_55911,bfa
mzz_183973,mzz
mbp_27067,mbp
knv_135158,knv
swh_67088,swh
tsn_200347,tsn
tnv_141014,tnv
lpn_174192,lpn
lao_85122,lao
mvo_101452,mvo
aoe_115402,aoe
bhj_119670,bhj
cnk_00377,cnk
mug_214018,mug
zaw_92406,zaw
kzs_24723,kzs
gvc_99867,gvc
adi_20407,adi
gur_43791,gur
gai_215684,gai
arv_84596,arv
hno_63810,hno
ybh_106904,ybh
bbr_70251,bbr
new_195187,new
kzi_68730,kzi
aro_183825,aro
auu_198967,auu
ghn_121435,ghn
kud_102924,kud
npi_30084,npi
kaa_47513,kaa
npi_30116,npi
kuj_205205,kuj
mki_14019,mki
zab_25582,zab
khe_92817,khe
ksw_36684,ksw
thl_41993,thl
kno_82684,kno
arv_84622,arv
cfa_09724,cfa
ven_212097,ven
eng_130349,eng
spa_106299,spa
shk_09564,shk
qxp_43742,qxp
sun_86982,sun
jav_01206,jav
gax_59937,gax
afr_08398,afr
sou_41857,sou
nyq_220517,nyq
mmm_144401,mmm
khe_92816,khe
mpr_207129,mpr
thf_157900,thf
dty_66497,dty
mzp_154775,mzp
pwb_77113,pwb
fwe_116039,fwe
ubr_85490,ubr
yal_93637,yal
unr_151179,unr
ymm_40874,ymm
sbu_197365,sbu
ebu_195425,ebu
ebu_195490,ebu
rol_153097,rol
zgb_159412,zgb
mxv_107113,mxv
teo_142686,teo
tir_141749,tir
lhm_154081,lhm
mki_179810,mki
att_21336,att
tbl_193185,tbl
lpn_174173,lpn
txu_94111,txu
kma_54003,kma
rmt_148465,rmt
gng_70925,gng
dkx_60121,dkx
gvr_138713,gvr
tis_177744,tis
phr_122713,phr
shy_72917,shy
ttj_193669,ttj
bfo_119888,bfo
cmn_28069,cmn
knx_45377,knx
snd_07476,snd
att_21338,att
soq_131327,soq
srp_10783,srp
atd_65477,atd
tam_82512,tam
ena_170900,ena
grt_75038,grt
kls_136791,kls
mco_91578,mco
ary_177079,ary
esg_82166,esg
fuf_128132,fuf
rav_49471,rav
kue_63122,kue
ena_170977,ena
djo_133364,djo
ces_183333,ces
eng_194278,eng
rim_215247,rim
lsm_95753,lsm
pof_31444,pof
evn_149301,evn
dgz_143256,dgz
kud_102929,kud
prs_44147,prs
bxh_17276,bxh
kxp_119306,kxp
lue_166642,lue
ttq_85866,ttq
asc_121592,asc
div_81326,div
jpn_156930,jpn
lug_139202,lug
xsb_114962,xsb
hui_112451,hui
aui_40133,aui
slv_74442,slv
tdx_113413,tdx
bun_04301,bun
kol_142290,kol
yue_32866,yue
dzo_136088,dzo
spa_131142,spa
dob_98454,dob
bun_04346,bun
xdy_110431,xdy
pof_31615,pof
kfy_151935,kfy
khn_67795,khn
ddn_127252,ddn
hed_11804,hed
ncm_189744,ncm
tkb_174683,tkb
lrm_178336,lrm
trn_141519,trn
kvx_193940,kvx
pbo_106608,pbo
mzl_214207,mzl
iba_195305,iba
mjz_89590,mjz
xkl_180698,xkl
mni_175332,mni
sou_41618,sou
sdg_116616,sdg
ron_100753,ron
pbt_218912,pbt
mqz_07711,mqz
knk_146649,knk
cas_112780,cas
lrl_218826,lrl
apd_137353,apd
kft_91137,kft
lam_09814,lam
swb_54325,swb
kwl_204077,kwl
wau_54208,wau
mau_09880,mau
acw_126536,acw
yno_126501,yno
gga_172840,gga
bra_168595,bra
wbp_108884,wbp
loz_108399,loz
jav_83419,jav
trn_141607,trn
ngc_34853,ngc
sbe_167498,sbe
mti_134608,mti
bmm_117151,bmm
guj_175809,guj
kwx_74043,kwx
bmk_123616,bmk
pad_199725,pad
kuj_205101,kuj
jiy_201706,jiy
drd_54797,drd
ena_170965,ena
mwq_30484,mwq
tvs_00105,tvs
zul_109971,zul
kle_71123,kle
cdz_04899,cdz
nan_134919,nan
por_66405,por
bim_201556,bim
auc_174241,auc
apd_137446,apd
tyz_129480,tyz
tog_25358,tog
gum_221357,gum
dww_51146,dww
npi_20031,npi
gax_59899,gax
bfd_147666,bfd
bkx_152249,bkx
dzg_91438,dzg
aiw_111716,aiw
orc_49923,orc
wed_09316,wed
tdx_113248,tdx
zpn_38422,zpn
mwq_30591,mwq
Zambia_200935,Zambia
lwg_90870,lwg
cly_38549,cly
knk_146565,knk
kml_87975,kml
gaj_193732,gaj
afr_08354,afr
ycl_113030,ycl
bcl_218799,bcl
ngc_34533,ngc
eng_43447,eng
nyy_69833,nyy
stv_11607,stv
ium_162064,ium
lbr_22598,lbr
ary_176894,ary
gwn_159494,gwn
vie_84455,vie
kjc_01001,kjc
cla_44748,cla
dgc_180024,dgc
dhi_135051,dhi
mve_100026,mve
wme_140082,wme
qvm_154838,qvm
kpj_138897,kpj
kam_75889,kam
kaz_120492,kaz
rgs_160275,rgs
kdj_16818,kdj
bug_102076,bug
scg_95911,scg
lje_188444,lje
nbc_105624,nbc
bhi_184169,bhi
bxk_57612,bxk
spa_131191,spa
bis_61374,bis
bod_153733,bod
bxh_17551,bxh
rab_39812,rab
mag_52130,mag
suz_165149,suz
scg_147485,scg
lao_10110,lao
yal_171629,yal
ssn_187382,ssn
arb_74761,arb
gbi_120312,gbi
mjg_05352,mjg
viv_169988,viv
mie_101493,mie
npb_141207,npb
sbu_197363,sbu
ben_125650,ben
kpo_182458,kpo
ceb_198890,ceb
xuu_119639,xuu
yao_39576,yao
mhi_80039,mhi
bus_79849,bus
lem_87805,lem
lgr_130776,lgr
zro_64526,zro
ngc_34615,ngc
hak_55968,hak
bhx_68488,bhx
plc_32417,plc
seh_33264,seh
aeb_68168,aeb
sru_155766,sru
kuj_205062,kuj
kue_63166,kue
tnv_140969,tnv
dww_51083,dww
adq_18735,adq
tuy_27230,tuy
kde_46069,kde
clk_200117,clk
nyu_82589,nyu
mki_179814,mki
wme_139847,wme
mkn_111319,mkn
ven_212196,ven
tel_214766,tel
eng_211278,eng
aaz_116516,aaz
vaj_98277,vaj
etr_83178,etr
swc_186104,swc
sie_08289,sie
cfm_129148,cfm
kmn_01798,kmn
dgc_180006,dgc
xmc_213113,xmc
spn_25159,spn
pmy_165820,pmy
men_60879,men
agg_162608,agg
mgp_53468,mgp
toc_27782,toc
ybi_142503,ybi
fub_162203,fub
qxu_32103,qxu
ben_149853,ben
slv_74431,slv
vmw_122049,vmw
kno_82936,kno
coh_152451,coh
tum_32288,tum
rmq_88222,rmq
zca_179468,zca
tav_149259,tav
yao_182880,yao
jms_217731,jms
xuu_119368,xuu
mni_175327,mni
bxh_17924,bxh
mco_91586,mco
vaj_98027,vaj
kjc_01085,kjc
ces_183270,ces
haj_197039,haj
pca_217654,pca
sat_81726,sat
abt_08961,abt
tbf_209564,tbf
uth_150658,uth
men_60962,men
pca_217647,pca
taj_103691,taj
gid_99398,gid
pmy_165545,pmy
qwa_110331,qwa
mgp_142919,mgp
dgc_180010,dgc
<unk>_141271,<unk>
bde_46183,bde
awa_189657,awa
nym_15032,nym
mwc_128861,mwc
quh_10544,quh
hin_29361,hin
ben_125470,ben
pkb_22272,pkb
pgg_57390,pgg
tuy_27282,tuy
nbl_10177,nbl
bnp_142225,bnp
kno_82811,kno
mas_31020,mas
nbi_57208,nbi
yue_32884,yue
kru_78719,kru
ycl_195818,ycl
inj_30886,inj
gis_196439,gis
bee_29679,bee
iba_79230,iba
sid_71930,sid
lok_37918,lok
lub_169245,lub
Zambia_109445,Zambia
etr_83179,etr
cgk_121552,cgk
ame_57235,ame
teo_142728,teo
kjs_65692,kjs
dje_77655,dje
wof_78351,wof
tso_53270,tso
aiw_111861,aiw
cnk_21972,cnk
cnb_116590,cnb
tcx_11353,tcx
lma_178941,lma
hdn_73791,hdn
bhb_166374,bhb
bqc_168725,bqc
hmd_185015,hmd
bhi_184212,bhi
new_27739,new
kye_213013,kye
bcq_116208,bcq
fvr_126196,fvr
suk_157745,suk
kan_60311,kan
nym_15012,nym
ptu_70379,ptu
mip_37847,mip
cni_189510,cni
nab_40621,nab
toq_07150,toq
zyp_24426,zyp
set_197462,set
spt_171536,spt
ums_154279,ums
mxt_204571,mxt
kby_81274,kby
knv_135163,knv
tlf_145541,tlf
bxh_17744,bxh
ssx_150142,ssx
rhg_20668,rhg
ghr_134674,ghr
yom_153916,yom
ntj_209131,ntj
zne_107840,zne
brh_206308,brh
lub_169181,lub
soq_131420,soq
emk_111918,emk
qxp_43724,qxp
sol_120461,sol
any_217032,any
ksw_36642,ksw
med_34946,med
taq_195011,taq
bxh_17184,bxh
ute_218215,ute
kdj_16940,kdj
teo_142638,teo
orc_50361,orc
kvw_201934,kvw
luo_207170,luo
bhx_68514,bhx
tcc_147950,tcc
bvu_68991,bvu
arg_147641,arg
noe_101910,noe
lwg_90854,lwg
ind_186762,ind
rus_113754,rus
<unk>_31758,<unk>
qxl_84563,qxl
dww_51403,dww
mup_31655,mup
mkw_180754,mkw
adi_33980,adi
ott_172282,ott
def_183482,def
tam_82549,tam
dzg_91374,dzg
cmn_122140,cmn
quh_10572,quh
tdf_208577,tdf
alt_164902,alt
soq_131431,soq
haj_196881,haj
unr_151197,unr
ebu_195508,ebu
tvk_150339,tvk
quh_31352,quh
bol_210216,bol
emk_112045,emk
shn_219918,shn
lbm_167667,lbm
jbu_150347,jbu
gvo_28509,gvo
mwq_30569,mwq
urd_35770,urd
zav_120254,zav
bjn_176734,bjn
nhw_11059,nhw
roo_107354,roo
lrl_218850,lrl
sie_08256,sie
gjk_57039,gjk
cbs_184674,cbs
ubr_85421,ubr
fuh_133245,fuh
ajg_220762,ajg
vaj_98189,vaj
ffm_101084,ffm
sxb_188205,sxb
ffm_101073,ffm
cod_02967,cod
spa_130940,spa
brx_11915,brx
mey_184334,mey
mqz_07708,mqz
nnp_52462,nnp
mnk_210838,mnk
saj_04538,saj
wod_132059,wod
ttq_85925,ttq
arq_168462,arq
tov_55238,tov
srb_200833,srb
bhb_165178,bhb
swp_62408,swp
kde_46080,kde
nhp_03898,nhp
amf_01246,amf
bwd_91248,bwd
swc_185917,swc
Zambia_109347,Zambia
tkb_174682,tkb
fuh_133292,fuh
loz_108377,loz
bxg_196353,bxg
rki_115918,rki
xkl_180673,xkl
ksw_36539,ksw
ium_128756,ium
zaw_09075,zaw
tog_25412,tog
mzz_184032,mzz
nbe_146283,nbe
eng_42980,eng
mdy_11247,mdy
gvc_99804,gvc
psn_121829,psn
otq_38523,otq
aui_40346,aui
smy_55830,smy
pov_171510,pov
kde_45999,kde
nij_151020,nij
hur_136158,hur
Zambia_109350,Zambia
iba_195931,iba
nxk_188798,nxk
sil_81822,sil
bof_124540,bof
mki_110940,mki
bgz_138451,bgz
wmd_179172,wmd
mrd_118859,mrd
hvn_153677,hvn
men_202854,men
quh_10601,quh
nyd_203887,nyd
yue_32948,yue
cko_69360,cko
tgj_49733,tgj
xkf_65901,xkf
lma_02622,lma
otx_126646,otx
orc_50315,orc
raw_214125,raw
cou_217101,cou
mjx_98833,mjx
ifa_46559,ifa
kqs_20804,kqs
moc_220905,moc
khk_37130,khk
hmo_54097,hmo
kin_120773,kin
twm_129941,twm
new_172663,new
vut_124851,vut
mfz_135375,mfz
jbm_41174,jbm
tke_123298,tke
blo_210248,blo
bxk_57675,bxk
dwz_187672,dwz
mas_31250,mas
soq_131630,soq
ybl_142165,ybl
sbd_185806,sbd
alz_116876,alz
bjn_176733,bjn
hul_200265,hul
afr_08456,afr
bun_04347,bun
jda_211988,jda
ksd_133766,ksd
ena_170811,ena
thq_46437,thq
guj_189155,guj
xte_90991,xte
ksn_206962,ksn
ngc_34738,ngc
zyj_73732,zyj
qwa_110356,qwa
mos_159820,mos
qud_178741,qud
aec_178636,aec
xsm_220372,xsm
lbj_196291,lbj
aec_178701,aec
mlk_194853,mlk
tbz_26862,tbz
cnk_21950,cnk
kjl_76777,kjl
mrr_05830,mrr
tam_82494,tam
lhp_161836,lhp
mzi_155350,mzi
aln_92366,aln
wlx_209699,wlx
mhw_22889,mhw
mqz_07681,mqz
njz_76164,njz
gmb_163142,gmb
<unk>_108464,<unk>
ahk_18693,ahk
bjg_69277,bjg
ben_79934,ben
the_189882,the
thq_46430,thq
srp_10806,srp
ddg_72214,ddg
brg_23117,brg
sin_204309,sin
ese_117396,ese
lrm_178294,lrm
tpr_189959,tpr
kfy_151924,kfy
jiy_201677,jiy
otd_218542,otd
yin_93012,yin
cyb_141694,cyb
cni_197765,cni
snd_173729,snd
atb_79423,atb
pdu_52084,pdu
pis_144092,pis
mbp_27026,mbp
kfq_42732,kfq
dww_51267,dww
dzo_136109,dzo
ayr_187967,ayr
quh_19048,quh
gun_202351,gun
muy_171263,muy
loe_78630,loe
mai_55499,mai
sbd_185712,sbd
nuy_62712,nuy
lic_197399,lic
qug_17088,qug
ben_144382,ben
tuc_16640,tuc
lnd_163200,lnd
gnn_208160,gnn
ngc_34785,ngc
cde_204682,cde
nza_105354,nza
pai_126323,pai
her_23238,her
mip_86576,mip
yim_98007,yim
xwe_212414,xwe
bxh_17246,bxh
tam_82284,tam
bas_01966,bas
bcc_200614,bcc
tam_82486,tam
saq_97314,saq
eng_221175,eng
gid_99314,gid
zgb_75569,zgb
tzh_84650,tzh
aiw_111643,aiw
eng_211592,eng
knc_201057,knc
mwn_06672,mwn
lif_01502,lif
kng_39929,kng
dzg_91367,dzg
nyy_69787,nyy
huh_14718,huh
mjz_89683,mjz
xuu_119614,xuu
mio_162690,mio
mjc_108743,mjc
blq_70475,blq
kge_191679,kge
fuc_68828,fuc
xmv_58507,xmv
dhg_14869,dhg
dje_77673,dje
trn_141582,trn
gdn_177394,gdn
spa_27612,spa
iru_121519,iru
the_189835,the
som_100439,som
tuk_93416,tuk
vaj_103603,vaj
ymm_40765,ymm
dww_51234,dww
nlk_177175,nlk
aio_56548,aio
gvr_20224,gvr
nhd_115518,nhd
plt_169016,plt
kbp_204195,kbp
sfw_125190,sfw
crn_202470,crn
ben_125589,ben
zkd_34519,zkd
dyu_208888,dyu
xtc_17167,xtc
mww_166244,mww
gjn_146146,gjn
sgc_108657,sgc
mev_56753,mev
int_205449,int
wol_211151,wol
mip_37631,mip
zac_16029,zac
trd_18166,trd
khe_92757,khe
fli_216985,fli
wib_143372,wib
qxu_32189,qxu
qul_88937,qul
pex_80157,pex
srp_10721,srp
hau_136521,hau
top_196799,top
ind_186628,ind
pbm_99563,pbm
zdj_211732,zdj
jge_178017,jge
mij_172460,mij
shn_219953,shn
hin_29378,hin
mve_138306,mve
iba_205715,iba
tob_132826,tob
mxy_159296,mxy
mgh_65146,mgh
sat_81666,sat
snd_07519,snd
kyq_100056,kyq
dwz_187662,dwz
kai_71564,kai
xdy_59807,xdy
srr_181604,srr
ksp_104297,ksp
rel_214420,rel
ssx_150143,ssx
bgq_20112,bgq
txt_16073,txt
vaj_98108,vaj
gaz_59204,gaz
umb_192840,umb
luo_207345,luo
yue_32950,yue
spa_106054,spa
mym_185309,mym
pap_65065,pap
ron_100758,ron
kjd_220253,kjd
abt_162705,abt
bem_12935,bem
xog_155081,xog
bfr_102162,bfr
cdh_13810,cdh
swh_67098,swh
cma_10260,cma
anr_184850,anr
srp_10675,srp
swh_120524,swh
bby_66728,bby
gai_215667,gai
mfq_88658,mfq
toc_27803,toc
dig_160399,dig
pbo_106611,pbo
mfi_192357,mfi
lky_192683,lky
lif_01617,lif
yao_182886,yao
ory_66550,ory
kmi_18827,kmi
bus_79844,bus
sfw_125141,sfw
sbx_64850,sbx
orc_50449,orc
bxk_12371,bxk
txq_145171,txq
ngc_34758,ngc
swh_67058,swh
kqj_130081,kqj
tcc_147994,tcc
cpx_220287,cpx
etu_85543,etu
sil_25958,sil
skg_64211,skg
saq_97361,saq
tzm_150806,tzm
frd_194570,frd
pnb_215713,pnb
tro_59467,tro
ibg_86228,ibg
soq_131303,soq
ory_15851,ory
knk_146828,knk
bwi_127539,bwi
teo_142764,teo
emk_111888,emk
bbr_70246,bbr
psn_121830,psn
mhl_128665,mhl
mfi_192343,mfi
haj_196991,haj
fub_215057,fub
cub_183356,cub
mro_73549,mro
crn_197634,crn
swc_186018,swc
mgw_68348,mgw
cfa_188904,cfa
gax_177267,gax
lag_181549,lag
urk_178005,urk
pmy_165707,pmy
khg_24797,khg
tir_141789,tir
<unk>_108510,<unk>
oss_80471,oss
fra_190212,fra
gjk_22341,gjk
aeb_68154,aeb
ktu_134052,ktu
pov_171403,pov
bei_101302,bei
grd_156031,grd
cjm_75402,cjm
kml_87979,kml
oki_78800,oki
wom_49661,wom
raw_05067,raw
ven_212215,ven
ihp_156408,ihp
men_60958,men
jda_212005,jda
twm_129918,twm
jra_104236,jra
tmd_107002,tmd
slu_103413,slu
tzm_150899,tzm
pga_167058,pga
atd_65523,atd
akh_150479,akh
npi_19847,npi
kam_75836,kam
yal_93545,yal
nbl_10175,nbl
thm_22677,thm
moj_81256,moj
tog_25462,tog
pht_73095,pht
kml_87983,kml
mpq_211130,mpq
lom_174322,lom
ino_56852,ino
hol_24706,hol
dgc_179985,dgc
tyr_148234,tyr
vie_217121,vie
lom_19529,lom
spa_131176,spa
mui_154505,mui
arn_81991,arn
Zambia_109337,Zambia
nac_48603,nac
srx_126721,srx
mai_158401,mai
ngc_34862,ngc
mal_71634,mal
gur_43880,gur
ces_183322,ces
nyf_173100,nyf
bdq_05160,bdq
mnz_220805,mnz
muz_136004,muz
rgs_160344,rgs
thf_158118,thf
swh_219325,swh
sou_41692,sou
sin_204287,sin
rjs_138462,rjs
kfx_117154,kfx
hdy_82259,hdy
lky_192668,lky
rej_151085,rej
nij_97714,nij
swp_137633,swp
nkb_143555,nkb
new_172745,new
slu_103443,slu
wrp_04082,wrp
kxz_175732,kxz
tye_77877,tye
aoz_130823,aoz
vkl_169423,vkl
msc_67673,msc
ngu_126081,ngu
cns_74227,cns
swk_126475,swk
gnd_152675,gnd
bnp_142221,bnp
xwl_73438,xwl
pis_143755,pis
mkw_180789,mkw
sgb_14086,sgb
bfb_02499,bfb
xkl_26664,xkl
bhu_176825,bhu
orc_50381,orc
mjt_132506,mjt
mcd_77928,mcd
djr_190371,djr
tpe_46328,tpe
dug_158787,dug
srq_216937,srq
knk_146751,knk
kzq_98693,kzq
ktm_149127,ktm
pan_71832,pan
agw_218018,agw
cnc_86199,cnc
qxp_43660,qxp
lif_01564,lif
xkl_44794,xkl
pce_79361,pce
lus_161696,lus
xkk_27702,xkk
itz_53178,itz
guj_188958,guj
xdy_137797,xdy
mau_09915,mau
xdy_188911,xdy
ell_189449,ell
dta_181252,dta
run_104671,run
gia_201765,gia
wuv_149165,wuv
kml_97923,kml
yaa_04665,yaa
pri_134235,pri
mpr_207125,mpr
jmx_16352,jmx
zpy_87209,zpy
eng_88397,eng
aoz_130857,aoz
bwq_135671,bwq
doy_32742,doy
brd_183006,brd
bni_32200,bni
viv_169997,viv
bwi_127554,bwi
dip_214675,dip
zau_214237,zau
bcz_33962,bcz
aui_40235,aui
guz_54644,guz
txu_94283,txu
amh_03498,amh
cdh_13802,cdh
cnh_164247,cnh
rki_181229,rki
cnw_201733,cnw
sst_58477,sst
fon_19828,fon
taz_14044,taz
fuh_133283,fuh
dww_51232,dww
tsn_200373,tsn
zca_179374,zca
bwu_201285,bwu
kvr_33124,kvr
hin_29371,hin
koe_96889,koe
saq_122590,saq
nxr_130143,nxr
mej_78581,mej
fra_189989,fra
ban_49245,ban
jra_188632,jra
pia_104891,pia
grt_124862,grt
tam_82344,tam
rus_113972,rus
lif_213240,lif
tna_151693,tna
otm_48679,otm
enq_57050,enq
bfm_55690,bfm
sey_26290,sey
crn_197650,crn
ium_114799,ium
fra_160806,fra
kjo_207667,kjo
gaz_59223,gaz
bim_201635,bim
imo_52857,imo
pkb_32696,pkb
kno_82697,kno
zul_109816,zul
dyu_208856,dyu
bgz_138382,bgz
msc_67724,msc
prs_43990,prs
<unk>_153995,<unk>
sml_167304,sml
oki_78812,oki
bwu_201279,bwu
tuf_110377,tuf
nfa_206754,nfa
ind_186981,ind
new_204625,new
emn_148550,emn
mzp_154792,mzp
bbo_193882,bbo
cyo_202765,cyo
gnn_208166,gnn
zyg_27532,zyg
bmf_124407,bmf
vem_160015,vem
kji_101746,kji
grt_180278,grt
sfw_125263,sfw
tam_82382,tam
isn_162522,isn
cnh_164405,cnh
unr_151314,unr
por_95234,por
lbx_83133,lbx
knc_201111,knc
zao_176692,zao
goa_98596,goa
ben_125616,ben
nza_127119,nza
dag_37449,dag
pmx_129058,pmx
eng_211366,eng
grt_74953,grt
cgk_121549,cgk
bem_12914,bem
lub_169254,lub
mnk_210853,mnk
yam_105165,yam
kyu_209959,kyu
mlk_194867,mlk
pis_143713,pis
ngl_146900,ngl
gnd_52323,gnd
eng_194379,eng
grt_105555,grt
kie_130453,kie
lao_85102,lao
qul_88907,qul
njh_134320,njh
bfa_133918,bfa
frd_194591,frd
ubr_85207,ubr
smq_84174,smq
teo_142747,teo
kno_82755,kno
khe_92900,khe
wal_176602,wal
ztl_09726,ztl
bgq_133807,bgq
grt_115254,grt
qvj_33837,qvj
tsr_141142,tsr
vmk_05506,vmk
kqs_199901,kqs
ngu_126121,ngu
nia_202076,nia
mwq_30635,mwq
coh_152350,coh
ktm_149092,ktm
spa_106083,spa
bge_119009,bge
orc_50314,orc
blw_200666,blw
sez_30810,sez
gmb_163101,gmb
sbd_185481,sbd
tah_73434,tah
acz_138127,acz
kqf_127836,kqf
ben_125633,ben
gid_99397,gid
fat_210535,fat
iba_97441,iba
bhb_140709,bhb
yal_171762,yal
pbi_58270,pbi
pht_45456,pht
opm_142249,opm
mwt_221550,mwt
wme_139921,wme
gog_74873,gog
nhy_44715,nhy
ory_205617,ory
tnc_16624,tnc
som_100536,som
pan_71820,pan
mzp_154782,mzp
npl_112399,npl
xkz_24661,xkz
knu_205917,knu
swh_120665,swh
spa_106379,spa
tuy_27275,tuy
dug_158868,dug
kmk_87068,kmk
<unk>_31807,<unk>
bma_73931,bma
nos_198664,nos
cux_107322,cux
aly_97528,aly
ifu_195773,ifu
vmz_161900,vmz
npi_19894,npi
uzn_45254,uzn
eng_43068,eng
lok_37965,lok
bin_58071,bin
lri_39055,lri
fat_210551,fat
agg_162611,agg
ubr_85301,ubr
otd_218551,otd
sin_204215,sin
sou_41804,sou
mos_159762,mos
aaz_116508,aaz
wuu_184638,wuu
ach_13419,ach
gri_211895,gri
nst_221047,nst
tpx_48084,tpx
okh_116920,okh
qxl_84506,qxl
upv_03799,upv
aoe_115399,aoe
dhw_114549,dhw
bru_155533,bru
tgl_13014,tgl
khk_37090,khk
tdt_179082,tdt
ruk_88773,ruk
hts_58707,hts
aim_123501,aim
kil_105698,kil
ena_170741,ena
bxh_17336,bxh
ssi_157226,ssi
pan_55256,pan
pmi_149553,pmi
nyf_173075,nyf
emk_111901,emk
uss_55396,uss
als_06562,als
qud_178733,qud
twe_132554,twe
kfy_37277,kfy
bgr_63988,bgr
shk_09527,shk
men_83722,men
nst_97970,nst
ywq_01726,ywq
fie_50776,fie
dug_158734,dug
pcf_127407,pcf
sei_18983,sei
cav_179309,cav
sat_81693,sat
cnh_164456,cnh
olu_33052,olu
nza_127148,nza
bnj_142175,bnj
scg_147471,scg
lbk_165858,lbk
olu_33090,olu
yva_39661,yva
ngc_34557,ngc
fuc_111470,fuc
ghr_134814,ghr
nut_20189,nut
ory_205581,ory
zpz_83305,zpz
amr_126044,amr
wlv_162960,wlv
ubr_85329,ubr
kqs_20818,kqs
bxh_17723,bxh
mnb_121248,mnb
pah_89082,pah
soq_131620,soq
gbi_120306,gbi
nza_101887,nza
ldi_212680,ldi
kaa_47495,kaa
mey_184355,mey
mwf_35315,mwf
nyf_173053,nyf
sru_155764,sru
Zambia_109397,Zambia
afr_08573,afr
ayr_187914,ayr
gvr_20227,gvr
tol_182424,tol
iba_54904,iba
tvd_148714,tvd
quh_64602,quh
saj_04512,saj
cmn_61758,cmn
lin_36071,lin
mgo_21842,mgo
alh_106809,alh
ell_189451,ell
ewe_215859,ewe
muz_136031,muz
wnc_174979,wnc
bcc_153507,bcc
eto_25281,eto
ssx_150179,ssx
swh_67172,swh
mzb_00000,mzb
oku_181954,oku
lbx_76995,lbx
pis_143904,pis
tuc_16658,tuc
gjk_22318,gjk
not_65796,not
saq_122582,saq
Zambia_35467,Zambia
npi_30255,npi
oki_78795,oki
sna_117779,sna
viv_170014,viv
npi_30269,npi
yue_32794,yue
fuh_133277,fuh
are_99605,are
ldi_212703,ldi
emk_112105,emk
fue_192500,fue
bus_79836,bus
lla_55668,lla
tdf_208553,tdf
kik_152536,kik
lmn_134618,lmn
bza_02035,bza
bee_29624,bee
lra_04112,lra
jra_104259,jra
mej_78469,mej
uzn_45214,uzn
por_95249,por
zne_107910,zne
pse_176223,pse
qxu_31968,qxu
muh_57885,muh
yrl_80518,yrl
vie_63311,vie
ben_149729,ben
ksw_36544,ksw
mya_48514,mya
itv_102760,itv
xsu_215597,xsu
lrm_178334,lrm
mlk_194864,mlk
swp_67506,swp
wnc_174984,wnc
brh_206292,brh
mzz_183961,mzz
mej_78472,mej
por_138793,por
gnw_173320,gnw
waw_60517,waw
agw_218064,agw
mkd_213458,mkd
tdx_113102,tdx
tuk_93333,tuk
cbn_175567,cbn
dww_51420,dww
mdb_61100,mdb
wut_115078,wut
kjc_01126,kjc
dww_51330,dww
rmn_78058,rmn
hio_217692,hio
alw_34050,alw
aab_79185,aab
lhl_109687,lhl
npb_141205,npb
npi_59591,npi
lig_64992,lig
bem_12722,bem
nas_00823,nas
dyo_190933,dyo
coh_152369,coh
ben_144343,ben
msi_16580,msi
eng_194312,eng
xsq_186431,xsq
als_06459,als
bpr_164178,bpr
vaj_103573,vaj
npi_19982,npi
mup_183586,mup
mcd_77902,mcd
meu_114338,meu
txu_94400,txu
kxp_119311,kxp
nmn_51647,nmn
adl_106741,adl
fuf_180575,fuf
ngc_34605,ngc
kej_26444,kej
gdu_205685,gdu
sgh_08751,sgh
cmn_52387,cmn
sot_38869,sot
eng_43369,eng
ktv_19449,ktv
tlf_145529,tlf
mni_148990,mni
lug_139195,lug
dty_66531,dty
lif_14674,lif
ayp_90721,ayp
ssn_187529,ssn
soq_131865,soq
mpj_183774,mpj
mxe_216946,mxe
xsm_220366,xsm
hii_206398,hii
zps_193325,zps
sxb_188284,sxb
khm_102378,khm
stt_55044,stt
ble_84923,ble
dhg_14915,dhg
eng_130392,eng
ben_125440,ben
mrg_01240,mrg
<unk>_73682,<unk>
ayr_188020,ayr
dty_66509,dty
pfe_116778,pfe
tty_157487,tty
wmw_115596,wmw
xon_47705,xon
nst_87559,nst
tcz_140809,tcz
ngc_34576,ngc
nof_115143,nof
lif_01655,lif
ory_15961,ory
kjl_76637,kjl
nwi_144265,nwi
pse_176213,pse
tui_103736,tui
fuh_133175,fuh
run_104521,run
cch_177452,cch
hus_46198,hus
bmf_124441,bmf
nyf_173247,nyf
pdu_209393,pdu
guj_211686,guj
ptu_21726,ptu
kcc_140873,kcc
nyd_203772,nyd
mzj_157011,mzj
peg_18543,peg
oki_78927,oki
koo_206427,koo
tro_59485,tro
tlr_156431,tlr
wad_100186,wad
jra_104176,jra
nym_15017,nym
thd_06280,thd
ium_98317,ium
ctg_91646,ctg
bwx_164127,bwx
snd_07320,snd
baw_183417,baw
hin_29441,hin
zia_148156,zia
amm_135128,amm
shn_220110,shn
mui_179580,mui
mbc_42481,mbc
dnj_38681,dnj
tdh_122889,tdh
mim_192743,mim
ben_125889,ben
mse_37385,mse
sgp_33721,sgp
lbj_196252,lbj
twh_193397,twh
srp_10732,srp
kno_82635,kno
saj_04530,saj
kus_118690,kus
kam_75859,kam
cnh_164382,cnh
ngc_34636,ngc
mhy_203655,mhy
gbm_178547,gbm
tby_01313,tby
okh_116932,okh
abt_09019,abt
tir_141837,tir
khw_46886,khw
gdr_121811,gdr
mtb_84207,mtb
pbt_54523,pbt
mfz_135302,mfz
kfv_77376,kfv
zsm_100228,zsm
sgc_108663,sgc
kxw_70965,kxw
bos_211824,bos
tem_161277,tem
bun_04380,bun
lar_115345,lar
khe_92911,khe
bqc_168667,bqc
ntj_209171,ntj
hts_58745,hts
run_104685,run
dje_77500,dje
pof_31579,pof
mya_48503,mya
ubr_85417,ubr
ubr_85190,ubr
dug_158820,dug
esi_63356,esi
ymk_201829,ymk
bug_102060,bug
jaa_205678,jaa
sdr_64553,sdr
mgw_68379,mgw
wof_78378,wof
bkq_209664,bkq
ngc_34623,ngc
lus_216483,lus
mgc_199174,mgc
csh_198330,csh
jbj_94062,jbj
new_67436,new
kia_189671,kia
mbz_150771,mbz
ola_209745,ola
xsq_186447,xsq
nmi_212794,nmi
nxr_130161,nxr
mwq_30708,mwq
kno_82680,kno
srb_170196,srb
bhi_184267,bhi
cch_177469,cch
mhp_166296,mhp
tio_01804,tio
lsm_95720,lsm
cmn_28003,cmn
trn_141613,trn
mfz_135338,mfz
bqr_187703,bqr
srq_216907,srq
nst_221029,nst
mpj_183786,mpj
tpl_102353,tpl
wbp_109086,wbp
yor_202625,yor
sot_38850,sot
pis_144147,pis
ukr_23996,ukr
sbx_38693,sbx
teo_142830,teo
guj_189154,guj
csh_64352,csh
nas_00516,nas
tuc_16649,tuc
thq_165083,thq
hca_195673,hca
lmn_217621,lmn
thl_41995,thl
nan_56686,nan
ldi_212578,ldi
mfz_135392,mfz
sdq_73051,sdq
cli_104150,cli
tkt_79127,tkt
ycl_195803,ycl
lnd_90059,lnd
nhu_184753,nhu
cnh_164208,cnh
kin_120893,kin
las_212348,las
gvn_178594,gvn
jiv_07944,jiv
gng_203432,gng
soq_131330,soq
Zambia_109355,Zambia
ghr_134806,ghr
mro_73611,mro
sil_25869,sil
soa_53841,soa
bhw_03819,bhw
mco_172049,mco
sie_08214,sie
mpj_183679,mpj
gax_177350,gax
byn_45809,byn
mcn_53664,mcn
ind_186781,ind
gvr_29122,gvr
kvb_63430,kvb
ebu_195366,ebu
brd_183025,brd
cnh_164241,cnh
jpn_156937,jpn
toq_06927,toq
nmz_124186,nmz
xkg_62203,xkg
gng_203435,gng
lus_161597,lus
srb_200823,srb
raw_108073,raw
mdy_11230,mdy
esh_03054,esh
pof_31439,pof
xkl_176192,xkl
dav_02278,dav
eng_88232,eng
bhu_176833,bhu
btd_77975,btd
tel_214768,tel
rao_68894,rao
pse_176207,pse
mwf_35393,mwf
gup_208110,gup
tem_161214,tem
mza_56795,mza
xte_91038,xte
swp_62395,swp
dig_160572,dig
arv_84605,arv
kyz_119946,kyz
mfy_203284,mfy
srp_172341,srp
nfu_96181,nfu
bqw_32525,bqw
mbp_27120,mbp
bas_01951,bas
bru_02218,bru
new_204665,new
xti_06437,xti
xsq_186422,xsq
ben_149846,ben
srp_10740,srp
grt_180339,grt
mef_83071,mef
xuu_119445,xuu
swc_186129,swc
tha_52570,tha
bos_211831,bos
rus_113708,rus
rab_39685,rab
nza_101891,nza
lif_01490,lif
eng_137021,eng
sbe_167443,sbe
dwy_04023,dwy
aiw_111677,aiw
spa_106056,spa
gjn_146030,gjn
kir_16294,kir
kye_212942,kye
tuy_27229,tuy
ctg_03075,ctg
zab_25553,zab
nud_64719,nud
mho_103960,mho
foi_179659,foi
fod_173664,fod
kuj_205029,kuj
mxb_72275,mxb
xuu_119443,xuu
hau_136420,hau
uzn_45309,uzn
snd_07497,snd
bqc_168803,bqc
slu_103426,slu
taj_103701,taj
gvo_28411,gvo
dob_98447,dob
kvt_210262,kvt
som_100632,som
cfa_09704,cfa
anm_173836,anm
twi_167908,twi
vaj_98202,vaj
afr_08592,afr
bwt_52002,bwt
jra_188760,jra
iba_195912,iba
gjn_146028,gjn
wnc_175021,wnc
maf_23531,maf
pwb_77106,pwb
tnl_197855,tnl
seh_33178,seh
swc_186067,swc
mjt_132394,mjt
swv_139342,swv
uig_101800,uig
agf_157457,agf
afr_08507,afr
ybl_142159,ybl
bmk_123601,bmk
koe_96795,koe
aui_40310,aui
pof_31564,pof
ibg_210577,ibg
bde_46192,bde
run_104485,run
nyy_69762,nyy
yao_39327,yao
moc_220890,moc
mpm_02129,mpm
ben_125913,ben
aly_97554,aly
cme_204878,cme
rif_101660,rif
btt_111065,btt
cao_197126,cao
oro_77322,oro
lol_87249,lol
mjz_89515,mjz
<unk>_118446,<unk>
nfa_206735,nfa
maz_133479,maz
soe_164831,soe
cmn_28089,cmn
udu_129543,udu
yan_18649,yan
xav_115749,xav
gbz_40639,gbz
xri_123971,xri
mwc_128909,mwc
mww_163983,mww
nas_00708,nas
kud_102906,kud
nya_70014,nya
hin_110590,hin
bfa_55894,bfa
fub_214879,fub
uzs_41382,uzs
rav_49495,rav
pga_166890,pga
lif_01470,lif
lga_190690,lga
taq_195036,taq
deh_58400,deh
sbe_167606,sbe
xtd_28819,xtd
ngc_34653,ngc
spa_131136,spa
fub_214933,fub
tcc_148117,tcc
bfw_217847,bfw
tdf_208560,tdf
lin_36390,lin
xsm_220380,xsm
quh_10547,quh
tgj_49713,tgj
rmn_78132,rmn
mkn_111257,mkn
agd_41424,agd
her_23437,her
mqj_136064,mqj
fuh_133249,fuh
bjg_69325,bjg
khg_24778,khg
spa_130889,spa
bem_12773,bem
hvn_153627,hvn
aoe_115436,aoe
kup_68801,kup
knc_201013,knc
xtd_28824,xtd
mgm_88180,mgm
mos_159819,mos
okh_116926,okh
lcm_215081,lcm
bhi_184163,bhi
bje_184937,bje
slv_74420,slv
<unk>_31782,<unk>
kaa_47657,kaa
cat_114610,cat
xra_94920,xra
jul_32496,jul
sfw_125173,sfw
eng_88491,eng
ubr_85347,ubr
tsn_200517,tsn
klz_29720,klz
sdo_180211,sdo
lnd_163204,lnd
pse_50976,pse
gbm_87396,gbm
dsh_220615,dsh
nan_56631,nan
bbc_34108,bbc
wlo_139562,wlo
xdy_137781,xdy
nng_34015,nng
ggw_124066,ggw
qxp_43740,qxp
ppk_53514,ppk
eng_43321,eng
sie_08294,sie
mas_31238,mas
xuu_119563,xuu
fuf_180385,fuf
hau_65359,hau
bvu_69071,bvu
caa_182228,caa
lus_161689,lus
bfz_55114,bfz
ttq_86094,ttq
bbr_70287,bbr
wsi_207060,wsi
nya_70031,nya
bud_24889,bud
mzz_184004,mzz
inj_30863,inj
cmn_28214,cmn
srx_126696,srx
tuk_93043,tuk
vav_24296,vav
btm_172949,btm
vor_177772,vor
fli_147599,fli
nod_126985,nod
mcf_105862,mcf
mcu_44828,mcu
kby_197273,kby
dim_219795,dim
<unk>_154027,<unk>
csh_42341,csh
kin_120984,kin
khs_123445,khs
ahr_169709,ahr
eng_174155,eng
nza_105386,nza
klr_23686,klr
dad_38088,dad
lag_181371,lag
bfb_51855,bfb
wsi_207080,wsi
ptu_21806,ptu
eng_221165,eng
ben_125561,ben
vie_94626,vie
bgz_176304,bgz
phr_122780,phr
nyy_69768,nyy
eka_02443,eka
bxk_132738,bxk
pud_96428,pud
swh_67193,swh
sjl_66949,sjl
nbl_10214,nbl
ntj_209186,ntj
tha_52662,tha
nhw_11005,nhw
ybh_106884,ybh
lew_126599,lew
sbe_167619,sbe
puu_114850,puu
lje_188457,lje
snd_07421,snd
ben_149624,ben
luj_107419,luj
apz_137231,apz
hix_126798,hix
cmo_209932,cmo
dao_215178,dao
snl_159433,snl
aui_40238,aui
pmj_74196,pmj
thy_200192,thy
mpx_124996,mpx
khg_34366,khg
tca_13967,tca
tue_02334,tue
dyu_208677,dyu
zkr_145579,zkr
lif_01694,lif
hnj_103398,hnj
jmx_170131,jmx
xkl_176195,xkl
pko_142874,pko
tqu_158970,tqu
mlk_194758,mlk
wme_139904,wme
ssi_157168,ssi
quc_48758,quc
guc_176419,guc
wme_139930,wme
bvc_73200,bvc
dig_160401,dig
vmc_150612,vmc
mug_213953,mug
mpc_37517,mpc
lgg_14327,lgg
jbu_07738,jbu
kqs_20765,kqs
mui_66470,mui
ghr_134690,ghr
xtj_03766,xtj
dry_102205,dry
uis_126910,uis
haj_196954,haj
crn_197630,crn
nii_42850,nii
wsi_207047,wsi
mpd_182661,mpd
okh_116925,okh
xub_207878,xub
nii_163779,nii
prs_44311,prs
cdj_87164,cdj
alf_14631,alf
lic_52262,lic
awa_189605,awa
fuf_128128,fuf
wbf_130102,wbf
kpo_99278,kpo
cco_96657,cco
orc_50204,orc
chk_216258,chk
tro_59327,tro
etu_85544,etu
bfb_02491,bfb
bgd_214195,bgd
thl_19633,thl
tog_25439,tog
are_99687,are
gid_99382,gid
ewe_215861,ewe
fon_19781,fon
mil_31253,mil
twm_129911,twm
ifa_46555,ifa
mos_159697,mos
trp_163488,trp
hin_29275,hin
ewe_215822,ewe
maa_171978,maa
wof_78239,wof
bco_70680,bco
mug_214026,mug
gnn_208193,gnn
mqx_53826,mqx
cas_158698,cas
sil_26028,sil
tod_47963,tod
nbn_156280,nbn
atd_65577,atd
vah_07580,vah
her_23382,her
tuk_93246,tuk
loz_108432,loz
mro_123879,mro
swh_120517,swh
kzf_58091,kzf
gvr_29158,gvr
kaa_47593,kaa
cak_126750,cak
orc_128339,orc
khe_92778,khe
bxh_17745,bxh
xkl_180689,xkl
ntj_209232,ntj
syw_06398,syw
rai_80683,rai
vie_217104,vie
bxh_17287,bxh
quc_209857,quc
guj_189084,guj
gju_144629,gju
tbc_35175,tbc
hat_67927,hat
kus_118681,kus
rjs_138644,rjs
aeb_68185,aeb
mos_159763,mos
xdy_203184,xdy
urd_35724,urd
kgp_00450,kgp
tel_214773,tel
xkl_176174,xkl
zpp_178601,zpp
maa_152321,maa
mmc_83571,mmc
eng_211362,eng
rmn_78117,rmn
kby_81293,kby
ilo_79549,ilo
kpw_70210,kpw
sna_117936,sna
cbt_118613,cbt
guj_189037,guj
mbp_26978,mbp
xon_47706,xon
otx_126655,otx
por_95253,por
pah_89100,pah
fqs_220223,fqs
cas_158655,cas
crn_197629,crn
dyu_208600,dyu
sin_204313,sin
nfa_206656,nfa
viv_169951,viv
ctl_168202,ctl
mnl_40558,mnl
mgp_53454,mgp
spa_130950,spa
ind_186785,ind
jul_32478,jul
guc_176411,guc
bcp_213840,bcp
pei_156230,pei
spp_114257,spp
nza_105372,nza
wrm_22483,wrm
pwg_06222,pwg
njz_76243,njz
kqs_18801,kqs
srb_170211,srb
buh_24259,buh
jav_147153,jav
tpq_119252,tpq
mlk_194849,mlk
xtd_28869,xtd
kub_05034,kub
mup_12346,mup
txq_145189,txq
ntp_21134,ntp
cla_81580,cla
mya_48327,mya
maz_133501,maz
cax_151615,cax
fay_159369,fay
tel_70805,tel
acz_138111,acz
rmc_155990,rmc
tuk_93293,tuk
mro_73654,mro
wof_78366,wof
xon_47937,xon
kfv_77373,kfv
nnw_191557,nnw
mgd_166205,mgd
nas_00824,nas
cmn_61903,cmn
arn_82040,arn
kei_88105,kei
bam_71282,bam
run_104636,run
nus_02112,nus
gwn_159456,gwn
bla_207463,bla
aww_63585,aww
tlf_145534,tlf
llg_132187,llg
bug_109250,bug
kam_75810,kam
nxk_188784,nxk
jer_15741,jer
khm_102666,khm
kgk_26239,kgk
ttv_190888,ttv
xem_115856,xem
crn_197647,crn
xte_91010,xte
tkq_25607,tkq
ind_186911,ind
jeh_73688,jeh
orc_49992,orc
nuf_117493,nuf
shj_220503,shj
nir_174735,nir
swp_36856,swp
lug_139143,lug
bfr_102168,bfr
mwq_30515,mwq
roo_107378,roo
fli_22755,fli
kor_85647,kor
twi_167771,twi
rif_109493,rif
mxv_107225,mxv
aiw_111760,aiw
msc_67732,msc
tnv_141031,tnv
wwa_169651,wwa
gom_198706,gom
itd_99250,itd
xuu_119369,xuu
nlk_177178,nlk
huv_179758,huv
kix_68599,kix
<unk>_144468,<unk>
uzn_45290,uzn
bap_169657,bap
adx_87888,adx
bdi_79603,bdi
mni_148966,mni
hld_03339,hld
knc_201096,knc
cto_99187,cto
mpj_183749,mpj
loz_108401,loz
soq_131724,soq
arg_147613,arg
hca_195689,hca
dwz_187666,dwz
urd_35841,urd
khm_102525,khm
mip_37632,mip
kqp_90197,kqp
yal_171701,yal
pga_166928,pga
seg_90479,seg
hau_65305,hau
dww_51257,dww
yin_92984,yin
cbn_175654,cbn
sdr_93867,sdr
hbn_11707,hbn
ncu_172497,ncu
rug_188394,rug
nfa_206696,nfa
soy_204516,soy
bgr_63870,bgr
ebo_72346,ebo
mgb_95796,mgb
bus_79837,bus
ria_74051,ria
srq_216870,srq
sky_102266,sky
lag_181570,lag
pse_202684,pse
sfw_125113,sfw
mrd_118873,mrd
kjc_01057,kjc
lyn_28692,lyn
ghe_37314,ghe
swb_54401,swb
pbo_106654,pbo
bfa_138250,bfa
hul_200232,hul
dik_186224,dik
pbo_106636,pbo
nxr_130136,nxr
kor_85610,kor
lsm_95567,lsm
lin_36293,lin
npi_30047,npi
kqp_90332,kqp
hne_163021,hne
nso_217595,nso
hts_58607,hts
rus_113689,rus
app_130188,app
gur_47030,gur
mtr_168365,mtr
ngu_72581,ngu
kfx_117193,kfx
lew_173686,lew
por_95373,por
mqu_85744,mqu
ctu_37573,ctu
bhz_87437,bhz
jiv_08000,jiv
yes_117329,yes
mkw_180864,mkw
kad_147383,kad
xtm_188486,xtm
mrr_199202,mrr
ssn_187462,ssn
djr_190434,djr
bda_171016,bda
nst_04989,nst
dww_51364,dww
jul_32502,jul
bfh_07899,bfh
sst_81659,sst
spy_80759,spy
dks_66107,dks
oro_77298,oro
spa_130911,spa
rab_39773,rab
hno_63796,hno
rau_138987,rau
<unk>_144462,<unk>
yue_32845,yue
bho_96064,bho
udu_129580,udu
nhi_126245,nhi
lwo_172384,lwo
sdr_93919,sdr
srp_10829,srp
cek_135018,cek
fra_181778,fra
bdh_152766,bdh
mwv_10314,mwv
soq_131719,soq
orc_128285,orc
chf_44659,chf
xho_176070,xho
mwn_06711,mwn
nmh_177917,nmh
kps_19442,kps
suz_165105,suz
mxt_204611,mxt
mve_140432,mve
eka_02431,eka
spo_157361,spo
ebu_195475,ebu
pud_96445,pud
ifa_168261,ifa
slk_192258,slk
mro_73666,mro
tkt_189310,tkt
kjs_65702,kjs
rus_113926,rus
xtm_157398,xtm
por_95272,por
sna_118001,sna
ruk_88735,ruk
kbp_55004,kbp
ita_40981,ita
plt_168932,plt
tfn_127780,tfn
atd_65512,atd
ybl_142155,ybl
saq_122463,saq
sgj_159200,sgj
akh_150498,akh
pir_177867,pir
knl_129015,knl
mwn_06800,mwn
hoc_143106,hoc
aks_77794,aks
mjz_89495,mjz
brx_11914,brx
hin_29517,hin
lok_190843,lok
tvd_138339,tvd
mwm_213815,mwm
nia_202088,nia
kno_82902,kno
mgg_159420,mgg
clj_94979,clj
maj_133643,maj
bhr_60583,bhr
ach_13411,ach
bxh_17628,bxh
mhy_203587,mhy
tpe_46314,tpe
mfz_135446,mfz
knk_146790,knk
trn_141627,trn
uar_62443,uar
rgu_105941,rgu
nud_64733,nud
bos_211755,bos
ary_176937,ary
yka_215482,yka
twy_206459,twy
ena_170702,ena
lkr_114300,lkr
bam_71526,bam
hix_126813,hix
kdq_03002,kdq
top_196714,top
pga_167020,pga
kft_91105,kft
kmc_153706,kmc
wrp_04083,wrp
aaz_116464,aaz
sso_133758,sso
dwz_187651,dwz
goj_52172,goj
qul_88940,qul
kkf_02739,kkf
ksp_104278,ksp
jad_149513,jad
csh_42145,csh
pbt_54505,pbt
yml_84017,yml
kib_116380,kib
lok_38013,lok
peg_18560,peg
sbx_64871,sbx
vaj_98164,vaj
rai_80685,rai
men_83672,men
yaa_41901,yaa
suk_157585,suk
bun_04307,bun
nps_217061,nps
fuh_133203,fuh
hlb_27890,hlb
hil_23923,hil
wut_56163,wut
huv_179770,huv
pes_145784,pes
bxk_132766,bxk
kjl_76655,kjl
ztg_95964,ztg
lcm_215099,lcm
mgp_53485,mgp
aaz_116477,aaz
nim_38209,nim
mjz_89628,mjz
dik_36815,dik
mgd_25599,mgd
otd_218514,otd
crx_35075,crx
beo_210137,beo
xon_47939,xon
bva_168406,bva
lif_01698,lif
kde_46118,kde
nyk_38334,nyk
kdj_16714,kdj
mco_91559,mco
jmx_16492,jmx
lgg_35060,lgg
lra_04122,lra
cav_179317,cav
nan_56633,nan
agg_19277,agg
kfv_77384,kfv
her_23419,her
bbc_34181,bbc
soe_164816,soe
oku_181958,oku
aaz_116512,aaz
nyk_38374,nyk
bdq_05170,bdq
mup_31685,mup
mos_163277,mos
sat_81703,sat
acq_30904,acq
knc_201011,knc
bhb_135896,bhb
lua_96188,lua
gmb_163113,gmb
mhu_38606,mhu
eng_130325,eng
bqc_168777,bqc
nim_38315,nim
ubr_85217,ubr
cmn_00431,cmn
kfp_80722,kfp
las_50698,las
quc_151433,quc
npi_29969,npi
nyf_169568,nyf
had_95791,had
yom_153919,yom
dww_51157,dww
bcy_45933,bcy
cmn_122150,cmn
ory_15919,ory
ppt_49513,ppt
skg_64113,skg
ckh_153815,ckh
sna_117938,sna
adx_21889,adx
cnk_21978,cnk
lgr_130619,lgr
fra_190066,fra
ben_125580,ben
gax_59905,gax
saq_122560,saq
pga_167029,pga
uzn_45102,uzn
nim_38297,nim
quh_31287,quh
tcz_140819,tcz
tcc_147915,tcc
kqf_127886,kqf
onj_140715,onj
koi_19355,koi
ebu_169645,ebu
cgk_121584,cgk
las_212346,las
thy_200160,thy
bfa_127364,bfa
trd_18156,trd
zty_12257,zty
qxl_84529,qxl
xte_04771,xte
mai_53079,mai
gvr_29236,gvr
apb_134488,apb
kex_101118,kex
ary_79052,ary
gax_56229,gax
jra_188638,jra
nmf_10356,nmf
cmn_61670,cmn
baa_130268,baa
kru_199516,kru
drd_54839,drd
swp_67567,swp
por_191855,por
ntj_209240,ntj
kma_53951,kma
fwe_116128,fwe
btt_111057,btt
ssi_157165,ssi
loy_60716,loy
Zambia_109396,Zambia
ccp_198051,ccp
kup_186196,kup
bkl_115178,bkl
mkd_213762,mkd
gaa_193452,gaa
bqj_21257,bqj
lmp_93471,lmp
shp_154230,shp
vmk_05511,vmk
zsm_100221,zsm
gaj_63274,gaj
vah_07607,vah
kud_102903,kud
rjs_138663,rjs
mxb_51781,mxb
yao_39426,yao
orc_128240,orc
aap_153351,aap
tso_53224,tso
tos_84744,tos
xri_117032,xri
bvu_42077,bvu
ntm_83665,ntm
nmo_194012,nmo
abi_123776,abi
pap_65056,pap
arv_84614,arv
kqp_90079,kqp
zne_108048,zne
nij_165385,nij
guj_189061,guj
tmd_107006,tmd
bim_201557,bim
dww_51240,dww
uzn_45322,uzn
bbr_70233,bbr
ssx_150178,ssx
fub_162180,fub
aln_92223,aln
siw_217919,siw
spa_106380,spa
gux_117249,gux
mvv_166190,mvv
mgp_142929,mgp
hye_218123,hye
vmh_148582,vmh
dhm_186327,dhm
utr_20153,utr
haj_197099,haj
tzh_41230,tzh
scu_49351,scu
rab_39717,rab
bis_61149,bis
gbo_104843,gbo
lao_85056,lao
bkm_79973,bkm
asm_137885,asm
guz_54634,guz
wli_01413,wli
zkn_123739,zkn
sip_116808,sip
jiv_07961,jiv
fuf_128194,fuf
gdn_177392,gdn
mbi_175087,mbi
ttk_103813,ttk
eto_25227,eto
mjg_05361,mjg
tpi_49030,tpi
mej_78521,mej
kml_97909,kml
bon_122320,bon
ben_144303,ben
snd_07523,snd
tem_161261,tem
rar_65672,rar
guj_211628,guj
pis_144146,pis
dww_51301,dww
srp_10775,srp
lnd_90044,lnd
sqq_64817,sqq
bgt_15231,bgt
fuq_129599,fuq
tpj_135637,tpj
lbf_06917,lbf
mjx_98975,mjx
lsm_95618,lsm
jna_117633,jna
lao_10084,lao
fwe_116059,fwe
rki_159062,rki
swh_219096,swh
xkl_86356,xkl
aia_41437,aia
lus_161672,lus
tcc_148022,tcc
gnk_182863,gnk
jra_104222,jra
vaj_103544,vaj
dgr_197439,dgr
mos_159679,mos
bex_202752,bex
suk_157555,suk
zim_11545,zim
lus_216444,lus
jum_153562,jum
lif_213230,lif
chq_86611,chq
ert_125344,ert
twm_129811,twm
lus_161613,lus
ntj_209110,ntj
lar_03773,lar
jav_83470,jav
spa_106087,spa
lma_178912,lma
jra_188748,jra
wof_78319,wof
cfm_182203,cfm
kue_62996,kue
wed_09324,wed
hts_58644,hts
gmb_163098,gmb
kno_82910,kno
rol_153131,rol
cbn_175652,cbn
apb_134482,apb
wes_79882,wes
tdx_113252,tdx
pud_96470,pud
rin_182483,rin
aln_92116,aln
vie_84424,vie
iii_188092,iii
knc_201032,knc
npi_192788,npi
ymm_40722,ymm
kqb_103118,kqb
guc_176520,guc
rmn_78031,rmn
zne_107917,zne
kwg_101203,kwg
top_196767,top
tvs_00217,tvs
kqj_130037,kqj
tur_105070,tur
kpo_182455,kpo
nya_69911,nya
atd_65552,atd
njz_76433,njz
ybi_142527,ybi
eyo_91903,eyo
zlm_157353,zlm
bee_133886,bee
fie_50782,fie
dig_160550,dig
kdh_124710,kdh
gaj_193749,gaj
ldi_212506,ldi
mxj_09425,mxj
tdt_179030,tdt
mya_48513,mya
xky_66641,xky
nya_69896,nya
cbn_175535,cbn
sru_155656,sru
hun_96168,hun
kam_75861,kam
lns_28962,lns
bru_02213,bru
kgk_26241,kgk
awa_189651,awa
dgo_174652,dgo
sou_41749,sou
idu_184138,idu
mgw_68393,mgw
mev_56765,mev
tuv_25108,tuv
aln_142578,aln
nya_70058,nya
sru_155644,sru
adi_33974,adi
aai_81049,aai
sbd_185672,sbd
emk_214402,emk
pwg_06059,pwg
lgr_130749,lgr
swp_137526,swp
bsk_198582,bsk
bnp_142211,bnp
pbo_106540,pbo
knu_205924,knu
ica_86410,ica
nkb_143556,nkb
qul_58236,qul
bsk_198610,bsk
snc_189349,snc
rmn_89795,rmn
spa_106167,spa
twi_167882,twi
umb_193063,umb
bfo_119875,bfo
bsh_83379,bsh
buz_88042,buz
knx_45426,knx
dks_66155,dks
bhb_166366,bhb
fuc_111608,fuc
zpa_45752,zpa
gun_202162,gun
kmt_79788,kmt
zlm_142415,zlm
mzp_154724,mzp
taj_103687,taj
beo_210147,beo
duh_39974,duh
mfn_05277,mfn
quh_31343,quh
hdy_82275,hdy
bwx_164129,bwx
uzn_45202,uzn
saq_122496,saq
mxv_107235,mxv
adi_20390,adi
tod_48010,tod
mfa_08092,mfa
qvs_206922,qvs
arn_82067,arn
hts_58730,hts
kel_148404,kel
eus_83842,eus
yrl_80557,yrl
lbq_191374,lbq
tuy_27145,tuy
esg_82195,esg
tcp_51998,tcp
ces_183106,ces
tem_161378,tem
bam_71491,bam
men_83718,men
twu_105251,twu
rml_60447,rml
bgz_138434,bgz
swc_186074,swc
nti_07792,nti
mzp_154631,mzp
dos_139405,dos
pnc_54751,pnc
kno_82625,kno
eng_43286,eng
kdt_215449,kdt
loz_108202,loz
mzz_183937,mzz
lar_101266,lar
kjc_01052,kjc
quh_31350,quh
bka_03985,bka
aki_18263,aki
coh_152432,coh
zkn_123756,zkn
add_207834,add
sna_117930,sna
fuf_180657,fuf
bvz_198459,bvz
bgr_63934,bgr
thf_158024,thf
dug_158722,dug
hrv_184516,hrv
sie_08216,sie
urk_177976,urk
tdh_122947,tdh
bam_71408,bam
<unk>_59564,<unk>
duh_39968,duh
xky_72381,xky
hak_69528,hak
mgo_21837,mgo
fuf_180506,fuf
guc_176479,guc
tbz_26888,tbz
tel_214828,tel
anp_217088,anp
mvg_41048,mvg
rmq_88197,rmq
nxq_103880,nxq
nza_127165,nza
<unk>_129646,<unk>
kfk_149364,kfk
rhp_221121,rhp
mej_78592,mej
fra_160842,fra
lhu_174561,lhu
csk_08139,csk
tkb_174715,tkb
dos_18471,dos
zem_165256,zem
mwt_221496,mwt
som_100615,som
tpe_46316,tpe
tpi_48952,tpi
thq_84833,thq
bam_71243,bam
ngl_147037,ngl
pol_204942,pol
wci_151799,wci
cro_152600,cro
mas_31112,mas
dmw_142852,dmw
tbc_35110,tbc
vie_217126,vie
thf_157856,thf
cmn_61742,cmn
fak_203702,fak
spp_114249,spp
mxj_09452,mxj
adx_70618,adx
cao_197176,cao
wed_185150,wed
sac_80023,sac
qxn_180973,qxn
csh_42152,csh
nlk_177218,nlk
stt_55033,stt
hbn_11699,hbn
avn_85830,avn
ita_40967,ita
ife_158894,ife
ymk_201818,ymk
tpa_182562,tpa
ymm_40825,ymm
kud_102943,kud
isn_162360,isn
kef_41376,kef
<unk>_108488,<unk>
cjk_142956,cjk
uar_62461,uar
xkl_49653,xkl
olu_33089,olu
kno_82727,kno
tpj_135636,tpj
kkj_193130,kkj
eng_43271,eng
lew_101709,lew
<unk>_73759,<unk>
tlr_180165,tlr
seg_90559,seg
clj_94999,clj
mai_137296,mai
pcc_212261,pcc
mrd_118881,mrd
ebu_195396,ebu
spa_131146,spa
ktm_149089,ktm
uar_62473,uar
teo_142786,teo
div_81358,div
bis_61229,bis
soq_131920,soq
srp_172337,srp
tpa_182592,tpa
jiv_07955,jiv
ktm_149097,ktm
pap_65092,pap
ken_55868,ken
pri_134284,pri
wbp_108788,wbp
mgh_65142,mgh
mkn_111342,mkn
dta_181258,dta
tdx_113320,tdx
zne_107876,zne
khk_37151,khk
skg_64175,skg
dje_77555,dje
yuq_15436,yuq
gaz_59249,gaz
cik_169457,cik
gnd_52312,gnd
bhb_133328,bhb
lao_85083,lao
dag_37459,dag
kul_02250,kul
isn_162432,isn
bgz_138430,bgz
bam_71326,bam
bud_196519,bud
wat_72789,wat
mfi_192313,mfi
mhw_22855,mhw
kiw_119902,kiw
mym_185432,mym
xon_47734,xon
txu_94409,txu
qwa_110335,qwa
quc_209884,quc
gig_180935,gig
lua_96228,lua
sdo_01350,sdo
bhb_154372,bhb
amh_03641,amh
qug_17022,qug
ind_186960,ind
les_140600,les
nno_14579,nno
srb_170188,srb
ahk_18660,ahk
aix_101402,aix
lao_10126,lao
lro_113463,lro
ngc_34635,ngc
ena_170819,ena
cul_164485,cul
tlr_180149,tlr
yao_39599,yao
jmx_16528,jmx
nys_21424,nys
kjl_76810,kjl
tbo_132965,tbo
nat_79326,nat
frd_12006,frd
fra_181798,fra
trd_18211,trd
aoj_08740,aoj
por_191963,por
hbn_11703,hbn
dkx_60156,dkx
nlv_88700,nlv
men_83719,men
ceg_35241,ceg
kbr_22089,kbr
emk_111980,emk
sru_155583,sru
soq_131516,soq
tpl_102367,tpl
bem_12733,bem
bod_26572,bod
npi_19917,npi
bbo_193909,bbo
soe_164845,soe
ino_56848,ino
lhu_174515,lhu
lrl_218855,lrl
bho_72322,bho
arb_170347,arb
xmz_11619,xmz
tpa_182586,tpa
pov_171374,pov
spa_106400,spa
wbp_108774,wbp
slk_192252,slk
tuv_25076,tuv
sfw_125207,sfw
tke_123228,tke
hrv_184468,hrv
bhh_59845,bhh
bnp_142220,bnp
tpi_48955,tpi
ctg_91706,ctg
bvd_129343,bvd
spo_157358,spo
sou_41864,sou
zaw_09064,zaw
gaj_193710,gaj
shk_09603,shk
dty_66495,dty
gid_99304,gid
aln_142584,aln
twm_129959,twm
huv_179767,huv
mhz_164606,mhz
djr_190574,djr
men_61036,men
ors_35190,ors
mhw_22794,mhw
guj_189109,guj
adx_181661,adx
tem_161305,tem
acq_206186,acq
dur_189416,dur
pov_171527,pov
fun_12642,fun
pdu_209388,pdu
att_21356,att
aly_97552,aly
zaf_02059,zaf
smh_54052,smh
spa_106119,spa
pln_47225,pln
liz_85150,liz
yuy_112424,yuy
vmw_75657,vmw
kam_75746,kam
cap_156874,cap
gax_59940,gax
tbo_218746,tbo
lug_139205,lug
bod_66793,bod
csh_198353,csh
adi_193635,adi
xla_22582,xla
mkw_180923,mkw
eng_03390,eng
eng_136969,eng
arb_74802,arb
pag_178862,pag
mho_103927,mho
kno_82741,kno
bxh_17453,bxh
mdh_166256,mdh
gvr_29235,gvr
bol_210217,bol
uzn_113583,uzn
lok_38025,lok
mai_53069,mai
uig_101864,uig
gub_148850,gub
mkd_213386,mkd
mxv_107071,mxv
kdj_16711,kdj
mqj_65857,mqj
kvr_33156,kvr
swh_219294,swh
nac_48605,nac
isn_162602,isn
nyd_203996,nyd
pcf_127431,pcf
amh_03700,amh
hae_109725,hae
sbx_64877,sbx
mix_00922,mix
nim_38187,nim
ztp_173462,ztp
beu_197893,beu
hye_218151,hye
iba_57950,iba
men_83723,men
nas_00597,nas
kpr_68662,kpr
krr_208398,krr
brx_11940,brx
bis_61445,bis
bsh_83359,bsh
kge_18043,kge
tye_77846,tye
nal_61497,nal
tgk_46605,tgk
att_21281,att
pdt_56253,pdt
klr_23615,klr
dnj_38673,dnj
fuv_33889,fuv
gvc_99988,gvc
dyu_208765,dyu
xon_47775,xon
sid_71947,sid
mte_73727,mte
mgh_65238,mgh
mai_55468,mai
qul_88976,qul
thf_158278,thf
agn_144192,agn
Zambia_109311,Zambia
rog_110240,rog
dyo_190998,dyo
bvd_129444,bvd
cnh_164335,cnh
lub_169204,lub
aui_40385,aui
pko_110050,pko
soq_131826,soq
atd_65564,atd
pof_31651,pof
mos_159863,mos
muz_136032,muz
mhw_22859,mhw
asy_193243,asy
swh_120631,swh
mai_53092,mai
sil_76150,sil
xsm_220392,xsm
deu_71153,deu
xon_47801,xon
ntm_24973,ntm
uig_101847,uig
mtg_139448,mtg
kjl_76652,kjl
kff_05114,kff
bdh_152738,bdh
bvw_36056,bvw
ese_117432,ese
swh_219054,swh
szb_210032,szb
bvu_69003,bvu
bxh_17438,bxh
apd_137333,apd
wlc_15424,wlc
eng_43365,eng
nfa_206751,nfa
aui_40461,aui
pce_79370,pce
brx_53124,brx
zap_211065,zap
bxk_57670,bxk
mvo_101426,mvo
eng_173937,eng
jeh_73723,jeh
hrv_184527,hrv
bos_211798,bos
kls_136751,kls
qvj_33860,qvj
kjl_76805,kjl
dta_87703,dta
zap_211074,zap
ghr_134826,ghr
dry_102208,dry
ayr_187933,ayr
tke_123199,tke
mfn_05273,mfn
xmz_80371,xmz
ono_137905,ono
her_23213,her
arb_170309,arb
csh_42174,csh
spn_25156,spn
kdp_01234,kdp
khk_37150,khk
keo_20073,keo
dts_80383,dts
<unk>_144511,<unk>
hre_194641,hre
bis_61285,bis
dwy_04005,dwy
ggw_124096,ggw
nku_104712,nku
apc_12177,apc
bbo_193897,bbo
tbg_110007,tbg
swc_186006,swc
mpn_167218,mpn
rus_181694,rus
ibg_210584,ibg
ncl_159011,ncl
tem_161279,tem
spa_131195,spa
luo_207281,luo
maw_171206,maw
ynq_151874,ynq
dnj_86501,dnj
grd_156013,grd
mte_201195,mte
teo_142813,teo
nhw_10983,nhw
lao_10073,lao
frd_195705,frd
kqs_20736,kqs
kru_178769,kru
grt_105533,grt
wtm_72141,wtm
lpn_174176,lpn
swc_185896,swc
mlk_194795,mlk
mbp_27104,mbp
seg_90428,seg
ont_132869,ont
tuv_25075,tuv
yaf_136548,yaf
iba_54917,iba
fra_161001,fra
mho_103970,mho
nhp_03885,nhp
ita_57108,ita
dhg_151584,dhg
xog_155077,xog
nbi_57195,nbi
guj_189016,guj
kmj_144531,kmj
gur_43792,gur
som_100572,som
hau_136411,hau
djr_190329,djr
tsb_81604,tsb
bug_109252,bug
twi_167836,twi
new_195188,new
mhu_38605,mhu
nim_38132,nim
dug_158791,dug
fij_03095,fij
mbi_175061,mbi
ssi_157281,ssi
rel_214444,rel
vag_154347,vag
mhl_128646,mhl
csh_64360,csh
kjc_01053,kjc
asc_121319,asc
sgz_44466,sgz
cko_69404,cko
plt_169109,plt
kri_21538,kri
tir_141900,tir
ghe_37333,ghe
gas_20446,gas
djo_133361,djo
mxv_107089,mxv
swp_66986,swp
slk_192049,slk
eng_43448,eng
kma_53960,kma
urt_26511,urt
gnn_208183,gnn
ame_57286,ame
adq_18761,adq
dks_66166,dks
trn_141573,trn
kye_212996,kye
kue_63035,kue
sna_184802,sna
aec_178633,aec
bfy_114465,bfy
spa_106122,spa
pis_143889,pis
top_196742,top
dyu_208872,dyu
obo_114173,obo
mxt_204613,mxt
msc_67670,msc
saj_04523,saj
lew_101689,lew
tnv_141077,tnv
dip_01848,dip
mya_130444,mya
mhy_203574,mhy
kjo_207675,kjo
kvf_179503,kvf
mcq_157523,mcq
dks_66029,dks
kdh_152616,kdh
beo_210158,beo
kfg_200850,kfg
zad_62557,zad
knp_175514,knp
ceb_198921,ceb
sou_41816,sou
wim_182298,wim
bjg_02793,bjg
quz_216327,quz
ssk_62283,ssk
bdq_05143,bdq
tnb_201127,tnb
gux_117230,gux
mfv_107699,mfv
lua_96251,lua
bol_210225,bol
mxd_79083,mxd
moy_202638,moy
sbs_165446,sbs
ktz_46968,ktz
aui_40281,aui
bao_82142,bao
pof_31647,pof
kno_82972,kno
cav_179286,cav
fub_214950,fub
rab_39776,rab
thf_158318,thf
fwe_116100,fwe
kde_46170,kde
bxh_17520,bxh
kfy_189817,kfy
kyu_209994,kyu
gaa_193467,gaa
mgh_65274,mgh
arb_170365,arb
<unk>_108496,<unk>
wme_140329,wme
jog_153422,jog
kwd_172194,kwd
khz_75505,khz
kel_148359,kel
aii_112191,aii
khj_138693,khj
kmr_59032,kmr
npi_30214,npi
tgl_13088,tgl
urd_35946,urd
luj_107407,luj
lnd_163176,lnd
kls_136618,kls
muk_179013,muk
kai_71595,kai
bby_66717,bby
yml_83981,yml
bmb_134565,bmb
tik_04792,tik
tel_67301,tel
eng_88408,eng
nim_38311,nim
ven_212043,ven
cco_96660,cco
wof_78214,wof
lue_166636,lue
knk_146781,knk
puu_114830,puu
ssi_157272,ssi
ctd_203479,ctd
mvo_101427,mvo
amh_03570,amh
knc_201102,knc
skr_196009,skr
bjg_69217,bjg
ttq_86076,ttq
kxv_24515,kxv
ggw_124012,ggw
mzp_154702,mzp
bzu_148616,bzu
mos_159783,mos
les_162305,les
pex_110688,pex
lma_178904,lma
kno_82823,kno
nhp_03895,nhp
ola_209718,ola
lao_85100,lao
mni_148915,mni
cgk_121542,cgk
mro_73643,mro
pdu_52099,pdu
xdy_110411,xdy
jmn_207611,jmn
alh_106826,alh
hoc_143098,hoc
gvn_178592,gvn
agw_132313,agw
pcw_205871,pcw
som_100604,som
bgr_15585,bgr
tby_01286,tby
kmr_200726,kmr
hts_58584,hts
wsk_09517,wsk
bvu_69079,bvu
kfy_37278,kfy
gng_203465,gng
gdn_177414,gdn
ksw_36660,ksw
cnb_116580,cnb
vif_21204,vif
som_100550,som
dhw_114528,dhw
bhx_68523,bhx
blb_135708,blb
wbm_217358,wbm
<unk>_144482,<unk>
kql_02425,kql
ory_16011,ory
ghr_134643,ghr
tvk_150231,tvk
mfv_05899,mfv
tsn_200365,tsn
Zambia_109414,Zambia
dmo_01258,dmo
acm_139004,acm
kaa_47468,kaa
Zambia_109383,Zambia
lis_81000,lis
tke_123141,tke
bho_96058,bho
gax_56232,gax
mco_162280,mco
kek_129227,kek
nbi_57192,nbi
vif_21222,vif
acz_138122,acz
xte_91014,xte
bxh_17858,bxh
pad_199731,pad
awa_73849,awa
pbo_106626,pbo
mni_148855,mni
kvj_73135,kvj
knc_201043,knc
cmn_61984,cmn
mas_31231,mas
fub_214901,fub
dig_160647,dig
tar_218485,tar
peg_18544,peg
mcf_105864,mcf
cap_156869,cap
emk_214398,emk
tel_26071,tel
dyu_208657,dyu
mbp_27007,mbp
obo_114082,obo
kei_88068,kei
pes_145676,pes
onp_107608,onp
gun_202327,gun
ium_79332,ium
eng_211378,eng
dio_42882,dio
asi_03784,asi
ktz_84881,ktz
yml_83943,yml
mfv_05996,mfv
umb_192866,umb
tdt_179109,tdt
por_95348,por
ben_149731,ben
gur_47059,gur
koe_96915,koe
kge_191687,kge
rhg_20661,rhg
seg_90397,seg
mcu_52058,mcu
mos_159562,mos
eng_173968,eng
fij_183525,fij
cnk_21969,cnk
saq_122483,saq
aui_40148,aui
prs_44023,prs
kls_136613,kls
lus_161565,lus
bon_122301,bon
sep_136226,sep
txq_145202,txq
ktz_46959,ktz
lwg_90811,lwg
luj_107412,luj
njz_76300,njz
bdh_152763,bdh
myy_218387,myy
kzi_68736,kzi
mor_217192,mor
yua_97934,yua
maa_171979,maa
skr_196071,skr
csh_42186,csh
pln_47263,pln
tur_104991,tur
nan_56677,nan
mfi_192353,mfi
ury_191621,ury
pce_79368,pce
hns_145389,hns
mim_62920,mim
ach_13435,ach
grt_105502,grt
taw_159261,taw
cia_84117,cia
<unk>_31790,<unk>
xtd_28830,xtd
eto_25274,eto
eto_25317,eto
lgr_130679,lgr
sxb_188148,sxb
cmn_122180,cmn
bun_04389,bun
xkl_44776,xkl
tpq_119259,tpq
ost_44833,ost
sfw_125163,sfw
lus_161680,lus
kam_75952,kam
ese_117386,ese
lok_190845,lok
mlk_194936,mlk
npi_30358,npi
aix_09257,aix
ssk_62288,ssk
pga_166989,pga
swh_120646,swh
sfw_125298,sfw
lin_36391,lin
kqm_189246,kqm
tic_169822,tic
eng_43301,eng
hvn_153569,hvn
awu_155982,awu
bgd_52218,bgd
bpr_164175,bpr
wed_09300,wed
kai_71601,kai
ble_121136,ble
ibb_94049,ibb
mgh_65165,mgh
mzq_91469,mzq
beu_197915,beu
jms_217723,jms
dig_160533,dig
gol_144667,gol
mzp_154693,mzp
tpr_189927,tpr
bfh_07890,bfh
eto_25315,eto
xkf_65922,xkf
dww_51365,dww
kfq_42722,kfq
xuu_119580,xuu
tbo_218745,tbo
ajg_220692,ajg
nhw_11030,nhw
xuu_119454,xuu
puc_203238,puc
kfx_129259,kfx
wed_09379,wed
tcu_147210,tcu
dig_160394,dig
lbq_191422,lbq
qvm_154885,qvm
pnc_54769,pnc
pga_166969,pga
nnp_52479,nnp
gax_59885,gax
ajg_220710,ajg
cjv_100984,cjv
bfb_51880,bfb
mro_73517,mro
ajg_220722,ajg
med_34978,med
sbd_185789,sbd
dyu_208711,dyu
xkz_24635,xkz
csh_198142,csh
xem_10440,xem
sgb_14185,sgb
mch_182722,mch
mfi_147309,mfi
gax_60064,gax
guc_176472,guc
anu_130517,anu
aix_101400,aix
soq_131889,soq
orc_128237,orc
lok_38079,lok
xho_175927,xho
ada_50875,ada
muy_171237,muy
njz_76250,njz
bap_169685,bap
nng_34021,nng
tem_161303,tem
hoa_86456,hoa
qxu_31995,qxu
uzs_41390,uzs
eng_194373,eng
ngl_147035,ngl
moc_220917,moc
khg_56460,khg
men_202857,men
att_21376,att
guk_14265,guk
hil_23887,hil
bvu_68979,bvu
pis_143645,pis
xtd_28832,xtd
arn_82063,arn
mco_162292,mco
dyi_110457,dyi
mzi_155344,mzi
mrr_05820,mrr
btu_161792,btu
hau_65352,hau
ndx_148174,ndx
mwf_35298,mwf
vmw_75670,vmw
saj_04521,saj
mey_184323,mey
guc_176470,guc
tca_13927,tca
zts_26895,zts
gvn_178596,gvn
dgi_20864,dgi
hak_55963,hak
orc_50585,orc
rus_113875,rus
kde_46178,kde
nko_85806,nko
bgr_15731,bgr
dzg_91334,dzg
onp_107594,onp
ktz_18891,ktz
adq_58482,adq
ben_125727,ben
jmr_149048,jmr
por_95349,por
mix_00984,mix
toc_27790,toc
lnd_119823,lnd
als_06546,als
nan_134923,nan
kcs_88130,kcs
gun_202196,gun
lew_173693,lew
xkc_77763,xkc
bjn_58899,bjn
beo_210166,beo
dos_23154,dos
xkf_65933,xkf
pnb_215743,pnb
kwo_100180,kwo
npi_133456,npi
rmq_88224,rmq
fuf_128066,fuf
sat_70553,sat
dww_51226,dww
taq_195123,taq
mya_130441,mya
wbp_109032,wbp
ayo_16255,ayo
gjn_145932,gjn
tdt_179094,tdt
mbp_27057,mbp
tva_153908,tva
fuc_111479,fuc
pov_171344,pov
twe_118166,twe
loz_108241,loz
agw_132314,agw
bkq_209656,bkq
are_99736,are
pmy_165713,pmy
kck_68441,kck
bhi_184218,bhi
nso_217585,nso
tyv_157470,tyv
mev_56767,mev
ldi_212592,ldi
muv_119218,muv
nwi_144241,nwi
lew_126598,lew
ron_110949,ron
zab_110499,zab
tva_153857,tva
thf_157959,thf
bfb_51865,bfb
ium_173009,ium
ekg_135758,ekg
mlu_219520,mlu
snc_189362,snc
gun_202207,gun
coh_152382,coh
prs_44106,prs
byp_26426,byp
kdj_16842,kdj
kzr_155520,kzr
kno_82618,kno
arg_62880,arg
knk_146586,knk
trp_163393,trp
cat_114611,cat
ctg_91698,ctg
sop_193980,sop
mzp_154604,mzp
eng_194271,eng
hau_65348,hau
sot_38824,sot
npi_30249,npi
gvr_29111,gvr
xdy_46469,xdy
jwi_157416,jwi
blo_110311,blo
cvg_86729,cvg
crn_12635,crn
wal_176646,wal
tav_149254,tav
kqj_130080,kqj
lis_12697,lis
dks_66210,dks
taq_194994,taq
kde_46031,kde
lnd_163196,lnd
afr_08679,afr
aup_181325,aup
bhb_24812,bhb
jna_117621,jna
mkw_180887,mkw
mco_172054,mco
bza_02016,bza
fub_162204,fub
stt_55052,stt
min_221623,min
nzi_88565,nzi
qul_88895,qul
lus_161682,lus
gun_202160,gun
mbp_27058,mbp
mzb_00009,mzb
nym_14951,nym
ewe_215899,ewe
bcs_145408,bcs
ldi_212485,ldi
ory_15949,ory
trp_163611,trp
bda_89032,bda
iba_57927,iba
nav_177590,nav
shn_144732,shn
nya_70060,nya
xks_154476,xks
bsc_213850,bsc
dww_51114,dww
kbp_54991,kbp
swp_137658,swp
wlv_162966,wlv
rmq_88201,rmq
lom_174352,lom
eng_174138,eng
csk_08156,csk
<unk>_163065,<unk>
men_61005,men
row_152016,row
kei_167703,kei
les_101576,les
bhj_119659,bhj
gng_203084,gng
lgr_130590,lgr
wbp_108809,wbp
ses_166012,ses
lif_213235,lif
tbo_218590,tbo
xuu_119520,xuu
mox_27654,mox
soq_131634,soq
vut_124828,vut
zca_179469,zca
lok_38009,lok
bqx_88055,bqx
kin_120948,kin
lra_64675,lra
yal_171665,yal
dyu_208698,dyu
bbr_70259,bbr
kno_82918,kno
kma_53926,kma
kdj_16833,kdj
aln_92048,aln
aui_40451,aui
som_100496,som
hni_162789,hni
cdh_13786,cdh
pex_80155,pex
eto_25309,eto
pdu_52101,pdu
xon_47820,xon
fuf_128076,fuf
mev_56779,mev
spa_131216,spa
ayr_187926,ayr
aln_92056,aln
als_06487,als
wed_09331,wed
ptu_21764,ptu
cub_183341,cub
awi_25676,awi
knu_206055,knu
srr_181605,srr
txu_94403,txu
ttq_86025,ttq
cia_84109,cia
dos_139410,dos
otq_38531,otq
mya_130435,mya
pis_144181,pis
ulu_20348,ulu
bvd_129449,bvd
mej_78488,mej
pbo_106653,pbo
txu_94337,txu
lif_213206,lif
njz_76274,njz
sru_155630,sru
wsi_207051,wsi
kdp_01236,kdp
rjs_138464,rjs
wtm_72138,wtm
nko_85802,nko
kno_82766,kno
skg_64275,skg
kkc_121287,kkc
tja_44432,tja
fuc_111523,fuc
umb_193019,umb
nst_87492,nst
aai_81068,aai
cao_197165,cao
myb_133595,myb
lua_96232,lua
fuf_180551,fuf
ttc_79274,ttc
ben_125735,ben
acu_32647,acu
kdj_16854,kdj
lin_36306,lin
ayg_72488,ayg
tem_161296,tem
ctu_18581,ctu
tha_52534,tha
ium_151110,ium
jaa_205781,jaa
npb_141181,npb
lus_216408,lus
kqs_199961,kqs
bac_26786,bac
sdr_93953,sdr
ium_79328,ium
bzy_176851,bzy
acq_210322,acq
bfu_169335,bfu
seg_90575,seg
kue_63212,kue
fuv_58289,fuv
kwx_74024,kwx
hat_67917,hat
pof_31434,pof
bxk_12566,bxk
csh_42132,csh
plt_169000,plt
qwa_110353,qwa
mug_213930,mug
pse_167147,pse
tmf_35639,tmf
knl_179709,knl
spa_106251,spa
jeh_73711,jeh
mro_123897,mro
jra_188629,jra
mgh_65187,mgh
vmw_122003,vmw
ron_100933,ron
bbw_198721,bbw
ort_116152,ort
ztp_173472,ztp
guj_189098,guj
wnc_174838,wnc
tlr_111616,tlr
ubr_85236,ubr
lue_166601,lue
kud_102980,kud
hyw_83794,hyw
ium_143528,ium
npi_30174,npi
pof_31463,pof
npi_29994,npi
nwi_209361,nwi
swc_185979,swc
pof_31637,pof
tld_80318,tld
dur_189419,dur
cdj_87190,cdj
ven_212214,ven
mzp_154614,mzp
run_104536,run
kyb_33754,kyb
xed_14781,xed
khq_92437,khq
knc_201105,knc
fuh_149424,fuh
las_84889,las
mos_159748,mos
esu_162861,esu
lok_37902,lok
nbq_115284,nbq
nim_38279,nim
top_196696,top
swc_186080,swc
dzg_91302,dzg
pan_71853,pan
arr_49822,arr
swh_67220,swh
haj_196964,haj
wms_105754,wms
gbm_33562,gbm
guq_162869,guq
emp_89243,emp
sid_71919,sid
swv_139366,swv
eng_58333,eng
wnc_174810,wnc
lue_166729,lue
tur_105040,tur
kei_19398,kei
rgu_105930,rgu
dwy_04004,dwy
cul_164513,cul
mwq_30568,mwq
xtl_81396,xtl
kbr_22053,kbr
adl_106758,adl
mjt_177882,mjt
txn_27829,txn
seg_90515,seg
thf_158129,thf
bxk_132747,bxk
her_23433,her
dnn_62196,dnn
xty_87009,xty
saq_97426,saq
ter_216084,ter
aoz_130831,aoz
eng_88230,eng
awa_189618,awa
pse_202650,pse
lia_80332,lia
khm_102649,khm
pri_134266,pri
tbo_218672,tbo
gng_203076,gng
dnj_86494,dnj
lus_216544,lus
kel_148358,kel
hin_29461,hin
por_191733,por
mip_37811,mip
nij_38470,nij
qvm_154811,qvm
gup_207998,gup
fra_181812,fra
lrl_218837,lrl
pmf_69578,pmf
gri_211921,gri
kbc_198794,kbc
aln_92368,aln
ukr_24084,ukr
sgb_14089,sgb
acr_50843,acr
nhr_144951,nhr
mrr_05834,mrr
sdr_93777,sdr
puu_114868,puu
cpx_220289,cpx
pgg_57402,pgg
bxr_199074,bxr
njz_76466,njz
srq_216860,srq
tel_70792,tel
sna_117997,sna
wof_78259,wof
khk_37081,khk
xky_66563,xky
seh_33431,seh
gax_60037,gax
kls_136847,kls
txu_94211,txu
ium_58466,ium
kqi_143521,kqi
blt_203371,blt
bug_102030,bug
soq_131677,soq
ksw_36497,ksw
agr_170505,agr
mtu_30445,mtu
mas_30932,mas
rmn_78141,rmn
gbm_112918,gbm
tnv_181283,tnv
mho_103938,mho
yor_187084,yor
aln_92394,aln
hto_153798,hto
bxr_199047,bxr
rej_151064,rej
ben_144346,ben
cnt_29954,cnt
apd_137347,apd
por_95247,por
kxw_71007,kxw
mve_140518,mve
orc_50629,orc
mya_48491,mya
skg_64084,skg
mnk_210800,mnk
saq_97334,saq
csh_42259,csh
kde_46075,kde
mlk_194793,mlk
tuk_93202,tuk
khw_46732,khw
cvn_144695,cvn
kml_97871,kml
zlm_100307,zlm
nyy_69659,nyy
sil_25971,sil
kwo_100161,kwo
rao_68880,rao
dim_219782,dim
zik_18721,zik
wme_140259,wme
usp_15819,usp
yaa_04679,yaa
min_156499,min
sxb_188104,sxb
cmn_61559,cmn
mfc_184920,mfc
pnz_192024,pnz
nso_217421,nso
nhr_144861,nhr
bdq_05175,bdq
mnm_133130,mnm
bts_198028,bts
tsg_15527,tsg
raw_05075,raw
pnb_215796,pnb
bvu_68985,bvu
jml_22414,jml
avd_210917,avd
por_138795,por
hun_96131,hun
nst_87548,nst
eng_42985,eng
xti_06444,xti
orc_49922,orc
kdp_01225,kdp
gum_221278,gum
lbj_196257,lbj
msc_67674,msc
tyr_148252,tyr
pst_204483,pst
wau_54191,wau
csa_104072,csa
grt_180328,grt
kde_46131,kde
war_103458,war
dip_208328,dip
slk_192219,slk
eyo_91811,eyo
kdj_16689,kdj
kuj_205080,kuj
viv_169866,viv
dkx_60146,dkx
mzb_00010,mzb
kqp_90102,kqp
mfz_135439,mfz
njz_76402,njz
mip_37655,mip
brg_23114,brg
lue_166639,lue
rki_115930,rki
nan_123698,nan
kls_136806,kls
eng_211505,eng
dde_199424,dde
tdh_123037,tdh
iru_121528,iru
zac_140908,zac
plt_169010,plt
yao_39418,yao
mse_37411,mse
wme_140001,wme
hts_58528,hts
mqj_65845,mqj
min_156514,min
yor_187037,yor
kxw_71000,kxw
mjt_29866,mjt
kye_213043,kye
fub_162205,fub
khm_102466,khm
jul_32449,jul
adi_193661,adi
mui_179606,mui
khm_102397,khm
cnh_164289,cnh
kex_101097,kex
lbj_196292,lbj
soq_131821,soq
dny_127106,dny
xkl_64461,xkl
pdu_190266,pdu
sba_105430,sba
mqj_136035,mqj
ssn_187567,ssn
pce_102102,pce
kvr_33149,kvr
nbn_156299,nbn
mmh_166410,mmh
tgl_13116,tgl
gbm_33590,gbm
rel_214494,rel
mco_162289,mco
gvc_99997,gvc
rhg_20676,rhg
bge_118981,bge
csh_42080,csh
bcs_145418,bcs
ttq_85859,ttq
cnh_164431,cnh
csh_198188,csh
ibg_210579,ibg
ame_57280,ame
gui_53732,gui
apw_163323,apw
txu_94208,txu
ssn_187508,ssn
apc_136171,apc
aro_183823,aro
nst_45590,nst
mym_185368,mym
bhw_55554,bhw
cbn_175628,cbn
clk_200112,clk
snc_216663,snc
brg_122289,brg
xuu_102322,xuu
xri_117023,xri
cmn_28222,cmn
ada_193299,ada
dhm_186285,dhm
zpn_38425,zpn
toq_07113,toq
nkk_157445,nkk
mfh_135850,mfh
wbf_130093,wbf
agw_132319,agw
mgh_65186,mgh
xkl_176171,xkl
cas_112752,cas
prs_44310,prs
skr_141223,skr
cua_36759,cua
yor_97136,yor
gax_60057,gax
uzn_113567,uzn
ary_177084,ary
skg_64166,skg
nfd_142198,nfd
mve_138301,mve
kxz_175752,kxz
mgw_68232,mgw
zeh_79696,zeh
ory_15889,ory
rmz_121356,rmz
kqm_189239,kqm
shy_72959,shy
dnw_193788,dnw
jmc_30898,jmc
mwv_10323,mwv
kqb_103116,kqb
lis_181094,lis
mhx_162821,mhx
bud_62310,bud
kge_191705,kge
bbr_70361,bbr
dty_66491,dty
ckb_152143,ckb
mnk_210850,mnk
swp_36870,swp
xsr_207809,xsr
saq_97311,saq
tel_70789,tel
ldq_76977,ldq
okh_116940,okh
mde_112597,mde
nes_08923,nes
pdu_209370,pdu
mal_71649,mal
wms_105752,wms
nso_217455,nso
ssy_16335,ssy
nym_15002,nym
bvd_129378,bvd
dig_160389,dig
mgf_70666,mgf
mhy_203571,mhy
bob_168648,bob
smq_84161,smq
gbo_221006,gbo
lrm_178279,lrm
seg_90482,seg
mim_192742,mim
ind_186861,ind
lue_166722,lue
zul_109973,zul
mos_159663,mos
pjt_56376,pjt
tel_70824,tel
slv_74476,slv
kfy_151945,kfy
sxb_188120,sxb
all_138880,all
aui_40526,aui
scg_166803,scg
kue_63203,kue
nas_00497,nas
snd_56445,snd
vai_189177,vai
lub_169195,lub
kin_120978,kin
bgr_63994,bgr
ven_212149,ven
dks_66273,dks
lin_36385,lin
her_23438,her
skg_64205,skg
kjg_04561,kjg
ary_176918,ary
gax_177360,gax
shn_220129,shn
rim_215426,rim
tzo_77827,tzo
ybi_142530,ybi
wmb_194170,wmb
wnc_174809,wnc
yor_187097,yor
tuk_93176,tuk
trp_163414,trp
bgr_15638,bgr
mgd_49750,mgd
blb_135702,blb
sbd_185693,sbd
ndx_148167,ndx
bhl_34452,bhl
dyo_191103,dyo
mgh_65234,mgh
ich_55930,ich
umb_193027,umb
sbu_118933,sbu
hno_63695,hno
lnd_90010,lnd
mug_214062,mug
ekg_135773,ekg
njz_76403,njz
ayo_16258,ayo
gui_191205,gui
dgo_174650,dgo
the_189861,the
bxh_17399,bxh
zty_12259,zty
mhw_23000,mhw
kud_102870,kud
zao_176688,zao
zgb_75609,zgb
msy_19236,msy
kyb_33785,kyb
hno_63702,hno
seh_150947,seh
xmv_58508,xmv
hin_29499,hin
yor_51476,yor
pmf_69611,pmf
rgs_160254,rgs
aez_122338,aez
xwg_192455,xwg
agr_170544,agr
mnl_40570,mnl
snc_205416,snc
blf_83878,blf
sre_45652,sre
sfw_125247,sfw
tro_59511,tro
eng_173881,eng
nmn_51661,nmn
vie_84390,vie
nst_87602,nst
tbo_132981,tbo
mbp_27078,mbp
nso_217468,nso
xub_151407,xub
mjt_132467,mjt
arb_170332,arb
dhg_151536,dhg
grt_180283,grt
eng_194212,eng
tpx_86293,tpx
tmf_35617,tmf
run_104594,run
tur_105081,tur
thf_157963,thf
fra_161017,fra
pai_126319,pai
eng_03364,eng
eng_211409,eng
trd_18072,trd
swc_186010,swc
kru_199624,kru
npi_30298,npi
sus_168412,sus
kml_87988,kml
apc_184405,apc
bfh_07889,bfh
sbd_185729,sbd
dug_158753,dug
kap_218963,kap
eng_43164,eng
slk_192227,slk
fub_147178,fub
svs_96510,svs
bby_66711,bby
qvm_154895,qvm
mfv_05893,mfv
tsn_200542,tsn
gng_203053,gng
nhw_11001,nhw
por_95407,por
tdx_113258,tdx
csk_08145,csk
tsx_177708,tsx
hau_136389,hau
beu_197908,beu
bgz_138389,bgz
cin_204384,cin
dgi_20859,dgi
tvs_00193,tvs
gup_208011,gup
sru_155860,sru
acz_138075,acz
mgc_199163,mgc
sfm_203716,sfm
baw_183416,baw
guj_188937,guj
kwv_215499,kwv
nij_81527,nij
tpr_189962,tpr
dhg_14895,dhg
hca_195678,hca
yaf_136539,yaf
lew_173680,lew
wci_156135,wci
iow_101070,iow
rus_113945,rus
rki_115932,rki
udu_129573,udu
quz_216302,quz
tcu_147248,tcu
vmw_75653,vmw
aro_183841,aro
seg_90526,seg
slv_74527,slv
ztg_95993,ztg
cnb_116598,cnb
soy_53571,soy
dnj_86505,dnj
vaj_98230,vaj
snk_164952,snk
zpj_147859,zpj
tos_84746,tos
lhu_174580,lhu
git_41979,git
mgp_142901,mgp
mza_56798,mza
soa_53881,soa
lin_36186,lin
jmx_170136,jmx
nim_38234,nim
nas_00589,nas
xkt_117012,xkt
fod_173653,fod
yoy_99068,yoy
btt_111039,btt
kms_138842,kms
kdh_124572,kdh
njm_112747,njm
kno_82734,kno
kde_46177,kde
kfy_151948,kfy
fon_19800,fon
cnb_42677,cnb
jiv_07994,jiv
wed_185110,wed
arz_109594,arz
kmw_79820,kmw
kye_212991,kye
guk_14255,guk
jml_22432,jml
mpx_124963,mpx
med_34957,med
haj_197040,haj
ind_186624,ind
bnp_142237,bnp
zab_25592,zab
pis_144106,pis
uig_195866,uig
eng_136960,eng
kud_102837,kud
cdo_169146,cdo
bfz_55110,bfz
tyr_148246,tyr
lrm_178199,lrm
swc_185939,swc
poh_166222,poh
dyu_208584,dyu
gri_211926,gri
qul_88954,qul
sdq_86149,sdq
trp_163477,trp
xem_10420,xem
ory_15978,ory
ich_55932,ich
tdd_153984,tdd
viv_169841,viv
dip_208333,dip
soq_131853,soq
nlo_77144,nlo
cjo_93479,cjo
snc_205333,snc
pdu_52095,pdu
acn_217196,acn
prs_44131,prs
dyu_208843,dyu
kwn_10506,kwn
mwn_06784,mwn
ria_74107,ria
mzz_184014,mzz
coh_152458,coh
nqy_101566,nqy
kna_01878,kna
pse_50977,pse
lgm_11840,lgm
wms_105774,wms
adi_193644,adi
seh_33280,seh
tro_59321,tro
duv_53014,duv
wci_151783,wci
ben_144280,ben
kdh_174295,kdh
apn_130027,apn
khw_46663,khw
sol_120421,sol
ute_218220,ute
ben_151652,ben
skr_84717,skr
xrw_34385,xrw
kdu_108132,kdu
dhm_186267,dhm
eto_25224,eto
njz_76170,njz
fuh_133216,fuh
uya_171560,uya
nes_08848,nes
kvl_45692,kvl
srq_216807,srq
ssn_187635,ssn
tue_02329,tue
kye_212863,kye
rki_181222,rki
lln_145048,lln
acq_210380,acq
fuf_180529,fuf
guk_14306,guk
tpa_182593,tpa
zpw_05768,zpw
amk_150053,amk
kha_211956,kha
wmw_115589,wmw
pht_45462,pht
jda_211989,jda
ydg_219731,ydg
wci_151763,wci
far_153283,far
bun_04354,bun
viv_170011,viv
dby_11790,dby
bsk_198564,bsk
lrm_178187,lrm
bbw_198731,bbw
whg_147724,whg
kel_148302,kel
tet_202518,tet
nlc_59642,nlc
llg_132229,llg
tem_161311,tem
gax_59976,gax
otm_48669,otm
xdy_57815,xdy
kpo_89445,kpo
dks_72904,dks
bsh_83345,bsh
tna_151671,tna
slv_74432,slv
swk_126377,swk
srq_216889,srq
ben_149669,ben
def_183466,def
one_132632,one
afr_08329,afr
tdx_113260,tdx
swb_54437,swb
pov_171307,pov
dzg_91353,dzg
npi_30158,npi
mvv_07645,mvv
som_100597,som
gec_01283,gec
xsm_220413,xsm
uig_195857,uig
nab_40606,nab
bku_121645,bku
gdn_177398,gdn
lin_36346,lin
kfv_77423,kfv
mni_148942,mni
spp_114219,spp
cmn_28221,cmn
tif_72710,tif
wci_151861,wci
luo_207359,luo
kqp_90285,kqp
spa_106073,spa
guk_176252,guk
knp_205288,knp
mrr_05833,mrr
udg_166476,udg
wnc_174792,wnc
ind_186738,ind
ttq_86087,ttq
cro_152592,cro
kfv_77346,kfv
gun_202323,gun
gdu_205684,gdu
bvd_129386,bvd
khz_75482,khz
fuh_133247,fuh
mhx_76503,mhx
rab_39900,rab
bvc_73320,bvc
zyp_24432,zyp
afr_08694,afr
raa_133005,raa
sdr_93835,sdr
pll_134402,pll
bca_145312,bca
bhj_119691,bhj
aau_118103,aau
swh_219312,swh
nuf_115991,nuf
mni_148884,mni
myw_14723,myw
mzz_184053,mzz
bvu_69028,bvu
beu_197945,beu
uth_150673,uth
adi_05290,adi
ind_186735,ind
nyo_32662,nyo
ndc_160061,ndc
jiv_08006,jiv
dyu_208829,dyu
tdx_113440,tdx
lug_139121,lug
ywl_118490,ywl
kck_68434,kck
soq_131354,soq
klo_177530,klo
fuh_133199,fuh
deu_71208,deu
cia_84148,cia
bkk_172431,bkk
vie_84381,vie
tcc_148082,tcc
hne_163019,hne
dos_18481,dos
mlu_219566,mlu
dgo_174627,dgo
mgh_65169,mgh
rab_39735,rab
cmn_61796,cmn
mkn_111308,mkn
ayo_16225,ayo
vmk_05589,vmk
lue_166620,lue
kdj_16766,kdj
tdh_122904,tdh
afr_08560,afr
obo_114141,obo
nst_19760,nst
hat_68067,hat
por_191732,por
clo_34921,clo
sot_38857,sot
aot_182022,aot
ayr_187930,ayr
soq_131623,soq
eng_43144,eng
geb_01889,geb
yaa_04710,yaa
seg_90532,seg
bvc_73283,bvc
sgz_44448,sgz
men_202882,men
wbp_108776,wbp
eng_43097,eng
wat_72806,wat
hun_96128,hun
ton_175668,ton
xkt_117010,xkt
khm_102408,khm
lgr_130767,lgr
pis_143886,pis
nyy_69821,nyy
kha_112319,kha
mfv_06013,mfv
peg_18557,peg
tnl_197849,tnl
eto_25285,eto
iws_25029,iws
nlg_163910,nlg
dks_66238,dks
nas_00869,nas
fuf_180456,fuf
eng_88435,eng
twr_68951,twr
vmc_204783,vmc
haj_129734,haj
gur_43963,gur
awa_189604,awa
tke_123300,tke
sil_76151,sil
ind_186677,ind
cdm_148213,cdm
cmn_61806,cmn
wms_81576,wms
nmo_194002,nmo
zpx_40051,zpx
tir_141720,tir
pmj_74190,pmj
acz_137994,acz
quw_124211,quw
dof_63834,dof
ben_125350,ben
khb_87059,khb
nbl_10199,nbl
pmy_165722,pmy
dag_37500,dag
xav_115792,xav
auc_174244,auc
zlm_178799,zlm
sme_139320,sme
jaa_154196,jaa
swb_54247,swb
zro_64504,zro
pga_166871,pga
kbr_22058,kbr
kck_68438,kck
mfi_192441,mfi
snc_205386,snc
ena_170737,ena
tdx_113119,tdx
gmb_163130,gmb
eng_136993,eng
ubr_85363,ubr
mvv_07650,mvv
pes_145702,pes
dyo_191057,dyo
rus_113653,rus
swh_67131,swh
rau_138986,rau
luo_207358,luo
kdh_124611,kdh
khg_116794,khg
cns_74237,cns
ces_183234,ces
wof_78299,wof
zpj_147860,zpj
seg_90387,seg
kgk_26155,kgk
ygw_92939,ygw
cek_13763,cek
lgr_130658,lgr
kuj_205157,kuj
uss_55371,uss
bis_61214,bis
zul_109888,zul
tio_01835,tio
nna_195605,nna
ron_100912,ron
spa_106186,spa
eng_211532,eng
wbm_217311,wbm
gvr_29151,gvr
mlq_70955,mlq
gaz_59243,gaz
cnw_201750,cnw
lir_141360,lir
ksw_36691,ksw
yes_117330,yes
ztp_173473,ztp
awa_02348,awa
sun_86943,sun
gvc_99874,gvc
pta_217794,pta
pjt_56308,pjt
ben_144330,ben
klr_23593,klr
gbm_33545,gbm
kvu_113542,kvu
kge_04721,kge
<unk>_72533,<unk>
bep_97706,bep
zpr_177851,zpr
mph_193292,mph
mds_138980,mds
vut_124834,vut
esh_03034,esh
moy_202641,moy
pmy_165731,pmy
ngc_34698,ngc
sba_105464,sba
dwz_187691,dwz
bjg_203309,bjg
ncq_182296,ncq
cni_189521,cni
gax_59954,gax
mhs_50718,mhs
seg_90578,seg
mqu_85775,mqu
swv_139336,swv
nst_87569,nst
bzf_99483,bzf
lif_01575,lif
zas_213286,zas
pcg_44599,pcg
bmk_123566,bmk
tso_53189,tso
soq_131337,soq
bfr_102167,bfr
hnj_02800,hnj
dao_23952,dao
zul_109987,zul
tvk_150260,tvk
gbm_33541,gbm
bis_61491,bis
ksp_104293,ksp
khg_56507,khg
tpq_119275,tpq
gry_195258,gry
blb_154418,blb
plt_168881,plt
zaw_09067,zaw
mni_175206,mni
pov_171476,pov
als_06481,als
ben_125971,ben
khc_128600,khc
sie_08211,sie
tgl_13046,tgl
mzp_154596,mzp
cmn_61965,cmn
guj_189004,guj
mjx_98867,mjx
<unk>_129618,<unk>
wod_132089,wod
por_191737,por
mni_175276,mni
mwc_128888,mwc
dnj_218810,dnj
mgh_65098,mgh
jiv_07995,jiv
quh_19061,quh
bfd_147663,bfd
khq_92585,khq
kgy_173575,kgy
mgp_142909,mgp
adn_187182,adn
nia_130236,nia
nrg_187325,nrg
tha_52696,tha
sil_76138,sil
tro_59558,tro
vaj_98086,vaj
kph_06337,kph
urd_35711,urd
nia_202004,nia
mmm_144404,mmm
lbf_06863,lbf
bgt_15295,bgt
yon_89345,yon
blr_139726,blr
xte_04759,xte
xuu_119459,xuu
clj_95005,clj
sru_155746,sru
lue_166554,lue
fuf_180482,fuf
mwn_06700,mwn
age_95035,age
pam_09934,pam
iba_54847,iba
ble_121094,ble
slv_74640,slv
bam_71242,bam
wof_78298,wof
cnt_172976,cnt
zim_11579,zim
kui_44363,kui
dik_53610,dik
kjb_177368,kjb
eng_43331,eng
pis_143988,pis
bby_66702,bby
por_66309,por
gjn_145940,gjn
kmr_59041,kmr
bod_66741,bod
ttq_85865,ttq
aix_101374,aix
grt_74929,grt
vun_127240,vun
hts_58756,hts
lue_166584,lue
fuv_83142,fuv
gnm_147367,gnm
ita_40964,ita
suv_110855,suv
tew_213106,tew
bhb_152890,bhb
ccg_91547,ccg
kye_212861,kye
lhu_174474,lhu
cce_60207,cce
tbo_218630,tbo
rmy_04282,rmy
hif_159924,hif
wme_139844,wme
raw_05065,raw
nbc_105655,nbc
ggu_142383,ggu
kml_87918,kml
ewe_215956,ewe
fra_160971,fra
swc_186019,swc
hau_203749,hau
kdq_02991,kdq
prs_44320,prs
tqo_96362,tqo
fuc_111562,fuc
ljp_151414,ljp
bem_12771,bem
mfz_135428,mfz
nat_79316,nat
npi_59613,npi
phl_205554,phl
guc_176509,guc
spa_130926,spa
sme_139280,sme
zlm_142391,zlm
pnc_54756,pnc
luo_207250,luo
gjn_145975,gjn
sxn_18606,sxn
kqp_90134,kqp
wal_176624,wal
xdy_189341,xdy
ssn_187527,ssn
tem_161183,tem
avu_123348,avu
bib_71995,bib
snc_205372,snc
mam_214644,mam
bvd_129367,bvd
lug_139049,lug
bns_219711,bns
lgr_130651,lgr
lin_36184,lin
atd_65524,atd
the_94781,the
pud_96456,pud
kfq_42741,kfq
cnh_164354,cnh
guj_72045,guj
mwc_128926,mwc
kyf_03416,kyf
hau_136516,hau
pbo_106587,pbo
czt_39179,czt
ccp_198114,ccp
anu_130552,anu
jna_117573,jna
ymm_40721,ymm
nan_123703,nan
brv_210949,brv
pht_45452,pht
nij_169777,nij
rwr_40090,rwr
bfy_114450,bfy
lnd_163180,lnd
bbr_70358,bbr
luj_107416,luj
hvn_153687,hvn
niz_57356,niz
pdu_190289,pdu
mwf_35375,mwf
<unk>_154021,<unk>
tpx_48085,tpx
jmd_116364,jmd
eng_173842,eng
cce_60176,cce
ptu_21784,ptu
bun_04378,bun
mzz_184007,mzz
ind_186555,ind
one_132634,one
luo_207176,luo
rus_113606,rus
haj_129688,haj
ron_100878,ron
haz_84976,haz
mas_31083,mas
xuu_119556,xuu
aui_40255,aui
kiw_119903,kiw
mas_31037,mas
cmn_61827,cmn
grt_74982,grt
sdr_64591,sdr
mjx_98959,mjx
ntj_209272,ntj
brd_182999,brd
naq_194556,naq
uzn_45136,uzn
tnl_67820,tnl
xkk_27698,xkk
coh_152484,coh
zim_11546,zim
twi_167798,twi
her_23387,her
kvj_73120,kvj
awu_18952,awu
sdr_93800,sdr
nbe_146327,nbe
svs_96506,svs
mkn_111351,mkn
bkk_172414,bkk
mrm_10907,mrm
sna_118012,sna
kel_148383,kel
wol_172142,wol
mdy_11314,mdy
kun_212827,kun
hat_67935,hat
gia_201782,gia
arq_05780,arq
ayo_16236,ayo
mnk_210857,mnk
ife_158906,ife
kls_136790,kls
kby_197286,kby
dby_11759,dby
mkn_111327,mkn
ott_172264,ott
btt_111041,btt
las_60764,las
soq_131743,soq
aar_118342,aar
pes_145814,pes
nqy_101561,nqy
ewe_75270,ewe
rat_81247,rat
acn_217231,acn
spp_114197,spp
npb_141187,npb
mlu_219607,mlu
hif_159921,hif
lri_39127,lri
mzq_91476,mzq
sil_25841,sil
trc_34196,trc
ces_183104,ces
spa_106079,spa
fra_190031,fra
kvw_201930,kvw
rel_214589,rel
nhr_144997,nhr
knk_146628,knk
khn_67792,khn
mva_15171,mva
knk_146737,knk
pln_47295,pln
yuf_104422,yuf
swp_137743,swp
ktz_46969,ktz
rus_113839,rus
bza_02025,bza
skg_64319,skg
krv_127033,krv
als_06569,als
saq_122577,saq
xkl_176188,xkl
fra_160820,fra
khe_92791,khe
dsh_20948,dsh
aoz_130820,aoz
dwu_143125,dwu
lpn_174178,lpn
the_94775,the
rao_96626,rao
fub_162162,fub
tsj_204345,tsj
gng_98755,gng
srq_216742,srq
kqs_20749,kqs
taq_195104,taq
mpm_183068,mpm
kss_200793,kss
tuf_110373,tuf
mkn_111295,mkn
pbi_58250,pbi
kvw_201941,kvw
bfg_31868,bfg
lsm_95645,lsm
cnb_42673,cnb
cbs_184698,cbs
vmk_05558,vmk
slk_192179,slk
npi_29997,npi
ita_57159,ita
fra_160963,fra
adi_33990,adi
nas_00781,nas
bgt_15372,bgt
tel_70775,tel
trp_163461,trp
bxh_17890,bxh
srq_216871,srq
ium_162066,ium
gux_156759,gux
aui_40333,aui
uar_62434,uar
aau_118118,aau
mhi_80124,mhi
yaa_04644,yaa
uzn_45292,uzn
mct_52013,mct
prs_44074,prs
gur_43960,gur
new_174759,new
mui_179635,mui
mni_175352,mni
kue_63049,kue
nkb_143592,nkb
swh_219439,swh
ram_104453,ram
pan_161410,pan
jmx_16448,jmx
mhx_76497,mhx
bca_145314,bca
blb_44896,blb
xta_214264,xta
sdr_93937,sdr
ztg_95954,ztg
cnk_00376,cnk
abs_161496,abs
gnd_152701,gnd
thf_157961,thf
ycl_113033,ycl
bru_155536,bru
gup_208088,gup
dob_98451,dob
csh_42331,csh
miz_49682,miz
nya_70024,nya
pac_90973,pac
san_152108,san
wod_132125,wod
abz_70136,abz
hak_56000,hak
ind_186643,ind
bkx_152208,bkx
onp_107638,onp
rmn_89796,rmn
sku_02698,sku
ebu_195550,ebu
ewe_03213,ewe
wry_00071,wry
tdd_207946,tdd
tpx_127728,tpx
bby_66723,bby
lbf_06914,lbf
npi_30278,npi
srm_44952,srm
lew_126605,lew
<unk>_31778,<unk>
cho_114639,cho
mjt_29823,mjt
aiw_111749,aiw
pis_143745,pis
arb_74764,arb
mot_37597,mot
rmy_218434,rmy
sdr_93859,sdr
twx_153467,twx
gbo_07174,gbo
wsk_09507,wsk
tro_59339,tro
haj_197010,haj
yam_105144,yam
gun_202331,gun
kaa_47504,kaa
ybl_142149,ybl
snc_205316,snc
sie_08176,sie
kgq_90357,kgq
mkd_213304,mkd
mbj_158438,mbj
uss_55361,uss
khe_92760,khe
gjn_146052,gjn
bod_116162,bod
tsv_28612,tsv
nyd_203943,nyd
cmn_61635,cmn
hak_56023,hak
ium_56087,ium
pwg_06095,pwg
mug_213948,mug
shn_126558,shn
kxf_134351,kxf
dka_54604,dka
bgq_20099,bgq
tdf_208552,tdf
kls_136792,kls
nst_04983,nst
kgy_173579,kgy
lch_67341,lch
cnh_164293,cnh
lme_13510,lme
urd_35795,urd
kqs_199913,kqs
khg_34356,khg
vmk_05447,vmk
ndr_170072,ndr
zyn_83765,zyn
nym_15035,nym
the_169619,the
uss_55370,uss
ben_125770,ben
bep_97686,bep
wmt_154540,wmt
mjt_132400,mjt
ker_178504,ker
pil_70873,pil
tpi_48875,tpi
sag_143495,sag
tgl_13034,tgl
pmy_165476,pmy
mvv_07640,mvv
kri_21596,kri
ttv_190885,ttv
ldl_19499,ldl
aec_178674,aec
koe_96902,koe
mro_73553,mro
bas_165154,bas
lun_142475,lun
pan_55337,pan
nhr_144958,nhr
uzn_45106,uzn
lbf_06861,lbf
bee_29638,bee
orc_50574,orc
mpx_124980,mpx
srx_12011,srx
ces_183215,ces
sna_118006,sna
gbm_87395,gbm
ble_84928,ble
blz_25640,blz
bqi_60802,bqi
grt_75002,grt
por_95370,por
kaz_120480,kaz
kls_136631,kls
arr_49830,arr
quh_90960,quh
tzh_51466,tzh
tro_59344,tro
etr_163367,etr
kjd_163360,kjd
eng_43241,eng
mcd_77939,mcd
ksg_194049,ksg
bdu_106966,bdu
xtl_81374,xtl
mhy_203534,mhy
dbn_168656,dbn
prs_44330,prs
tpi_48784,tpi
new_52407,new
hnj_133989,hnj
ksn_206987,ksn
orc_50589,orc
mak_188853,mak
sna_117896,sna
zro_64521,zro
bkr_52954,bkr
soy_53542,soy
sbd_185569,sbd
aqm_135556,aqm
lao_10162,lao
xsu_215605,xsu
myw_156477,myw
skr_04495,skr
bod_26570,bod
kng_39941,kng
mva_15139,mva
mdb_61088,mdb
zpn_38440,zpn
sin_204280,sin
aii_112186,aii
sru_155848,sru
mwn_06780,mwn
cbs_184717,cbs
men_60944,men
nof_115118,nof
seg_90465,seg
vmw_75645,vmw
mkn_111267,mkn
csh_42081,csh
tum_32215,tum
hix_126788,hix
eyo_91813,eyo
noe_101939,noe
asc_121591,asc
hau_203731,hau
tav_149242,tav
bfz_55067,bfz
dzo_136139,dzo
age_95042,age
trc_34210,trc
xti_06445,xti
ium_168332,ium
rus_113823,rus
lok_38014,lok
mbu_146373,mbu
lhu_174452,lhu
dks_66241,dks
mnw_44422,mnw
trp_163496,trp
ach_13424,ach
gdn_112571,gdn
npi_30232,npi
zca_179356,zca
pkb_22259,pkb
lsm_95710,lsm
hsn_128490,hsn
tem_161315,tem
prs_44211,prs
ppk_53515,ppk
gyd_48692,gyd
adn_187191,adn
tca_13925,tca
men_202902,men
klr_23637,klr
bfg_31949,bfg
bjn_62785,bjn
dta_87687,dta
esk_124554,esk
hac_152810,hac
gup_208121,gup
tfn_127784,tfn
azj_164072,azj
tvk_150304,tvk
tvs_00119,tvs
loz_108260,loz
ebu_195429,ebu
zpj_147881,zpj
nys_21431,nys
bfa_55897,bfa
ngc_34842,ngc
dug_158871,dug
oss_80472,oss
cmn_61851,cmn
mym_185311,mym
brt_207761,brt
ggw_124154,ggw
pln_47247,pln
pan_71864,pan
srq_216919,srq
kyb_33776,kyb
scg_147490,scg
gax_60024,gax
tba_91540,tba
mnk_210791,mnk
mro_73614,mro
hts_58781,hts
blb_154428,blb
kam_75888,kam
ttc_79286,ttc
gnn_208181,gnn
swh_120569,swh
yal_171782,yal
qxu_32080,qxu
snc_205365,snc
kei_19385,kei
kno_82775,kno
ebu_195410,ebu
tpl_102364,tpl
iba_57951,iba
nst_97982,nst
hvn_153588,hvn
guk_72889,guk
dbv_31411,dbv
aiw_111799,aiw
stf_120331,stf
jao_87762,jao
rin_182494,rin
sdo_180186,sdo
kas_102008,kas
xtc_17169,xtc
xkl_26672,xkl
fuf_180396,fuf
aso_26831,aso
tuk_93194,tuk
skx_120101,skx
ven_212222,ven
viv_169895,viv
lew_173696,lew
dik_186221,dik
sru_155642,sru
uar_62467,uar
wbj_101287,wbj
lit_96533,lit
pcf_127441,pcf
dyu_04952,dyu
sru_155806,sru
sie_08194,sie
knx_184372,knx
mbi_175063,mbi
eja_116311,eja
mfz_135396,mfz
eng_136995,eng
fra_190113,fra
amh_03435,amh
mip_37784,mip
kli_215661,kli
lyg_26385,lyg
pmy_165663,pmy
guj_211663,guj
yao_39379,yao
nno_14581,nno
ndc_160056,ndc
lyg_26373,lyg
hin_29468,hin
mpx_125004,mpx
xav_115804,xav
hnd_46910,hnd
bbr_70291,bbr
nwi_209357,nwi
qug_16964,qug
tpi_48971,tpi
bqc_168738,bqc
urk_177929,urk
xsm_220400,xsm
mxn_95803,mxn
bxh_17348,bxh
npi_30208,npi
shh_51455,shh
swh_67065,swh
nfa_206747,nfa
goa_184652,goa
wms_81569,wms
hdn_73783,hdn
shn_220071,shn
xon_47699,xon
ory_08009,ory
cao_197109,cao
vaj_103545,vaj
xem_10429,xem
gof_122376,gof
tpx_127731,tpx
fuf_94748,fuf
wsi_207071,wsi
mdh_166258,mdh
ttr_163837,ttr
trn_141468,trn
gkp_18353,gkp
swp_137515,swp
mni_148975,mni
bhw_55588,bhw
trq_82108,trq
lsm_95777,lsm
iba_97457,iba
sdq_86130,sdq
tdk_54107,tdk
evn_149313,evn
ium_203272,ium
ldi_212710,ldi
fon_19799,fon
zul_109920,zul
awi_25752,awi
kvr_33123,kvr
bfy_114469,bfy
cav_179263,cav
tke_123105,tke
btu_199120,btu
amh_03511,amh
bkq_209668,bkq
gjk_57026,gjk
urt_26521,urt
fra_160670,fra
eng_194389,eng
sru_155578,sru
nyh_147734,nyh
nyy_69814,nyy
iru_121511,iru
lsm_95557,lsm
aca_168397,aca
moc_220907,moc
bxh_17845,bxh
khk_37100,khk
bwu_201303,bwu
npi_30354,npi
enq_221236,enq
dyu_208721,dyu
hin_29370,hin
mkw_180892,mkw
lhu_174466,lhu
tur_104919,tur
mwc_128928,mwc
bgt_15258,bgt
agw_132301,agw
apz_137198,apz
tbf_209579,tbf
aoe_205284,aoe
kls_136880,kls
quh_10602,quh
kmr_59036,kmr
iru_145349,iru
pad_199797,pad
far_153274,far
spa_106029,spa
vmc_204736,vmc
afr_08396,afr
duc_14498,duc
kph_06347,kph
bmk_123581,bmk
kaa_47574,kaa
mgh_65250,mgh
mnk_210757,mnk
hin_29571,hin
wim_182332,wim
bvc_73340,bvc
wof_78218,wof
eng_43121,eng
bee_17945,bee
mct_52017,mct
see_99539,see
khz_75500,khz
wmo_33822,wmo
syl_116647,syl
aiw_111765,aiw
kde_46023,kde
bul_107308,bul
jms_217724,jms
xem_144769,xem
lgr_130770,lgr
ayo_16192,ayo
bgz_138356,bgz
cho_114644,cho
her_23276,her
mwn_06763,mwn
ghr_134642,ghr
nbl_10208,nbl
sgp_33717,sgp
mxj_09408,mxj
tha_52528,tha
tby_01302,tby
hui_112453,hui
pbo_106507,pbo
imo_52888,imo
gbi_152918,gbi
bwx_118695,bwx
mcd_77909,mcd
ptu_21685,ptu
skr_196059,skr
arb_170247,arb
koe_96882,koe
kss_139535,kss
lri_39024,lri
nst_87547,nst
npb_141199,npb
gui_53764,gui
ztp_173412,ztp
xtm_188485,xtm
dip_214674,dip
bfy_114448,bfy
rwr_40083,rwr
sbe_167432,sbe
fra_160784,fra
min_156522,min
ben_125374,ben
qvs_206927,qvs
guj_72048,guj
fuf_180492,fuf
lgr_130643,lgr
jiv_08004,jiv
Zambia_109296,Zambia
mkd_213401,mkd
iru_121515,iru
tsc_162038,tsc
tpi_48921,tpi
ott_172265,ott
mza_56802,mza
zlm_00321,zlm
teo_142675,teo
mio_162668,mio
pmy_165773,pmy
lue_166561,lue
kui_44372,kui
sat_70546,sat
sbe_167488,sbe
sgp_33675,sgp
jml_22449,jml
mey_184350,mey
gaa_193532,gaa
xte_04773,xte
wrm_22493,wrm
kzf_58127,kzf
qxp_43739,qxp
kex_101124,kex
ngu_175116,ngu
blw_200683,blw
gjn_146016,gjn
mhw_23045,mhw
dhg_14810,dhg
msi_16619,msi
bgt_15336,bgt
sbs_165439,sbs
nut_179534,nut
wnc_174972,wnc
<unk>_174204,<unk>
xkz_24652,xkz
yoy_99060,yoy
srp_10823,srp
zlm_178796,zlm
mim_127025,mim
cfm_112878,cfm
trn_141414,trn
ngl_146903,ngl
pbm_99548,pbm
uig_195901,uig
mef_83065,mef
wed_09302,wed
nas_00541,nas
teo_142841,teo
tso_143338,tso
nij_149488,nij
txu_94117,txu
ttr_163844,ttr
mau_09893,mau
tam_82428,tam
gbi_120294,gbi
bji_24898,bji
khz_101995,khz
nan_134926,nan
bkx_152283,bkx
tbc_35173,tbc
nhw_11017,nhw
<unk>_170440,<unk>
mwn_06622,mwn
cmo_209919,cmo
zaf_02060,zaf
ckb_152132,ckb
kik_152563,kik
sfw_125198,sfw
mas_31048,mas
nas_00729,nas
esu_11102,esu
cbs_184704,cbs
onp_107634,onp
zac_140907,zac
xuu_119615,xuu
<unk>_108505,<unk>
wbp_108996,wbp
mjz_89703,mjz
vaa_77212,vaa
kfh_157809,kfh
mkn_111205,mkn
uzn_45329,uzn
ces_183240,ces
zpp_178604,zpp
kma_53912,kma
slk_192136,slk
sml_167264,sml
gax_56227,gax
tcf_138959,tcf
mbp_27095,mbp
dww_51253,dww
kee_119944,kee
kbp_172103,kbp
bnp_142210,bnp
xdy_179205,xdy
bxl_144540,bxl
bru_155538,bru
maw_171188,maw
lbx_188816,lbx
ayo_16221,ayo
puu_114854,puu
mfz_135445,mfz
mvg_204521,mvg
prs_44189,prs
aik_195560,aik
pht_45443,pht
mcd_77946,mcd
seh_33462,seh
toq_06943,toq
ind_186576,ind
khw_46767,khw
adx_87850,adx
wib_143390,wib
ong_64438,ong
hbn_11677,hbn
nst_87509,nst
obo_114106,obo
mya_48575,mya
nco_77238,nco
rus_113970,rus
ben_125498,ben
dhg_151577,dhg
msy_19170,msy
nyd_203841,nyd
oku_181963,oku
ben_149652,ben
tuf_110401,tuf
men_203036,men
mrg_01244,mrg
aui_40499,aui
alw_34057,alw
raw_102701,raw
shm_168286,shm
aln_92335,aln
cbt_118659,cbt
pan_71808,pan
slk_192100,slk
mho_104035,mho
mxb_72257,mxb
sxb_188256,sxb
kud_102872,kud
mtp_129662,mtp
kml_87959,kml
qxl_84500,qxl
soe_209412,soe
gbm_19240,gbm
bxh_17670,bxh
bol_210228,bol
dde_199318,dde
ngl_146943,ngl
fra_161091,fra
kam_75806,kam
thq_165049,thq
pri_134211,pri
ccp_198125,ccp
bpx_127341,bpx
kqf_127964,kqf
lag_181574,lag
mtd_165243,mtd
vay_80405,vay
acq_210338,acq
trn_141433,trn
kft_91111,kft
hun_96104,hun
suk_157581,suk
cbs_184706,cbs
gbe_23847,gbe
bod_153722,bod
spa_106308,spa
pis_143746,pis
vaj_98265,vaj
duc_14512,duc
alt_164913,alt
tem_161215,tem
nag_05232,nag
dwy_04048,dwy
wim_182329,wim
khm_102410,khm
moc_220891,moc
lok_190734,lok
cmn_28170,cmn
wed_09401,wed
nyu_82614,nyu
ayr_187965,ayr
svs_96513,svs
sfw_125167,sfw
nal_61500,nal
yaa_41926,yaa
som_100636,som
bcq_116196,bcq
sun_86890,sun
quw_124205,quw
gnm_147349,gnm
hna_154117,hna
aly_97598,aly
dby_11740,dby
siw_217875,siw
mnw_44419,mnw
slp_180714,slp
eng_194308,eng
dga_103339,dga
gnn_208279,gnn
wtm_72171,wtm
aly_97616,aly
mzp_154595,mzp
dje_77659,dje
swc_185940,swc
tcf_138949,tcf
lua_96218,lua
gno_76036,gno
wut_115076,wut
aaz_116533,aaz
gbi_120300,gbi
urd_35760,urd
pdu_209398,pdu
abt_08971,abt
mqj_65837,mqj
sgb_14073,sgb
mnk_210892,mnk
sck_115374,sck
swp_137642,swp
wed_185182,wed
ggw_124009,ggw
gjn_146020,gjn
bmk_123685,bmk
mui_66444,mui
gun_202226,gun
bgt_15316,bgt
yml_84024,yml
apd_137472,apd
zem_97178,zem
xpe_197564,xpe
mni_163241,mni
tik_04790,tik
bgt_15229,bgt
rim_215342,rim
mas_30971,mas
tel_70771,tel
bap_169678,bap
beq_134590,beq
tpu_158523,tpu
whg_209850,whg
spa_106117,spa
lus_216510,lus
kwl_204065,kwl
khs_123436,khs
urd_35851,urd
lga_190711,lga
gbm_33644,gbm
kix_68607,kix
lwg_90823,lwg
sez_30804,sez
mro_73595,mro
aot_182039,aot
bgc_70119,bgc
fuf_128036,fuf
aiw_111742,aiw
gvo_28343,gvo
acz_138103,acz
pan_71843,pan
csh_198163,csh
dwy_03988,dwy
sat_81685,sat
tyr_148225,tyr
dzg_91375,dzg
lif_01497,lif
spa_131199,spa
ttv_190878,ttv
sin_204269,sin
tui_103771,tui
apt_63475,apt
bum_79474,bum
wlc_15405,wlc
koe_96830,koe
mxj_09448,mxj
wyy_212328,wyy
ppq_148682,ppq
uar_62484,uar
hau_136473,hau
gng_70936,gng
teo_142708,teo
vaj_103570,vaj
teo_142779,teo
hix_126897,hix
ben_125379,ben
sil_81896,sil
nyy_69757,nyy
npi_20020,npi
tuv_25106,tuv
dje_77624,dje
tso_53348,tso
quz_216284,quz
nij_150004,nij
lhi_118556,lhi
mkn_111203,mkn
bit_164713,bit
mwq_30736,mwq
nyf_173127,nyf
txa_115033,txa
lif_01658,lif
crn_197611,crn
lga_190695,lga
djo_56987,djo
bfh_07883,bfh
uzn_45107,uzn
sew_122700,sew
ztg_95952,ztg
new_172587,new
orc_50028,orc
nna_195590,nna
dry_102236,dry
clt_202814,clt
nhr_144820,nhr
ben_99762,ben
bxk_57774,bxk
zab_110518,zab
udu_129544,udu
dwu_143128,dwu
mpr_207094,mpr
ctd_203504,ctd
trq_82084,trq
plt_169094,plt
lsm_95582,lsm
bod_66788,bod
tam_82403,tam
int_205445,int
kye_213097,kye
mya_48468,mya
cfm_145906,cfm
swh_120507,swh
soq_131847,soq
xdy_57830,xdy
wci_156090,wci
dje_77590,dje
tzm_150862,tzm
rmn_89842,rmn
dga_103334,dga
lag_181478,lag
dyo_191111,dyo
gnk_182854,gnk
kmr_200715,kmr
shn_220153,shn
cnh_164425,cnh
lif_01522,lif
ywa_79445,ywa
oub_71110,oub
pga_166939,pga
por_66363,por
lhu_174365,lhu
klr_23784,klr
pan_71712,pan
gya_128739,gya
knu_206024,knu
tsr_141139,tsr
cko_69363,cko
kye_212992,kye
ctz_165251,ctz
yal_93687,yal
nhw_11025,nhw
nya_70035,nya
ksw_36512,ksw
knl_179732,knl
eng_43434,eng
new_174783,new
kha_112365,kha
tur_105044,tur
spa_131107,spa
wof_78371,wof
xho_176046,xho
qud_07209,qud
tnv_141001,tnv
kqf_127872,kqf
Zambia_190723,Zambia
fon_19784,fon
tbl_193146,tbl
xsu_215613,xsu
agw_132324,agw
mwv_10342,mwv
tuk_93349,tuk
aso_26808,aso
kfz_152861,kfz
lwg_90847,lwg
thf_158134,thf
lhu_174459,lhu
new_172573,new
bcs_145412,bcs
ttq_134161,ttq
fat_210526,fat
grt_74984,grt
jbu_192758,jbu
dka_54568,dka
lkn_122091,lkn
qvm_154958,qvm
thr_80887,thr
hea_76077,hea
gnk_182823,gnk
gog_74887,gog
ium_85151,ium
sil_76148,sil
zlm_196347,zlm
mai_137308,mai
spa_131071,spa
bep_97680,bep
sru_155894,sru
ebu_195444,ebu
apt_63486,apt
mxs_140553,mxs
qvm_154947,qvm
shr_221425,shr
kri_21667,kri
sui_110143,sui
byc_45882,byc
kqn_62139,kqn
ntj_209191,ntj
csy_18220,csy
bxh_17778,bxh
bun_04388,bun
npi_30061,npi
mlk_194931,mlk
mwn_06806,mwn
mzz_183902,mzz
oku_181973,oku
kfb_197385,kfb
kbp_204141,kbp
pri_134186,pri
agr_170474,agr
gue_169500,gue
hnd_46902,hnd
pan_168496,pan
khr_46652,khr
amh_03579,amh
mjz_89610,mjz
khq_92463,khq
mlk_194832,mlk
zau_214255,zau
bla_207440,bla
ndi_137274,ndi
svs_96507,svs
bjn_62791,bjn
ddg_72254,ddg
dby_11775,dby
mro_73516,mro
jid_148533,jid
hak_206503,hak
deu_71188,deu
vmw_75624,vmw
mpj_183681,mpj
vav_24294,vav
tbo_132963,tbo
gum_221289,gum
aau_118116,aau
rml_60502,rml
aii_112167,aii
cmn_61623,cmn
eng_43552,eng
enl_127671,enl
ccp_198100,ccp
awa_02345,awa
txu_94381,txu
suk_157626,suk
wmw_115694,wmw
lue_166575,lue
ppt_49553,ppt
sid_71909,sid
ptu_34327,ptu
cns_74241,cns
ckb_152145,ckb
ggw_124031,ggw
anj_66873,anj
isn_162421,isn
far_153272,far
kjl_76633,kjl
nya_179876,nya
ssn_187563,ssn
nim_38211,nim
cly_38584,cly
xkl_26645,xkl
bjn_176766,bjn
bam_71333,bam
skx_120075,skx
<unk>_129623,<unk>
kqs_199953,kqs
tpa_182628,tpa
yao_39234,yao
bud_62320,bud
mwm_213793,mwm
dyu_208767,dyu
kjl_76600,kjl
tyz_129482,tyz
eng_211411,eng
tpx_86286,tpx
kcs_88149,kcs
lug_139145,lug
hak_69484,hak
lgr_130812,lgr
tuf_110366,tuf
tos_84747,tos
gvo_28496,gvo
otm_48671,otm
nij_151047,nij
kqp_90127,kqp
rus_114013,rus
bfh_07863,bfh
jra_188700,jra
koe_96918,koe
Zambia_190725,Zambia
vaj_98024,vaj
kql_02386,kql
aks_77783,aks
yml_83991,yml
ktz_18925,ktz
bjx_103289,bjx
mpm_02142,mpm
gbm_33649,gbm
mix_00977,mix
pgg_57372,pgg
sku_02699,sku
kde_45978,kde
tha_52699,tha
afb_159893,afb
pan_55313,pan
gur_43926,gur
dww_51448,dww
afr_08612,afr
cde_204691,cde
cdn_180061,cdn
skr_196080,skr
kil_105689,kil
tke_123334,tke
tso_53370,tso
fra_190105,fra
lin_36209,lin
xra_94937,xra
ncm_45913,ncm
tel_67293,tel
ben_125873,ben
bft_112929,bft
dyo_191151,dyo
bwx_164134,bwx
bbw_198727,bbw
mya_48473,mya
isn_162504,isn
kjc_01165,kjc
dgz_143257,dgz
quh_19114,quh
xho_175892,xho
srp_10841,srp
quh_64613,quh
kli_215643,kli
fwe_116096,fwe
eng_194336,eng
dww_51428,dww
med_34984,med
uig_101833,uig
zpx_40029,zpx
pga_166921,pga
grt_115193,grt
pdu_209389,pdu
yao_39238,yao
mkz_74716,mkz
xdy_203171,xdy
mfz_135448,mfz
vmx_118816,vmx
pbg_20508,pbg
fij_183556,fij
lis_56267,lis
viv_169922,viv
qvo_187793,qvo
khg_143153,khg
nia_130206,nia
pln_47255,pln
hvn_153676,hvn
mse_37405,mse
wal_176604,wal
txu_94393,txu
haz_84960,haz
kue_63015,kue
arz_109575,arz
zik_11170,zik
ena_170815,ena
khm_102394,khm
spa_106100,spa
plg_169364,plg
ngc_34703,ngc
sgb_14147,sgb
kvr_33151,kvr
knc_201060,knc
mho_103999,mho
rug_188392,rug
mch_182715,mch
tan_114682,tan
tnp_145099,tnp
rim_215422,rim
bcs_145441,bcs
bud_24857,bud
sna_118050,sna
soy_53554,soy
tem_161222,tem
roo_107352,roo
aln_92230,aln
doy_32707,doy
dos_139423,dos
tnv_181278,tnv
row_152004,row
ame_57290,ame
soq_131380,soq
tjg_99182,tjg
nij_97747,nij
bgr_15613,bgr
taq_194958,taq
tod_47953,tod
wbp_108960,wbp
kyq_100063,kyq
rel_214430,rel
bav_127612,bav
vie_94657,vie
ebu_195555,ebu
fra_190042,fra
sfw_125204,sfw
arz_109566,arz
mrd_118856,mrd
khe_92781,khe
nxr_130166,nxr
tar_218453,tar
hix_126831,hix
xkc_77755,xkc
lue_166649,lue
kml_87958,kml
nia_202036,nia
knx_45420,knx
hlb_27873,hlb
knl_55751,knl
pwr_42542,pwr
ron_100861,ron
bkr_206195,bkr
ksu_121733,ksu
cmn_28197,cmn
pil_70867,pil
dip_208330,dip
vai_189173,vai
swh_120712,swh
xkl_180705,xkl
jax_115478,jax
swh_67232,swh
bde_142077,bde
dub_34276,dub
ino_56914,ino
kls_136633,kls
dyu_208860,dyu
tsc_162020,tsc
bbo_193904,bbo
bam_71431,bam
gid_99364,gid
lns_28919,lns
bjp_219642,bjp
puu_114832,puu
wed_185093,wed
apc_184392,apc
sru_155751,sru
lbx_99467,lbx
pga_166860,pga
fli_22742,fli
rml_60426,rml
mos_159579,mos
adx_70640,adx
tbp_55603,tbp
lif_01508,lif
bxh_17606,bxh
nim_38247,nim
lao_10111,lao
kwe_11511,kwe
gur_47094,gur
sdr_93967,sdr
swc_186127,swc
tgl_13138,tgl
orc_50654,orc
cgg_109753,cgg
spa_106341,spa
mtg_139444,mtg
bgz_138409,bgz
ium_80790,ium
mhw_22903,mhw
arv_84601,arv
mfz_135482,mfz
ssn_187601,ssn
pwb_77127,pwb
swh_219075,swh
tdh_122986,tdh
bdq_05158,bdq
kph_06349,kph
pah_89099,pah
ben_125582,ben
brx_53148,brx
eng_194409,eng
snc_189383,snc
afr_08422,afr
mgp_142940,mgp
dgi_20856,dgi
bvu_69026,bvu
bho_96060,bho
koe_96866,koe
wal_176626,wal
tha_52557,tha
fay_159360,fay
thf_157921,thf
swv_139341,swv
bex_202754,bex
kue_63010,kue
mch_182717,mch
bxk_12548,bxk
sdr_64589,sdr
pid_135222,pid
fli_22747,fli
att_21368,att
ysn_136580,ysn
lua_96250,lua
are_99682,are
fie_50787,fie
pga_167115,pga
skr_196058,skr
not_65819,not
mbl_03946,mbl
ukr_24214,ukr
sot_39006,sot
lkh_194478,lkh
bvc_73218,bvc
dzg_91391,dzg
fij_03097,fij
tro_59337,tro
isl_128741,isl
lwg_90886,lwg
ntp_21123,ntp
amh_03564,amh
ngl_146941,ngl
heb_27516,heb
tdx_113130,tdx
zom_110070,zom
kuj_205038,kuj
tpi_49148,tpi
bem_12884,bem
spa_27623,spa
adx_70664,adx
swh_120659,swh
mal_71657,mal
esi_63366,esi
zas_213303,zas
kbc_198745,kbc
mas_31144,mas
bxh_17699,bxh
dzg_91361,dzg
thy_200176,thy
orc_50625,orc
cfa_09720,cfa
tem_161310,tem
nij_169792,nij
srp_10738,srp
nnu_105399,nnu
tvs_00109,tvs
bgt_15238,bgt
apc_12183,apc
khk_36986,khk
tar_218477,tar
hav_68971,hav
spa_106310,spa
nyf_173089,nyf
nii_42792,nii
yal_93614,yal
irx_99431,irx
skr_04434,skr
kpo_89408,kpo
age_206111,age
ttv_190889,ttv
yao_182896,yao
geb_133675,geb
mks_12068,mks
fub_162202,fub
wbp_109016,wbp
dug_158837,dug
twh_137066,twh
siy_104356,siy
ena_170723,ena
tpj_135655,tpj
sme_139308,sme
knk_146750,knk
hau_136438,hau
mco_91561,mco
jid_148543,jid
ble_98501,ble
ysn_136555,ysn
koe_96880,koe
mkn_111086,mkn
bon_122324,bon
bja_68720,bja
akp_127172,akp
phl_205517,phl
ory_15854,ory
srp_10838,srp
mlk_194883,mlk
vkn_183398,vkn
phr_122744,phr
bmf_124303,bmf
maa_172005,maa
kwe_11496,kwe
mjt_132481,mjt
arh_128475,arh
ttc_79293,ttc
cco_96689,cco
iba_195328,iba
ayr_187976,ayr
nuj_84878,nuj
cnb_42718,cnb
cnh_164226,cnh
gnk_182872,gnk
khw_46672,khw
mco_91554,mco
kdh_152637,kdh
dos_18475,dos
dig_160631,dig
pwb_77128,pwb
bjg_69216,bjg
bqc_168720,bqc
rab_39864,rab
ccp_198080,ccp
zap_211063,zap
amk_150072,amk
fra_181768,fra
weo_198670,weo
bkx_152189,bkx
<unk>_83042,<unk>
top_196709,top
maz_133492,maz
soq_131714,soq
toq_07126,toq
twm_129776,twm
are_99655,are
awu_182419,awu
iba_54854,iba
bqr_187734,bqr
tqu_158939,tqu
tbz_26840,tbz
sui_110117,sui
yor_187101,yor
uss_55360,uss
skr_196019,skr
mni_175180,mni
tsb_81627,tsb
dyo_191119,dyo
mzp_154563,mzp
wme_140012,wme
xkf_65925,xkf
lnd_119836,lnd
atd_65558,atd
gun_202409,gun
nof_115148,nof
mpq_211124,mpq
<unk>_144484,<unk>
aix_09223,aix
cnh_164305,cnh
tca_13871,tca
cmn_207862,cmn
mjz_89523,mjz
mhl_128677,mhl
rav_49479,rav
ady_160012,ady
amh_03598,amh
bxh_17529,bxh
ngc_34555,ngc
ces_183148,ces
sbx_38701,sbx
afr_08591,afr
ngl_146949,ngl
kam_75774,kam
mpj_183702,mpj
eng_43461,eng
tsn_200548,tsn
nfa_206749,nfa
lhu_174547,lhu
skr_145262,skr
gor_70493,gor
als_06565,als
ces_183147,ces
aiw_111766,aiw
mfz_135427,mfz
mjz_89535,mjz
dbi_89476,dbi
gog_74874,gog
kfq_42785,kfq
npi_30228,npi
mzp_154649,mzp
mxy_159311,mxy
ria_74138,ria
mwt_221532,mwt
aui_40195,aui
tbz_26867,tbz
nwi_144246,nwi
dib_119141,dib
gur_47166,gur
bas_01953,bas
bgr_63919,bgr
kan_65383,kan
mww_163966,mww
dnn_62199,dnn
csa_104071,csa
wdj_49593,wdj
sgb_14186,sgb
azj_164113,azj
ktv_102024,ktv
kib_91755,kib
tir_141790,tir
knu_206004,knu
gup_208112,gup
kls_136662,kls
rif_109490,rif
wbp_108881,wbp
kha_211949,kha
kye_213000,kye
mro_73662,mro
npb_141190,npb
hin_29416,hin
kyz_119948,kyz
gaa_193479,gaa
mkn_111188,mkn
kjl_76786,kjl
mwf_35402,mwf
yaa_04621,yaa
cmn_61759,cmn
hvn_153668,hvn
mwc_129010,mwc
fra_181767,fra
kjc_01079,kjc
kel_148421,kel
swh_219471,swh
wgi_14046,wgi
mak_188877,mak
mfv_86677,mfv
tem_161350,tem
ame_57261,ame
mos_159726,mos
pdu_209371,pdu
sag_143487,sag
bjn_62778,bjn
eng_43273,eng
lhu_174576,lhu
pnb_215786,pnb
blb_135712,blb
mgw_68202,mgw
tam_82355,tam
ncl_159046,ncl
jiv_07965,jiv
bgt_15232,bgt
enb_09827,enb
ngu_175128,ngu
gup_207994,gup
sil_81806,sil
mwt_221518,mwt
dje_77600,dje
pbt_54527,pbt
npi_30015,npi
kqs_200013,kqs
rgs_160335,rgs
mxt_204581,mxt
syl_116702,syl
kyu_209953,kyu
nst_45563,nst
hia_215114,hia
nka_158587,nka
lug_139124,lug
slu_103421,slu
tbl_193162,tbl
liu_148733,liu
dem_11846,dem
soq_131745,soq
jiu_184127,jiu
arz_109582,arz
acq_210472,acq
diu_216613,diu
quh_19005,quh
wol_196818,wol
bfb_51852,bfb
eng_130380,eng
the_169582,the
goz_155251,goz
mhy_203627,mhy
gom_198705,gom
kxx_206919,kxx
dhg_14861,dhg
dks_66196,dks
nbi_57217,nbi
rui_103896,rui
ary_177083,ary
keo_20071,keo
ken_55860,ken
hts_58627,hts
mdr_191324,mdr
gux_156757,gux
rus_113626,rus
khg_56477,khg
sil_26004,sil
bvc_73332,bvc
wbf_130103,wbf
hvn_153596,hvn
lsh_145477,lsh
bcq_116250,bcq
ewe_215848,ewe
kdh_124708,kdh
bhw_55527,bhw
cmo_209930,cmo
quh_31319,quh
nij_38448,nij
mrr_199213,mrr
tir_141756,tir
xkl_64459,xkl
saq_97351,saq
nlg_163892,nlg
rel_214479,rel
nlu_68572,nlu
seh_33304,seh
aln_92037,aln
ben_149769,ben
nno_14572,nno
pis_143668,pis
wbm_114778,wbm
dik_36817,dik
lar_101271,lar
bbc_34177,bbc
pbm_99560,pbm
tzh_41226,tzh
khq_92575,khq
djo_133370,djo
Zambia_109286,Zambia
urd_35783,urd
bxk_57686,bxk
kup_68792,kup
nyf_173172,nyf
pav_34446,pav
clj_94998,clj
tdx_113109,tdx
nfa_206654,nfa
ium_121217,ium
xdy_123396,xdy
tgl_13303,tgl
phr_122707,phr
bix_112656,bix
cnc_86171,cnc
mim_192726,mim
gig_180944,gig
kui_44348,kui
sur_91447,sur
ztg_95942,ztg
mfz_135276,mfz
soy_53546,soy
kjl_76595,kjl
bfw_217849,bfw
int_205442,int
ian_66688,ian
tvk_150194,tvk
nyd_203854,nyd
lub_169242,lub
lae_156386,lae
isn_162542,isn
sxb_188298,sxb
kff_206560,kff
kqj_130032,kqj
lua_96213,lua
knv_135167,knv
nyd_203774,nyd
mau_09856,mau
lug_139177,lug
dka_54574,dka
xav_115817,xav
pga_167030,pga
jog_153411,jog
tem_161217,tem
spa_130909,spa
arq_05793,arq
onj_140714,onj
sfw_125117,sfw
tbo_132949,tbo
bos_211840,bos
kjp_100398,kjp
tso_143331,tso
sna_117935,sna
yon_89359,yon
mnv_70418,mnv
emk_111948,emk
hii_206376,hii
qvm_154954,qvm
bmk_123681,bmk
grt_124869,grt
wbf_210634,wbf
nim_38208,nim
nhy_44734,nhy
nyy_69640,nyy
mai_79746,mai
tdx_113332,tdx
acq_207978,acq
uya_171571,uya
luo_207235,luo
kyu_209985,kyu
aia_41440,aia
gur_43959,gur
wme_139917,wme
jmx_170155,jmx
pmi_149593,pmi
hoc_143102,hoc
mfi_192286,mfi
hix_126841,hix
iar_59712,iar
snc_205376,snc
vmk_05635,vmk
tuk_93189,tuk
age_95050,age
ces_183115,ces
how_151499,how
hin_29333,hin
kvi_75408,kvi
jib_36013,jib
zac_140936,zac
rao_68906,rao
gax_60015,gax
mdr_191302,mdr
ngc_34659,ngc
gdb_13325,gdb
cag_156659,cag
wlc_15409,wlc
tpi_49062,tpi
nya_69996,nya
mpm_02136,mpm
zte_93426,zte
tkb_174692,tkb
eng_43551,eng
wms_105756,wms
snk_164960,snk
mfi_192412,mfi
mya_48438,mya
anw_170594,anw
nii_42834,nii
sip_116844,sip
kmr_200714,kmr
nya_70039,nya
sbe_167601,sbe
mej_78585,mej
sna_117776,sna
sui_110149,sui
wni_195297,wni
nxk_188801,nxk
yao_39217,yao
kge_04743,kge
bep_97673,bep
ewe_215990,ewe
nus_02083,nus
mnz_220810,mnz
atq_168056,atq
cin_204391,cin
sat_70549,sat
xkl_44801,xkl
zlm_157332,zlm
btu_199113,btu
dks_65993,dks
nyk_38331,nyk
ahk_18689,ahk
umb_192948,umb
lin_36074,lin
ywa_79449,ywa
dww_52109,dww
ces_183292,ces
dgz_143266,dgz
aec_178675,aec
ben_125506,ben
bkx_152263,bkx
thf_158303,thf
tso_53305,tso
lgr_135959,lgr
ngc_34602,ngc
kft_91084,kft
meh_166104,meh
mdd_11093,mdd
sah_220850,sah
djr_190411,djr
qux_41313,qux
dby_11752,dby
kge_18009,kge
qwh_130401,qwh
akh_150405,akh
ymm_40853,ymm
syl_116686,syl
tum_32304,tum
aly_97505,aly
ben_125947,ben
jav_01220,jav
ben_144295,ben
tum_32331,tum
skr_04457,skr
nbq_115323,nbq
cbs_184670,cbs
upv_03795,upv
dww_51078,dww
muk_178993,muk
soq_131689,soq
sil_25876,sil
<unk>_129652,<unk>
arv_84627,arv
swh_219401,swh
akh_150457,akh
aln_92076,aln
nym_15106,nym
qug_17023,qug
new_130199,new
bjn_62787,bjn
ben_125796,ben
lif_01533,lif
lek_184092,lek
ben_149762,ben
mvf_61067,mvf
auc_174219,auc
rel_214564,rel
mau_137114,mau
aks_77798,aks
xuu_119448,xuu
spa_130869,spa
spa_131221,spa
dyu_208588,dyu
kru_199593,kru
ewe_215928,ewe
acq_210384,acq
amu_206211,amu
bfu_169336,bfu
zul_109914,zul
guj_127293,guj
bez_174363,bez
bxh_17268,bxh
gvr_29087,gvr
mvv_07622,mvv
mro_123835,mro
ben_125720,ben
bit_164721,bit
swp_137736,swp
iti_117108,iti
cto_99202,cto
zpx_40061,zpx
suz_165151,suz
lnd_90037,lnd
lif_213221,lif
gvr_29059,gvr
pjt_56386,pjt
mcu_44827,mcu
bhb_166334,bhb
kgk_26151,kgk
kaa_47438,kaa
zyn_181165,zyn
umb_192908,umb
dww_51128,dww
npi_192782,npi
srb_170215,srb
scu_49345,scu
saq_122599,saq
pof_31422,pof
kud_103069,kud
rmn_78075,rmn
kdh_174285,kdh
lbw_138202,lbw
pgg_139614,pgg
mos_159747,mos
dww_51305,dww
brg_23123,brg
zpl_142299,zpl
muy_171250,muy
dib_119145,dib
kfz_152862,kfz
sil_76124,sil
gfk_176316,gfk
yml_83967,yml
cmn_61591,cmn
mva_15149,mva
txu_94288,txu
pmf_69583,pmf
sil_25883,sil
zpn_38410,zpn
gom_198697,gom
slv_74581,slv
nwi_144247,nwi
mgm_88183,mgm
lnd_163183,lnd
ksw_36527,ksw
cmn_122144,cmn
new_204638,new
pgg_139621,pgg
gwn_33939,gwn
dik_186205,dik
tac_57475,tac
mpg_119065,mpg
acq_210369,acq
sdq_51559,sdq
suy_86640,suy
kaa_47546,kaa
nkb_143578,nkb
syw_06375,syw
tnl_67816,tnl
wmw_115695,wmw
ubr_85494,ubr
kxp_119321,kxp
jna_117595,jna
pdu_52093,pdu
tro_59368,tro
zao_176665,zao
vkl_169399,vkl
bkw_128723,bkw
aln_92240,aln
beu_197958,beu
kwo_100170,kwo
nxq_103884,nxq
jms_217727,jms
mos_159733,mos
poc_128703,poc
umb_192919,umb
kai_71562,kai
srb_170220,srb
mhw_22922,mhw
gbo_219724,gbo
<unk>_73680,<unk>
arg_62874,arg
pln_47224,pln
bjx_103267,bjx
dub_34282,dub
thq_165053,thq
klr_23574,klr
bex_202751,bex
dsh_220632,dsh
mmx_51820,mmx
zpl_181004,zpl
yal_171731,yal
gdr_121823,gdr
mjx_98993,mjx
ben_125416,ben
pnb_215742,pnb
isn_162515,isn
tet_202486,tet
gvr_20195,gvr
unr_151246,unr
nst_19726,nst
sdr_64549,sdr
orc_50523,orc
ghr_134761,ghr
tmf_35632,tmf
ewe_215939,ewe
bjh_49587,bjh
slr_12110,slr
khk_37152,khk
mtg_139451,mtg
zlm_196333,zlm
pbt_218908,pbt
xte_91006,xte
wut_115080,wut
pbo_106610,pbo
bwu_201400,bwu
fuc_111431,fuc
saq_97415,saq
lok_37915,lok
lhi_14587,lhi
bvc_73179,bvc
mya_48562,mya
gog_74878,gog
mfi_192298,mfi
tcn_83193,tcn
twm_129800,twm
orc_49861,orc
pan_71803,pan
lva_124482,lva
bxh_17200,bxh
ghk_118292,ghk
pbo_106558,pbo
eng_174142,eng
mov_178381,mov
bfj_144435,bfj
fuc_111428,fuc
eng_176103,eng
ale_178383,ale
zao_176695,zao
gno_89157,gno
maa_172002,maa
ben_125618,ben
gaj_193747,gaj
mbu_146359,mbu
xho_176031,xho
tdh_122972,tdh
dje_77460,dje
urd_35947,urd
lch_67345,lch
apc_136191,apc
tnv_140983,tnv
igl_187751,igl
cni_197753,cni
tir_141899,tir
toq_07064,toq
zkr_145575,zkr
ubr_85401,ubr
xuj_182081,xuj
uzn_45137,uzn
eng_65020,eng
ksg_72881,ksg
rao_96643,rao
skr_84698,skr
bod_26564,bod
jra_104178,jra
apc_09657,apc
wlv_162921,wlv
eng_211367,eng
teo_142663,teo
kix_68618,kix
nnw_191582,nnw
mkz_74702,mkz
tye_77876,tye
rab_39813,rab
lgg_35057,lgg
kqp_90283,kqp
sgj_159197,sgj
snw_111410,snw
seg_90594,seg
tat_139595,tat
thf_158240,thf
lhu_174378,lhu
xsq_186396,xsq
fra_160817,fra
tab_197533,tab
rtm_207636,rtm
kih_145503,kih
lga_190706,lga
eng_221147,eng
nmo_194022,nmo
kck_150105,kck
lrm_178284,lrm
qul_58233,qul
dww_51198,dww
sme_139290,sme
orc_50107,orc
soq_131760,soq
wbl_122222,wbl
<unk>_182978,<unk>
nii_42824,nii
vay_80389,vay
ldi_212498,ldi
pes_145844,pes
xmz_11626,xmz
pko_142861,pko
sbu_75704,sbu
hoa_86429,hoa
wut_56178,wut
pah_89064,pah
rmn_89855,rmn
enb_09833,enb
xkl_180676,xkl
uss_55359,uss
zlm_178807,zlm
taq_195103,taq
wci_151843,wci
pht_45446,pht
tel_214845,tel
bos_211800,bos
sru_155777,sru
kru_199642,kru
agw_218010,agw
mup_12349,mup
loz_108338,loz
msi_16573,msi
dks_66150,dks
skg_64088,skg
swh_219341,swh
ifa_46541,ifa
jaa_205670,jaa
kul_02255,kul
skr_196140,skr
pse_176225,pse
nlg_163886,nlg
ceb_198819,ceb
mya_48185,mya
bcc_200569,bcc
bwu_201415,bwu
nbi_57196,nbi
bol_210221,bol
nij_165359,nij
lnd_163181,lnd
pga_166966,pga
amb_45010,amb
bxh_17386,bxh
gux_117267,gux
zpu_12621,zpu
tam_82457,tam
pcf_127424,pcf
gax_60097,gax
pis_144101,pis
tyz_129509,tyz
nma_148481,nma
viv_170040,viv
hin_29466,hin
arq_05803,arq
nas_00886,nas
taj_103656,taj
urd_35775,urd
twi_167989,twi
raw_102695,raw
suk_157598,suk
fuc_111427,fuc
nas_00614,nas
iba_195308,iba
tty_157503,tty
alh_106799,alh
ewe_03244,ewe
her_23287,her
mfb_24907,mfb
khg_143173,khg
men_202997,men
spn_25152,spn
mjx_98918,mjx
haq_156680,haq
baa_130284,baa
mwq_30639,mwq
geb_133719,geb
gue_169527,gue
srb_170167,srb
ctg_03057,ctg
mwm_213805,mwm
fuh_133229,fuh
tbc_35130,tbc
jao_87757,jao
asc_201260,asc
yrl_80614,yrl
dsh_220664,dsh
ssn_187570,ssn
ksw_36576,ksw
cco_26715,cco
nyd_203819,nyd
ubr_85241,ubr
wme_140363,wme
kpq_104756,kpq
rjs_138602,rjs
gvo_04235,gvo
tur_104978,tur
kjc_01043,kjc
opm_142267,opm
csh_198342,csh
hdy_82266,hdy
kwv_162014,kwv
ntm_24964,ntm
orc_50056,orc
kin_120792,kin
faa_153028,faa
kpr_68649,kpr
kfs_94470,kfs
not_65788,not
mal_76557,mal
tbl_193175,tbl
mpx_124935,mpx
bmb_134568,bmb
bla_207464,bla
pmy_165690,pmy
szb_210054,szb
qug_17039,qug
seg_90614,seg
urk_177953,urk
thq_46459,thq
tsj_189696,tsj
jax_115464,jax
snd_07552,snd
tem_161269,tem
bun_04313,bun
mvv_07629,mvv
lus_216504,lus
wci_151866,wci
pht_73106,pht
ssi_41246,ssi
nso_217384,nso
nyf_173153,nyf
bhi_184270,bhi
cdz_04925,cdz
eng_174005,eng
mwc_128986,mwc
ebu_195387,ebu
ktz_18877,ktz
mzp_154730,mzp
asc_201263,asc
lwg_90820,lwg
kml_97861,kml
dhi_135085,dhi
mkf_74398,mkf
hak_63648,hak
doz_127804,doz
isn_162463,isn
yva_39608,yva
lhl_109683,lhl
vmk_05470,vmk
kor_85648,kor
jao_87764,jao
vnk_191457,vnk
mim_18445,mim
kue_63004,kue
hno_63713,hno
unr_151154,unr
quh_10556,quh
wlw_133117,wlw
swc_186065,swc
ksg_194052,ksg
swp_137630,swp
snd_07359,snd
mqx_53807,mqx
dbm_83741,dbm
lew_107472,lew
gbe_23813,gbe
mww_163995,mww
psw_44536,psw
ppk_53522,ppk
eng_173942,eng
dgc_179922,dgc
agw_217982,agw
gnk_182799,gnk
isn_162561,isn
mww_192633,mww
srr_108591,srr
efi_86166,efi
gun_202288,gun
rmy_04249,rmy
ors_35179,ors
pan_168514,pan
nbn_156300,nbn
ksw_36414,ksw
mnb_162090,mnb
mlw_168209,mlw
clk_200124,clk
thf_158225,thf
men_60999,men
rim_215233,rim
zne_107828,zne
ind_186495,ind
bee_06298,bee
aui_40500,aui
brt_207747,brt
bxh_17201,bxh
mww_192552,mww
tpi_48828,tpi
sbr_217269,sbr
lua_96197,lua
sot_38926,sot
gas_20452,gas
pga_166875,pga
aec_178694,aec
<unk>_62591,<unk>
por_66377,por
gnd_152680,gnd
bee_133888,bee
amh_03480,amh
mgw_68419,mgw
dig_160436,dig
wap_112389,wap
mzz_183903,mzz
the_94782,the
phr_70478,phr
bxh_17578,bxh
ktz_18901,ktz
bon_122315,bon
aaf_73919,aaf
lub_169200,lub
mcu_52061,mcu
pmy_165649,pmy
orc_50672,orc
yva_39613,yva
wme_140247,wme
afu_194700,afu
orc_128332,orc
glg_141697,glg
qvm_154906,qvm
nmi_212783,nmi
anl_47169,anl
laj_183409,laj
kys_29706,kys
sda_57306,sda
kno_82943,kno
lue_166487,lue
kby_197260,kby
iba_54863,iba
eng_03360,eng
bco_70716,bco
nti_07807,nti
her_23367,her
hau_136327,hau
kdh_174287,kdh
kue_62951,kue
gom_155370,gom
adx_181679,adx
rgs_160258,rgs
rus_114018,rus
tpi_49073,tpi
kxw_70989,kxw
pmx_129083,pmx
knk_146574,knk
kpr_68676,kpr
thf_158333,thf
mfe_166265,mfe
hni_65644,hni
gvc_99921,gvc
nhp_03901,nhp
mfh_135856,mfh
<unk>_108486,<unk>
gvo_04201,gvo
ukr_24235,ukr
lbf_06846,lbf
kfk_149379,kfk
hat_68132,hat
oss_80441,oss
pmx_129082,pmx
mug_214032,mug
sgh_81076,sgh
kby_81294,kby
lbk_54039,lbk
aar_118337,aar
aaz_116468,aaz
swp_137595,swp
ben_149776,ben
dnw_59753,dnw
viv_170043,viv
uzn_113566,uzn
ubr_85530,ubr
cmn_61854,cmn
bra_168597,bra
mqj_65867,mqj
onp_107586,onp
eng_43570,eng
nim_38268,nim
gnm_147354,gnm
bzv_187238,bzv
mrn_121885,mrn
tha_52647,tha
kvj_73125,kvj
kbx_198414,kbx
thq_84822,thq
lew_107526,lew
wme_140151,wme
mve_140455,mve
haj_129742,haj
orc_128349,orc
amh_03535,amh
wed_09348,wed
bjg_69126,bjg
oia_110785,oia
bzf_18933,bzf
tzm_150879,tzm
twy_206444,twy
knx_175455,knx
nmn_51664,nmn
ukr_24003,ukr
tsn_200476,tsn
mpx_124924,mpx
dzl_143194,dzl
blb_44892,blb
tgl_13126,tgl
heb_27474,heb
asu_146434,asu
duc_14374,duc
nst_05022,nst
mgc_199159,mgc
roo_49231,roo
npy_21078,npy
kud_102936,kud
yoy_99084,yoy
hru_218988,hru
bee_29678,bee
trq_82122,trq
fwe_116060,fwe
bzy_189553,bzy
def_183487,def
tdx_113238,tdx
sfw_125140,sfw
roo_107381,roo
vaj_103567,vaj
mua_144800,mua
cmn_89973,cmn
jdg_55726,jdg
pbb_168147,pbb
ind_186887,ind
kvu_113543,kvu
acu_32634,acu
slk_192221,slk
mgh_65136,mgh
agw_217984,agw
fan_105172,fan
tpi_48833,tpi
sus_168433,sus
tel_70745,tel
gvr_96983,gvr
wol_172148,wol
acq_210497,acq
gaj_63275,gaj
rim_215221,rim
bim_201636,bim
soy_204509,soy
skr_84706,skr
amk_150049,amk
duc_14382,duc
dgi_20879,dgi
duc_14416,duc
tsj_204351,tsj
nuf_116010,nuf
isn_162519,isn
cap_156861,cap
tuy_27180,tuy
aui_40292,aui
mej_78520,mej
pcg_44600,pcg
kmc_162747,kmc
gno_89136,gno
ldi_212444,ldi
npy_21066,npy
Zambia_109454,Zambia
tem_161228,tem
ttq_85877,ttq
yon_89384,yon
pst_204488,pst
bud_24867,bud
urd_35688,urd
khm_102449,khm
bru_02196,bru
suy_86651,suy
hat_68095,hat
toq_07029,toq
sxb_188196,sxb
xky_66640,xky
awu_182394,awu
ind_186521,ind
mln_44864,mln
gbo_104836,gbo
eng_43479,eng
bjg_69290,bjg
vie_84417,vie
mlk_194735,mlk
tet_202528,tet
tic_203093,tic
thq_46441,thq
tnv_181287,tnv
loz_108266,loz
ena_170796,ena
min_221636,min
ubr_85297,ubr
eyo_91934,eyo
noe_122109,noe
blb_135711,blb
mho_103939,mho
cme_204881,cme
ubr_85317,ubr
plt_169001,plt
dks_66300,dks
ldi_212478,ldi
qvs_206940,qvs
ita_57124,ita
bkw_128719,bkw
mhl_128664,mhl
dgz_143279,dgz
cfm_112892,cfm
spn_25161,spn
siw_217873,siw
ibl_201176,ibl
azb_116431,azb
yaa_04633,yaa
<unk>_218275,<unk>
gub_148820,gub
ybl_142169,ybl
por_191735,por
ayr_188012,ayr
apd_137453,apd
por_191840,por
nxa_171873,nxa
eng_43240,eng
ldq_76975,ldq
kiw_110204,kiw
hoc_143110,hoc
sgy_133409,sgy
ksw_36495,ksw
fuf_128197,fuf
xtl_95481,xtl
cmn_61922,cmn
teo_142836,teo
afu_26530,afu
sez_30806,sez
tgl_13292,tgl
ekg_135793,ekg
gnn_208204,gnn
nfd_82564,nfd
tvs_00107,tvs
ttq_134152,ttq
mgw_68353,mgw
cfm_112861,cfm
oro_105597,oro
dby_11787,dby
skg_64285,skg
sbl_71948,sbl
guj_02844,guj
kge_147495,kge
por_95341,por
laj_183413,laj
diu_216632,diu
kgk_26137,kgk
nus_02098,nus
rmn_89800,rmn
qvm_154819,qvm
tsv_28613,tsv
cmn_28150,cmn
kui_44362,kui
eng_211537,eng
lnd_163177,lnd
toq_07167,toq
bun_04385,bun
ble_121103,ble
dhg_151528,dhg
trd_18058,trd
ald_79649,ald
wme_140306,wme
atd_65462,atd
dof_63833,dof
txa_114986,txa
lag_181444,lag
mgp_142930,mgp
grt_180346,grt
kjs_65699,kjs
hat_68057,hat
sgi_216609,sgi
lra_64693,lra
srq_216792,srq
luo_207386,luo
dby_11732,dby
med_34998,med
xdy_110433,xdy
wuv_149149,wuv
rus_113856,rus
crj_167232,crj
cly_38586,cly
kno_82682,kno
kbp_204172,kbp
ego_199894,ego
khm_102547,khm
mos_159715,mos
skr_195959,skr
ggg_10251,ggg
lif_01675,lif
kdh_124569,kdh
wib_143364,wib
vah_147526,vah
pdu_190293,pdu
twm_129954,twm
twi_168010,twi
swp_137566,swp
sda_57311,sda
rmn_78121,rmn
tso_53240,tso
kls_136687,kls
bjg_69303,bjg
nhd_115515,nhd
gri_211890,gri
pln_47240,pln
skr_29619,skr
soi_125063,soi
kqf_127955,kqf
ory_08060,ory
trp_163606,trp
lhi_118563,lhi
jer_172466,jer
tsj_204350,tsj
mwt_221519,mwt
gju_144615,gju
cko_69469,cko
snd_07365,snd
lsr_182132,lsr
eyo_91955,eyo
twe_118161,twe
pgg_57392,pgg
bcs_145417,bcs
rki_115935,rki
xgu_220819,xgu
awu_155977,awu
gjn_146053,gjn
taj_103621,taj
eng_43345,eng
hnj_134016,hnj
eng_221137,eng
kbd_01872,kbd
ptu_21777,ptu
kzi_68745,kzi
nyf_169566,nyf
jiy_201680,jiy
skx_120084,skx
ena_170668,ena
suj_58375,suj
svs_96520,svs
vif_21210,vif
bcn_00407,bcn
fuc_68820,fuc
zlm_196323,zlm
urt_26505,urt
nan_203513,nan
cco_96671,cco
tcc_148043,tcc
eng_43591,eng
zty_12224,zty
lgr_130640,lgr
guc_176480,guc
gug_14532,gug
nso_217439,nso
hin_29433,hin
rnd_36738,rnd
hak_56032,hak
dmr_142313,dmr
dig_160368,dig
lug_139046,lug
lva_124444,lva
rif_101661,rif
ben_125813,ben
dio_42889,dio
rmy_218443,rmy
zad_62554,zad
tdt_179029,tdt
mii_63250,mii
sdo_180188,sdo
tum_32292,tum
ewo_51029,ewo
bgt_15345,bgt
hrm_210693,hrm
aln_142592,aln
amm_135136,amm
mai_137299,mai
knp_175504,knp
dag_37505,dag
wms_81552,wms
jav_77146,jav
cmn_28008,cmn
bhb_135900,bhb
rel_214606,rel
ssi_157081,ssi
jav_212301,jav
hye_218105,hye
Zambia_200933,Zambia
plt_169082,plt
dms_161144,dms
gog_74866,gog
tdv_197790,tdv
tig_92664,tig
otx_126666,otx
swc_186122,swc
kdh_124610,kdh
tdx_113137,tdx
zmb_78011,zmb
nlc_59698,nlc
npi_30030,npi
ven_212117,ven
dig_160512,dig
mxp_116976,mxp
kge_191700,kge
knp_175503,knp
iba_57933,iba
amh_03526,amh
kjo_207640,kjo
vaa_77191,vaa
Zambia_109380,Zambia
hts_58523,hts
bxk_12589,bxk
cmn_28239,cmn
ngu_72543,ngu
dig_160529,dig
ttq_86023,ttq
xuu_119432,xuu
bsk_198616,bsk
tuk_93129,tuk
mlk_194847,mlk
lub_169208,lub
kvw_201923,kvw
jra_188609,jra
clk_200125,clk
aeu_119986,aeu
kls_136621,kls
kpb_213897,kpb
uhn_114512,uhn
min_221614,min
cgk_121586,cgk
kft_91091,kft
kvj_73143,kvj
aui_40495,aui
mlw_168212,mlw
emk_112066,emk
nst_221044,nst
kam_75821,kam
hrv_184517,hrv
bjn_62799,bjn
ekg_135785,ekg
nan_56617,nan
mas_31179,mas
yue_32914,yue
beh_219814,beh
bam_71466,bam
bqj_21249,bqj
tha_52595,tha
mlk_194807,mlk
dsh_20954,dsh
kgk_26271,kgk
kdh_124683,kdh
pan_71855,pan
lem_87800,lem
txt_16086,txt
bej_193100,bej
wbr_114823,wbr
tel_214734,tel
mua_215522,mua
dje_77657,dje
bgp_81149,bgp
qug_17097,qug
vaa_77232,vaa
gux_156773,gux
bqr_187726,bqr
pga_167015,pga
mch_182720,mch
mro_73562,mro
kdh_124691,kdh
atd_65488,atd
rml_60418,rml
sot_38946,sot
skx_120103,skx
tsx_177699,tsx
yor_62247,yor
dhi_135062,dhi
wol_196851,wol
vay_80431,vay
mww_192521,mww
cmn_27958,cmn
mbc_42499,mbc
gur_43892,gur
sru_155721,sru
xed_14742,xed
urk_177939,urk
spa_106405,spa
aln_142565,aln
mbc_42462,mbc
npy_21079,npy
ces_183075,ces
apc_180232,apc
mkb_110828,mkb
saq_97315,saq
gax_177312,gax
dks_66103,dks
bzv_187231,bzv
lue_166655,lue
rmy_218426,rmy
zkn_123747,zkn
rab_39792,rab
sna_117829,sna
jpn_156986,jpn
evn_149268,evn
mip_37747,mip
saq_97404,saq
lue_166550,lue
bcc_200589,bcc
blr_139740,blr
snq_128683,snq
mxj_09439,mxj
dsh_220610,dsh
umb_192824,umb
avn_85833,avn
swh_219027,swh
dyo_191141,dyo
jmx_16461,jmx
yuf_198557,yuf
hat_68083,hat
kqs_199983,kqs
tvn_19680,tvn
mro_73649,mro
spp_114232,spp
sgr_180101,sgr
nhp_03904,nhp
sme_139287,sme
mrg_149904,mrg
ctz_165253,ctz
swh_120701,swh
zlm_142428,zlm
shk_09547,shk
nhr_144957,nhr
kup_68774,kup
trp_163389,trp
thq_165045,thq
gvo_28328,gvo
ddg_72213,ddg
ewo_51062,ewo
slk_192215,slk
mjt_29844,mjt
xuu_119357,xuu
new_174745,new
kay_03155,kay
gun_202167,gun
sjp_100239,sjp
bxk_132676,bxk
lin_36310,lin
yrl_80505,yrl
bjx_103287,bjx
vie_94628,vie
bxk_57694,bxk
ybh_106915,ybh
gwr_07847,gwr
row_151965,row
cux_02925,cux
mjx_98886,mjx
por_95372,por
ses_165954,ses
lyn_28724,lyn
adi_33982,adi
ctd_203495,ctd
bku_121697,bku
kfy_151909,kfy
uig_195897,uig
ewe_215857,ewe
anf_214199,anf
men_83711,men
dks_66035,dks
hau_136488,hau
grt_74971,grt
khe_92837,khe
mkn_111110,mkn
kam_75827,kam
agr_170496,agr
cdj_87179,cdj
bis_61231,bis
gaa_193490,gaa
shn_219936,shn
mkn_111237,mkn
sbx_38713,sbx
zne_107979,zne
sbe_167591,sbe
lun_142453,lun
mgu_58918,mgu
thf_157916,thf
gaz_59236,gaz
sin_204252,sin
ksw_36442,ksw
swh_219348,swh
bam_71289,bam
tpe_46380,tpe
cce_60177,cce
lia_118528,lia
msc_67663,msc
mwq_30673,mwq
sfw_125291,sfw
mej_78462,mej
bru_165009,bru
bhh_59846,bhh
yre_101766,yre
ngc_34787,ngc
mas_30980,mas
zak_189771,zak
nuy_62714,nuy
ajg_57181,ajg
spa_106176,spa
vrs_124506,vrs
kdh_124692,kdh
zab_25563,zab
bun_04330,bun
ckb_152129,ckb
kdh_174272,kdh
skx_120111,skx
kyu_209947,kyu
uri_50802,uri
npi_20033,npi
por_191951,por
cmn_27998,cmn
gor_70496,gor
ssw_147099,ssw
njz_76303,njz
djr_190575,djr
por_191849,por
zaf_02049,zaf
men_202906,men
bmk_123639,bmk
nbu_86552,nbu
srn_163652,srn
bee_29633,bee
pab_127230,pab
kbp_55010,kbp
kjl_76644,kjl
tvk_150195,tvk
isn_162476,isn
grd_156038,grd
<unk>_129632,<unk>
zps_193329,zps
aiw_111640,aiw
tlr_156429,tlr
mva_15153,mva
sbe_167506,sbe
abz_70135,abz
arb_170351,arb
lao_10011,lao
tvn_19662,tvn
snd_07382,snd
tuy_27331,tuy
npi_30243,npi
sgc_108614,sgc
xtm_188495,xtm
tuy_27306,tuy
wib_143410,wib
guc_176562,guc
iba_205705,iba
amh_03631,amh
lyg_26371,lyg
cbn_175577,cbn
dhm_186303,dhm
ita_40948,ita
gaz_59232,gaz
bxh_17807,bxh
dzl_143192,dzl
hmd_12125,hmd
dgc_122808,dgc
pww_27657,pww
vaj_98264,vaj
nij_151013,nij
ben_125737,ben
dip_01860,dip
tpj_135638,tpj
quh_19140,quh
guj_189054,guj
vaa_77161,vaa
nhw_10989,nhw
meh_166111,meh
ysn_136583,ysn
muy_171239,muy
mjx_98805,mjx
mjg_05362,mjg
dzg_91316,dzg
nnw_191559,nnw
zpn_38427,zpn
kiw_119900,kiw
blb_135713,blb
apc_136186,apc
lrl_218849,lrl
kye_213024,kye
mkn_111302,mkn
nyf_169565,nyf
ngc_34618,ngc
jav_83459,jav
djo_151446,djo
nas_00870,nas
kuj_205118,kuj
pmy_165546,pmy
azj_164086,azj
csh_64369,csh
bmm_117142,bmm
bcq_116207,bcq
yua_97936,yua
cat_114593,cat
msc_67721,msc
pbo_106640,pbo
twu_105266,twu
pis_143980,pis
nhx_167371,nhx
yis_03928,yis
eja_116332,eja
bbc_34149,bbc
nia_130228,nia
kqs_199950,kqs
xog_155040,xog
msc_67610,msc
eng_173846,eng
eng_88350,eng
kpo_89456,kpo
all_138894,all
pei_156215,pei
saa_115727,saa
bei_101304,bei
mpm_02145,mpm
kdt_161388,kdt
eyo_91963,eyo
eng_211340,eng
pwm_170618,pwm
bjg_69184,bjg
tke_123155,tke
ndo_26344,ndo
lew_173706,lew
tbo_218631,tbo
kpj_138901,kpj
kha_112250,kha
swh_219041,swh
tam_82495,tam
men_60992,men
lbw_112130,lbw
xem_115855,xem
spa_130945,spa
csh_64348,csh
kno_82887,kno
kdj_16743,kdj
oub_71090,oub
ssn_187384,ssn
trn_141517,trn
thl_19604,thl
trd_18206,trd
awa_189615,awa
eyo_91822,eyo
aai_81072,aai
mcf_105887,mcf
pes_145647,pes
blb_135737,blb
mfv_06003,mfv
puc_203223,puc
gup_208047,gup
wat_72800,wat
wbl_122235,wbl
scu_49325,scu
bxh_17390,bxh
arn_81985,arn
cko_69418,cko
mzi_155289,mzi
kzs_24743,kzs
btm_172954,btm
rim_215258,rim
cnb_116602,cnb
bgr_63984,bgr
tpi_48925,tpi
mgm_88181,mgm
nyq_220544,nyq
pan_168522,pan
zpn_38400,zpn
hau_136299,hau
erk_15392,erk
snd_56447,snd
ntj_209113,ntj
hin_29569,hin
hld_03322,hld
tby_01340,tby
mhw_22769,mhw
llg_132195,llg
spa_130906,spa
hat_68089,hat
gbi_120282,gbi
lbw_138224,lbw
rgs_160289,rgs
dww_51436,dww
gnw_173356,gnw
oyb_162856,oyb
ind_186862,ind
ttq_86029,ttq
yue_32887,yue
mhy_203527,mhy
bem_12925,bem
tcf_138916,tcf
kek_129189,kek
agr_170489,agr
sui_110103,sui
quh_31314,quh
kps_19444,kps
emp_89199,emp
ndb_149611,ndb
lra_64671,lra
dug_158795,dug
wmw_115644,wmw
bod_62386,bod
cdj_87184,cdj
rus_114044,rus
lom_19523,lom
rol_153071,rol
grt_105549,grt
ccp_198092,ccp
mbc_42512,mbc
mho_103993,mho
gjk_22388,gjk
tcc_147947,tcc
ben_144311,ben
rus_114038,rus
zln_114612,zln
aiw_111752,aiw
mpj_183661,mpj
wat_72812,wat
som_100563,som
ttq_134130,ttq
cna_156927,cna
khe_92845,khe
mwc_128950,mwc
sku_02718,sku
rao_68886,rao
nrf_218300,nrf
eng_211548,eng
kxp_119285,kxp
sil_25954,sil
lic_51830,lic
fuf_128136,fuf
spp_114214,spp
wme_140269,wme
mni_149011,mni
cnh_164362,cnh
por_95318,por
bsn_165260,bsn
rgs_160280,rgs
tgl_13243,tgl
kbp_172094,kbp
vor_177788,vor
dir_178622,dir
her_23455,her
kfx_117155,kfx
kru_199670,kru
mug_214002,mug
sgp_33680,sgp
luo_207339,luo
tek_206905,tek
nmn_51620,nmn
bos_211744,bos
bee_17978,bee
wed_185121,wed
dag_37474,dag
sse_84788,sse
rif_101644,rif
atd_65568,atd
tam_82438,tam
eng_42999,eng
thd_06282,thd
luo_207199,luo
npi_84276,npi
xkl_148778,xkl
mww_192533,mww
pcf_127408,pcf
lrm_178164,lrm
bwu_201473,bwu
sot_38956,sot
sun_86834,sun
knc_201076,knc
tel_70815,tel
pan_216165,pan
xnr_146469,xnr
yiq_64649,yiq
bxh_17722,bxh
mmm_144396,mmm
ssn_187372,ssn
pjt_56312,pjt
fon_19824,fon
zne_107830,zne
xho_175997,xho
eng_211539,eng
app_130180,app
kin_120985,kin
afr_08553,afr
lbx_99450,lbx
wmw_115665,wmw
geb_133718,geb
dks_66026,dks
mhp_166309,mhp
nij_149477,nij
age_206119,age
rki_115933,rki
dwy_04000,dwy
ldg_106877,ldg
def_183463,def
csh_42165,csh
kib_91746,kib
eng_42910,eng
nac_48640,nac
wod_132068,wod
ksp_157428,ksp
mop_221083,mop
quh_19020,quh
fuc_111515,fuc
lic_52272,lic
sfm_49395,sfm
cfa_09684,cfa
gvr_29009,gvr
yml_83931,yml
gle_133559,gle
mtk_80141,mtk
aha_62021,aha
mhy_203622,mhy
ont_132878,ont
urd_35891,urd
eng_211458,eng
aaz_116562,aaz
spa_27577,spa
oyb_22541,oyb
ssi_41255,ssi
tro_59484,tro
heb_27415,heb
lsi_63538,lsi
nbe_146316,nbe
ewo_51033,ewo
snd_07366,snd
afr_08443,afr
kfg_200877,kfg
twx_153457,twx
zpm_74272,zpm
Zambia_109284,Zambia
kbr_22050,kbr
sui_110133,sui
pek_86108,pek
seg_90451,seg
sna_117874,sna
njz_76234,njz
mvv_166187,mvv
tnb_201142,tnb
bde_142047,bde
cna_156881,cna
cbs_184736,cbs
bun_04306,bun
zar_105739,zar
the_94806,the
jna_117591,jna
bzv_187224,bzv
pao_203243,pao
bim_201494,bim
dnj_218808,dnj
cat_114585,cat
stt_72678,stt
vah_07609,vah
top_196670,top
kfp_80705,kfp
cmn_28250,cmn
tdx_113442,tdx
tgj_49720,tgj
nnw_191578,nnw
ghr_134699,ghr
tog_25531,tog
lok_190784,lok
kfx_129249,kfx
vaj_98278,vaj
mni_175190,mni
top_196766,top
hut_149988,hut
nuy_62673,nuy
tpi_49046,tpi
xdy_59789,xdy
kej_26433,kej
yno_126521,yno
qvj_33832,qvj
bxk_132716,bxk
bhb_152879,bhb
agw_218032,agw
ghr_134652,ghr
bmk_123612,bmk
aln_92137,aln
por_191727,por
grt_75059,grt
kvx_164005,kvx
zyp_24415,zyp
hin_29577,hin
tob_178401,tob
xav_115744,xav
xdy_57833,xdy
bob_168637,bob
qwa_110329,qwa
xed_14764,xed
tir_141942,tir
eng_176124,eng
knm_56074,knm
slk_192112,slk
thq_46433,thq
nac_48634,nac
pgg_57378,pgg
sdr_93981,sdr
uzn_45067,uzn
afr_08616,afr
gaz_59143,gaz
sbl_71956,sbl
pis_143765,pis
zgb_75597,zgb
kvw_136897,kvw
bhi_184183,bhi
trn_141654,trn
wbp_109067,wbp
mhw_22999,mhw
byc_45891,byc
kls_136852,kls
tke_123279,tke
swb_54290,swb
sgh_81080,sgh
tro_59543,tro
cag_156623,cag
swb_54308,swb
bem_12757,bem
bam_71442,bam
mxt_204544,mxt
sre_45619,sre
dip_214660,dip
lbn_169740,lbn
gil_105808,gil
uzn_45095,uzn
lok_190776,lok
her_23316,her
kuj_205181,kuj
dje_77616,dje
thm_22671,thm
coh_152403,coh
auk_120375,auk
nhx_167365,nhx
ish_146186,ish
hca_195668,hca
wlx_209684,wlx
bvc_73308,bvc
awu_182409,awu
ewe_215988,ewe
gil_105834,gil
zlm_157326,zlm
hoj_103609,hoj
jmx_16546,jmx
yaq_178422,yaq
kei_88083,kei
yui_184061,yui
uhn_114495,uhn
iii_162123,iii
gab_182223,gab
xtc_17158,xtc
skx_120083,skx
nge_20062,nge
zab_25572,zab
mym_185403,mym
apt_63451,apt
fue_192502,fue
pes_145757,pes
bgz_138424,bgz
mvg_41049,mvg
gui_191237,gui
sip_116868,sip
gur_43848,gur
llg_132206,llg
bvc_73299,bvc
kua_49430,kua
kek_129211,kek
ria_74076,ria
sot_38840,sot
eng_43419,eng
cfm_112858,cfm
cbv_109712,cbv
vor_177775,vor
acw_126537,acw
bos_211803,bos
mnk_210886,mnk
pmf_69548,pmf
arr_49759,arr
amk_150065,amk
mya_48322,mya
Zambia_109364,Zambia
vut_124820,vut
nhx_167379,nhx
quh_19010,quh
mwn_06677,mwn
lag_181458,lag
aha_62026,aha
skr_196114,skr
kan_60324,kan
lmd_20534,lmd
ksw_36590,ksw
snd_56449,snd
gun_202329,gun
kjg_04562,kjg
cmn_61829,cmn
mkn_111190,mkn
soq_131499,soq
rml_60492,rml
xpe_197568,xpe
plt_169053,plt
tgs_188056,tgs
ena_170717,ena
sck_115353,sck
mwq_30637,mwq
dig_160653,dig
hat_68080,hat
kjp_100371,kjp
pav_34424,pav
mxa_39959,mxa
tmf_35614,tmf
krr_208421,krr
bcs_145429,bcs
ces_183210,ces
suk_157699,suk
pof_31588,pof
nyy_69697,nyy
orc_50501,orc
khb_36876,khb
tsn_200430,tsn
smo_200288,smo
gax_118593,gax
npi_29989,npi
txu_94154,txu
dzl_143196,dzl
bqj_21234,bqj
kbr_22091,kbr
dny_127110,dny
mkw_180902,mkw
bfa_133894,bfa
gur_43795,gur
sat_81742,sat
awu_155975,awu
afr_08381,afr
bem_12708,bem
mgh_65141,mgh
vie_84447,vie
mki_13989,mki
rmn_78054,rmn
mpj_183766,mpj
trp_163522,trp
nan_56696,nan
mvv_166122,mvv
cco_26696,cco
lnd_90013,lnd
anl_47173,anl
tzm_150918,tzm
ksw_36714,ksw
vie_94560,vie
kab_134873,kab
bug_109227,bug
quc_209881,quc
sbe_167579,sbe
gmv_170651,gmv
oro_77328,oro
cnb_42679,cnb
svs_96501,svs
kdj_16919,kdj
qxu_31983,qxu
bqw_32538,bqw
mki_110919,mki
gfk_176340,gfk
urk_177984,urk
mkd_213341,mkd
wme_140271,wme
lao_10158,lao
ium_114811,ium
mtr_168338,mtr
snc_205339,snc
mco_91567,mco
kfm_85004,kfm
mgw_68313,mgw
kft_91098,kft
xsu_215601,xsu
lin_36389,lin
nya_69983,nya
bvu_68997,bvu
sil_81930,sil
kye_213081,kye
bfh_07887,bfh
whg_209854,whg
mfh_135875,mfh
fub_214918,fub
djo_151441,djo
ygw_92948,ygw
bcc_200585,bcc
pjt_56361,pjt
grd_156041,grd
hak_56018,hak
knl_55736,knl
kdu_108140,kdu
rat_81223,rat
mqn_74646,mqn
zul_109820,zul
kbl_79005,kbl
hni_162774,hni
deu_71169,deu
soq_131923,soq
afu_26531,afu
ttq_85895,ttq
sun_86894,sun
nuy_62695,nuy
nyf_173254,nyf
mpj_183644,mpj
att_21339,att
hne_163012,hne
amr_126007,amr
meu_114351,meu
hye_218160,hye
tcc_147963,tcc
bvd_129419,bvd
kmt_79807,kmt
lif_213238,lif
ifa_46551,ifa
csh_198133,csh
bvc_73259,bvc
seg_90495,seg
are_99595,are
qxu_31965,qxu
mni_22164,mni
dyu_208836,dyu
mxn_95819,mxn
sne_109221,sne
ghr_134802,ghr
qxu_32096,qxu
wnc_175015,wnc
eng_136961,eng
wbp_108980,wbp
wal_176586,wal
nwi_168838,nwi
hmg_66915,hmg
aui_40226,aui
ayz_126953,ayz
sre_45637,sre
row_152034,row
xho_176030,xho
pbt_54500,pbt
bam_71537,bam
lgr_130787,lgr
pcg_44594,pcg
<unk>_108483,<unk>
sna_117870,sna
fuh_176076,fuh
afi_183457,afi
roo_107348,roo
nab_40596,nab
zps_193327,zps
pil_70870,pil
gug_14542,gug
men_202900,men
aui_40511,aui
dig_160450,dig
mcf_105890,mcf
nst_87460,nst
mlk_194772,mlk
cmo_154440,cmo
tui_103733,tui
mwq_30654,mwq
kud_103056,kud
agg_162606,agg
gaa_193470,gaa
ztp_173454,ztp
mkw_180898,mkw
hvn_153701,hvn
chq_86585,chq
llg_132200,llg
bhu_176828,bhu
ind_186513,ind
her_23395,her
twi_167931,twi
kxp_119308,kxp
trn_141641,trn
scu_49330,scu
ngc_34799,ngc
bqi_60797,bqi
bkk_172425,bkk
lsm_95692,lsm
fij_211853,fij
mni_175274,mni
dyo_190952,dyo
jna_117585,jna
zgb_06246,zgb
tzm_150888,tzm
aoe_115395,aoe
ben_151618,ben
zeh_79695,zeh
ksw_36600,ksw
tvk_150191,tvk
als_06514,als
tcc_147901,tcc
apd_97076,apd
por_95252,por
bgt_15387,bgt
isn_162454,isn
vie_94627,vie
lmp_93454,lmp
tgs_188067,tgs
tar_152947,tar
aot_182035,aot
sou_41764,sou
sxb_188129,sxb
mzz_183939,mzz
ria_74096,ria
atd_65555,atd
kqm_189231,kqm
tpi_49007,tpi
sjm_100418,sjm
lef_96314,lef
pan_71863,pan
mcp_29764,mcp
tbo_218582,tbo
ban_49295,ban
fra_181888,fra
auc_174230,auc
dyu_208865,dyu
cag_156654,cag
new_174758,new
tsb_81622,tsb
nmo_193998,nmo
dks_66064,dks
fra_160746,fra
snl_159437,snl
wbp_108887,wbp
twe_132561,twe
ldg_106839,ldg
vmc_204772,vmc
bkx_152213,bkx
hts_58622,hts
emp_89247,emp
abo_58849,abo
heb_27490,heb
tbo_218761,tbo
qvm_154937,qvm
Zambia_109395,Zambia
jnd_194455,jnd
sez_30792,sez
xla_22573,xla
fuf_180595,fuf
tod_47984,tod
npi_29981,npi
tfr_79118,tfr
shn_144736,shn
eng_88251,eng
khm_102476,khm
ksu_121735,ksu
tuk_93318,tuk
tel_214788,tel
tir_141903,tir
pbo_106614,pbo
kby_197255,kby
ind_186775,ind
hat_67889,hat
skr_04444,skr
mzi_155353,mzi
lac_94970,lac
orc_50465,orc
cmn_61913,cmn
kck_68458,kck
lwg_90909,lwg
mzp_154620,mzp
twy_206453,twy
bpx_127313,bpx
bbr_70281,bbr
yon_89383,yon
rol_153091,rol
mup_183609,mup
nfa_206726,nfa
amk_94551,amk
mkd_213343,mkd
tpi_49105,tpi
ena_170846,ena
agg_162613,agg
chy_70368,chy
mfz_135250,mfz
nza_105340,nza
mil_31261,mil
beo_210145,beo
taq_195002,taq
kek_129207,kek
yet_73899,yet
ygr_41156,ygr
ctp_27642,ctp
key_02360,key
ckh_153816,ckh
mfi_192388,mfi
mfz_135459,mfz
tdj_187883,tdj
prs_44149,prs
sjp_100238,sjp
orc_128248,orc
mya_48444,mya
lbj_196183,lbj
nij_169759,nij
wci_151751,wci
bra_168584,bra
wli_01445,wli
ifu_219876,ifu
mqu_85737,mqu
swh_67235,swh
mbp_26955,mbp
tcc_148011,tcc
les_140601,les
yes_117325,yes
mxu_156563,mxu
lpn_174181,lpn
gax_177352,gax
gvj_187304,gvj
dzg_91349,dzg
tyz_129470,tyz
mya_48236,mya
sxb_188226,sxb
vaa_77178,vaa
mto_217096,mto
mcn_53651,mcn
por_138796,por
npb_141169,npb
slv_74573,slv
dig_160597,dig
men_60905,men
zlm_00313,zlm
gnn_208142,gnn
qug_16997,qug
kud_103014,kud
bra_168556,bra
ptu_21792,ptu
qws_153788,qws
slk_192111,slk
lis_181058,lis
aui_40178,aui
lrl_218823,lrl
lul_179247,lul
kdh_124655,kdh
gmv_170652,gmv
csh_42275,csh
slk_192117,slk
mop_221102,mop
mab_208462,mab
kfv_77413,kfv
pse_140760,pse
pnb_215719,pnb
cgk_121557,cgk
kel_148310,kel
msc_67695,msc
eng_173872,eng
hin_29272,hin
sus_168432,sus
ngl_146993,ngl
bhi_184149,bhi
mlw_168232,mlw
otx_126668,otx
sym_128506,sym
hii_206408,hii
rol_153120,rol
mwq_30724,mwq
yao_39523,yao
mho_104044,mho
ayo_16233,ayo
cmn_61948,cmn
soq_131713,soq
grt_115194,grt
pbt_218935,pbt
csh_198315,csh
gbm_87310,gbm
men_83712,men
ium_85153,ium
afu_194693,afu
nsm_172547,nsm
mnb_121247,mnb
mbh_215549,mbh
tel_214741,tel
acq_210447,acq
kmy_03717,kmy
gun_202250,gun
pdu_209380,pdu
xem_144778,xem
qvs_206957,qvs
ben_125376,ben
yuz_71055,yuz
ses_166059,ses
adx_87856,adx
bdh_152778,bdh
nij_169776,nij
prs_44144,prs
ola_209732,ola
men_202836,men
gas_20433,gas
zlm_178808,zlm
bei_101313,bei
kxc_81031,kxc
gaz_59258,gaz
bxh_17923,bxh
gun_202228,gun
mya_48156,mya
nst_87601,nst
phr_122775,phr
rug_188389,rug
tbk_207717,tbk
wau_54216,wau
ayr_187980,ayr
tca_13946,tca
xsu_215592,xsu
esg_82173,esg
bxk_12484,bxk
are_99647,are
kru_24830,kru
bxh_17810,bxh
khe_92831,khe
gng_55202,gng
mro_73519,mro
lok_38084,lok
bdi_79624,bdi
cog_146541,cog
viv_169865,viv
muy_171252,muy
kwa_83007,kwa
orc_50419,orc
udu_129529,udu
tke_123296,tke
itv_102733,itv
kqs_199932,kqs
kbl_78993,kbl
nhp_03864,nhp
kam_75893,kam
csh_42200,csh
ita_41025,ita
zas_216208,zas
div_81324,div
kno_82756,kno
wmw_115545,wmw
sbl_26600,sbl
dyi_110459,dyi
tgl_13241,tgl
bxh_17735,bxh
nst_221071,nst
zul_109955,zul
jbu_07739,jbu
orc_50517,orc
apu_139782,apu
rai_80684,rai
kue_62990,kue
uzn_45152,uzn
bxk_12490,bxk
obo_114138,obo
men_202864,men
wci_156097,wci
mgh_65185,mgh
xon_47888,xon
bzf_99523,bzf
meh_166109,meh
ztp_173458,ztp
oro_77335,oro
twm_129872,twm
shn_219922,shn
grt_105480,grt
iii_70433,iii
btu_199085,btu
hin_29419,hin
pud_97020,pud
apz_137232,apz
mai_156168,mai
tam_82497,tam
vaj_103571,vaj
ind_186994,ind
cdi_176141,cdi
sdq_73067,sdq
gdn_177372,gdn
aoe_115431,aoe
bla_207446,bla
mhy_203517,mhy
kud_102899,kud
kru_78705,kru
xkl_64489,xkl
eng_136974,eng
sbd_185588,sbd
kjd_220277,kjd
wlo_139550,wlo
amu_206224,amu
csh_64358,csh
lic_52261,lic
mwt_221463,mwt
bcq_116290,bcq
lub_169247,lub
toq_07071,toq
dig_160615,dig
taq_195045,taq
mro_123838,mro
dri_91071,dri
mfo_203341,mfo
meh_166105,meh
fub_162169,fub
xsm_220348,xsm
azb_116430,azb
cmn_28207,cmn
lch_67331,lch
fra_190136,fra
kde_46124,kde
tel_214719,tel
pof_31440,pof
bfz_143541,bfz
cdh_13814,cdh
tfn_127794,tfn
quh_19025,quh
dsn_177435,dsn
qug_17012,qug
rab_39732,rab
gut_14337,gut
<unk>_69881,<unk>
roo_107349,roo
saj_04549,saj
tum_32388,tum
lch_67312,lch
npi_30236,npi
ory_08031,ory
bam_71268,bam
dos_23168,dos
ory_205610,ory
wod_132155,wod
wed_09288,wed
tet_202530,tet
gvo_28497,gvo
vie_84318,vie
abo_58811,abo
soq_131756,soq
xkj_220959,xkj
twu_105305,twu
gvo_28493,gvo
kue_62930,kue
yix_163669,yix
cly_38541,cly
pbo_106589,pbo
kru_199606,kru
psi_60392,psi
nyf_173104,nyf
bim_201603,bim
rbb_09734,rbb
quh_31306,quh
gno_211190,gno
wod_132136,wod
kde_46011,kde
mlm_80665,mlm
ssn_187413,ssn
siw_217905,siw
wed_09400,wed
nng_34025,nng
itd_99213,itd
jaa_154124,jaa
pkb_32684,pkb
pce_79378,pce
pmy_165578,pmy
ibg_210572,ibg
aia_41434,aia
xta_214293,xta
kge_18049,kge
lme_13513,lme
<unk>_170424,<unk>
noe_101913,noe
csh_198343,csh
lky_192682,lky
twi_167998,twi
iba_195915,iba
iws_25034,iws
sxb_188102,sxb
mjt_132370,mjt
yaq_178426,yaq
ble_121160,ble
kqb_103153,kqb
new_172719,new
hnn_02821,hnn
knu_205946,knu
xsu_215628,xsu
cnb_42670,cnb
por_138785,por
tcf_138960,tcf
mpj_183810,mpj
adx_70599,adx
tpi_48805,tpi
kue_63155,kue
mki_13994,mki
fra_181942,fra
sjl_66941,sjl
xwe_212378,xwe
dig_160632,dig
lbr_22601,lbr
mie_101503,mie
hix_126821,hix
tuk_93380,tuk
bdi_79589,bdi
nia_202084,nia
jiv_07935,jiv
mix_00946,mix
seh_33408,seh
zne_107934,zne
cso_127071,cso
nim_38153,nim
bfa_133916,bfa
mej_78468,mej
mhw_22992,mhw
tvk_150185,tvk
soe_164819,soe
pse_202672,pse
pis_143993,pis
npi_30113,npi
swc_185905,swc
rai_190860,rai
khw_46710,khw
tha_52730,tha
grt_75052,grt
rel_214519,rel
med_34942,med
hin_29449,hin
jge_178025,jge
bux_34241,bux
mve_140423,mve
ada_50934,ada
xta_214309,xta
aot_182013,aot
zac_140926,zac
kej_26470,kej
far_153297,far
ron_100839,ron
cbn_175573,cbn
yno_126513,yno
kpc_207881,kpc
dos_139383,dos
xog_154994,xog
tuy_27264,tuy
cle_172815,cle
luo_207249,luo
jmx_16454,jmx
tkt_189289,tkt
hak_63646,hak
dag_37432,dag
cbs_184724,cbs
sin_204279,sin
pof_31557,pof
arb_74746,arb
nxr_130137,nxr
por_66412,por
shk_09598,shk
tgl_13210,tgl
itz_53169,itz
mzz_184055,mzz
wod_132005,wod
swi_76018,swi
mzz_183922,mzz
tam_82292,tam
apu_139764,apu
ary_177157,ary
kfx_117160,kfx
kvx_193921,kvx
kdj_16764,kdj
phk_119097,phk
njz_76431,njz
bwe_161975,bwe
sbd_185611,sbd
ino_56896,ino
abt_103221,abt
jra_188627,jra
soq_131414,soq
gom_218241,gom
dka_54566,dka
png_48700,png
ktm_149129,ktm
knc_201041,knc
pkb_22284,pkb
mak_188839,mak
ymm_40774,ymm
ekg_135798,ekg
cjv_100996,cjv
kex_101115,kex
nac_48614,nac
zpw_05767,zpw
eng_88421,eng
esi_63365,esi
swh_219337,swh
cia_84125,cia
alh_106834,alh
mkw_180854,mkw
ndc_160052,ndc
jaa_154144,jaa
bvu_100108,bvu
txu_94147,txu
ven_212141,ven
naz_73430,naz
pov_171473,pov
tod_48024,tod
orc_128415,orc
vaj_98143,vaj
byd_75353,byd
mxs_140568,mxs
sjp_100272,sjp
mzz_183985,mzz
akh_150404,akh
skr_141228,skr
xsu_05759,xsu
bpr_164140,bpr
zar_218786,zar
nys_21426,nys
skg_64105,skg
tog_25352,tog
jiy_201699,jiy
mro_73674,mro
csk_218359,csk
tzm_150822,tzm
aui_40344,aui
mal_76586,mal
prs_43992,prs
sbe_167485,sbe
nxk_188789,nxk
kmy_03720,kmy
shn_220091,shn
llg_132268,llg
emk_214358,emk
zpu_12618,zpu
khe_92894,khe
aly_97603,aly
ths_11860,ths
bxk_132719,bxk
mfi_147306,mfi
mxv_107085,mxv
hin_29337,hin
adi_33965,adi
dww_51297,dww
nsm_172551,nsm
amh_03619,amh
gnn_208182,gnn
eng_88468,eng
jeh_73716,jeh
dwz_187673,dwz
lns_28961,lns
gbm_178570,gbm
shn_219985,shn
tso_53387,tso
mui_66449,mui
zpo_66934,zpo
iba_195943,iba
bxh_17570,bxh
xkt_116982,xkt
kfy_37230,kfy
lgr_130760,lgr
ben_81483,ben
ttq_86095,ttq
deu_71204,deu
sdo_180210,sdo
tuv_25124,tuv
lug_139039,lug
kjl_76603,kjl
mas_31030,mas
mjx_98953,mjx
cni_189491,cni
heb_27524,heb
bjg_203314,bjg
skr_195996,skr
ubr_85398,ubr
dig_160470,dig
ntj_209277,ntj
kps_15217,kps
dug_158747,dug
kud_102862,kud
abs_161477,abs
kwf_103839,kwf
gah_106777,gah
mhy_203556,mhy
gaz_59238,gaz
tuo_105103,tuo
skx_120152,skx
yal_93575,yal
kqp_90098,kqp
hmd_12121,hmd
kue_62986,kue
aiw_111817,aiw
tvs_00177,tvs
ory_66542,ory
mzb_00045,mzb
xuu_119388,xuu
<unk>_163041,<unk>
acq_206161,acq
uzn_45365,uzn
sku_02736,sku
deu_71209,deu
bhx_68501,bhx
bxh_17241,bxh
swh_219194,swh
nas_00641,nas
nhn_193833,nhn
acq_210325,acq
eng_43463,eng
luj_107426,luj
cnh_164198,cnh
jid_148522,jid
pdu_209374,pdu
nas_00592,nas
prf_135537,prf
ssb_103188,ssb
swe_52006,swe
bjg_69104,bjg
wlo_139575,wlo
saq_122426,saq
mww_192563,mww
blz_25658,blz
wmw_115659,wmw
qvm_154871,qvm
xdy_137821,xdy
bfg_31950,bfg
spp_114233,spp
pag_178859,pag
gvr_29117,gvr
lrm_178296,lrm
emk_112059,emk
ben_149780,ben
bob_168616,bob
ajg_57175,ajg
ajg_220748,ajg
ndm_165244,ndm
tzh_84664,tzh
kye_212940,kye
asc_201236,asc
gbm_178535,gbm
dby_11796,dby
aly_97527,aly
apc_180248,apc
soa_53843,soa
xon_47750,xon
tog_25547,tog
trp_163592,trp
bbw_198724,bbw
ymm_40900,ymm
ngl_146879,ngl
aik_195559,aik
xdo_04845,xdo
mas_218271,mas
skg_64145,skg
mwn_06752,mwn
cni_197751,cni
knu_206017,knu
ena_170913,ena
pah_89092,pah
dur_189403,dur
tso_53437,tso
bhi_184259,bhi
uzn_45262,uzn
nya_179880,nya
aec_178642,aec
eng_211420,eng
mni_163242,mni
jmn_207576,jmn
lsi_63534,lsi
tgs_188051,tgs
suk_157717,suk
mxt_204615,mxt
bku_121667,bku
bhj_119647,bhj
ven_212212,ven
xkl_26640,xkl
ptu_34312,ptu
brd_182997,brd
sbd_185568,sbd
mhw_23029,mhw
lkn_122101,lkn
anu_130500,anu
por_138810,por
kex_101136,kex
mvg_41084,mvg
trd_18155,trd
ubr_85362,ubr
awu_18945,awu
rus_113607,rus
eng_173885,eng
guj_189105,guj
xdy_46494,xdy
kfv_77448,kfv
giz_206585,giz
mhi_80099,mhi
swh_219113,swh
bzy_176879,bzy
tir_141727,tir
trn_141560,trn
bcq_116249,bcq
sxb_188296,sxb
mip_37612,mip
crc_172459,crc
bgp_81139,bgp
kaa_47579,kaa
kht_217956,kht
mcf_105889,mcf
sgr_180091,sgr
sda_57335,sda
mjg_05366,mjg
npi_30328,npi
zik_18706,zik
nyy_69820,nyy
pah_89077,pah
kzf_58094,kzf
wsa_84859,wsa
pmi_149580,pmi
tgl_13004,tgl
lif_01677,lif
srq_216775,srq
hut_149948,hut
poc_170417,poc
oyb_74377,oyb
soq_131555,soq
tem_161386,tem
tir_141816,tir
dks_72901,dks
mkd_213743,mkd
mup_112699,mup
wof_78359,wof
tnp_88536,tnp
xem_115862,xem
men_202861,men
kzs_24759,kzs
pis_144131,pis
txo_84069,txo
pof_31467,pof
eng_211604,eng
lga_190665,lga
kjl_76638,kjl
jaa_154119,jaa
cmn_61812,cmn
yaa_04638,yaa
yet_195734,yet
ada_50966,ada
lkt_179551,lkt
kiw_110207,kiw
mjx_98832,mjx
wim_182330,wim
npi_30197,npi
guj_127296,guj
bqh_137170,bqh
mmm_144434,mmm
twh_193432,twh
pfe_116785,pfe
kyf_03414,kyf
rao_68900,rao
lgr_130716,lgr
por_95224,por
thf_157859,thf
kls_136764,kls
rej_97111,rej
vmc_204751,vmc
mfz_135259,mfz
twe_118156,twe
pmy_165623,pmy
trp_95509,trp
spa_131046,spa
heg_219861,heg
tbo_218624,tbo
nxq_08780,nxq
kru_199549,kru
wms_81574,wms
dub_34248,dub
mak_188836,mak
qvi_94866,qvi
kbz_189585,kbz
brx_53108,brx
pwm_170636,pwm
kji_101730,kji
ble_121123,ble
mar_100198,mar
mak_188866,mak
cce_60178,cce
wbb_135171,wbb
gug_14557,gug
ahk_18668,ahk
bqr_187714,bqr
pud_96463,pud
qud_07200,qud
vmc_204752,vmc
knl_129038,knl
dzg_91441,dzg
mfv_86667,mfv
kbp_211198,kbp
por_66360,por
bjg_69113,bjg
gun_202298,gun
hin_29475,hin
npi_19983,npi
wlc_15420,wlc
xkt_117002,xkt
tee_191456,tee
mni_175285,mni
pbp_24847,pbp
kdh_124665,kdh
lri_39025,lri
hat_68124,hat
ble_212750,ble
ybb_80931,ybb
ntj_209314,ntj
mkw_180872,mkw
cbn_175614,cbn
fuf_180399,fuf
pri_134191,pri
spp_114261,spp
zab_25596,zab
ngc_34678,ngc
kra_108583,kra
lef_96322,lef
pan_71749,pan
prs_44010,prs
bvd_129410,bvd
deu_71190,deu
llg_132213,llg
eky_29906,eky
rol_153206,rol
ssn_187539,ssn
mwn_06617,mwn
ymm_40824,ymm
bhb_165197,bhb
mks_126279,mks
btm_172934,btm
sky_102265,sky
lus_161576,lus
fli_147604,fli
mcn_53637,mcn
vor_177809,vor
tdx_113111,tdx
bfb_51849,bfb
grd_156043,grd
mho_104006,mho
jmr_149071,jmr
ghr_134676,ghr
pht_45483,pht
cof_49663,cof
nyf_173215,nyf
kmu_38533,kmu
obo_114105,obo
lag_181448,lag
eng_42911,eng
beh_105230,beh
mlu_219542,mlu
txu_94293,txu
acz_137978,acz
cjm_75395,cjm
gog_74893,gog
bum_79506,bum
kij_204829,kij
tlr_156450,tlr
dao_215145,dao
ktb_30413,ktb
ayr_187940,ayr
asc_201242,asc
rgs_160227,rgs
dww_51416,dww
orc_128262,orc
pcf_127440,pcf
tob_132792,tob
ptu_21740,ptu
loz_108344,loz
sat_70527,sat
aix_09214,aix
emk_111907,emk
gno_02666,gno
tbf_209576,tbf
yka_215470,yka
csh_42088,csh
gdr_121822,gdr
tgl_13192,tgl
xho_175959,xho
kps_19416,kps
mgc_199137,mgc
som_100514,som
ekg_135789,ekg
gjn_146117,gjn
ldi_212425,ldi
asm_137878,asm
wme_140183,wme
teo_142711,teo
Zambia_109367,Zambia
umb_192927,umb
cna_156880,cna
lbx_77005,lbx
tir_141729,tir
qvo_187825,qvo
gdn_177389,gdn
tam_82383,tam
qvm_154912,qvm
ktz_18857,ktz
zik_11178,zik
yom_153926,yom
raw_102706,raw
kwf_103823,kwf
stt_55041,stt
skg_64130,skg
guk_72885,guk
lin_36269,lin
jra_188708,jra
yom_153923,yom
mlw_168219,mlw
vaa_77176,vaa
gvr_29149,gvr
mim_83755,mim
mfh_135859,mfh
bgz_176289,bgz
tdx_113176,tdx
ddn_143619,ddn
snm_209613,snm
por_66351,por
tba_91509,tba
mwn_06710,mwn
dhg_151525,dhg
nus_02113,nus
ibm_147659,ibm
lkt_179561,lkt
men_60828,men
emk_112067,emk
ntp_21107,ntp
kkc_121283,kkc
aiw_111863,aiw
kff_30759,kff
new_172671,new
lme_13479,lme
age_95039,age
cao_197180,cao
spn_25192,spn
gvo_28520,gvo
orc_50391,orc
sun_86863,sun
mwn_06776,mwn
aeu_119989,aeu
gue_169502,gue
der_43624,der
bqh_137161,bqh
fub_215031,fub
sgb_14060,sgb
kam_75823,kam
taq_195142,taq
pes_145855,pes
mfv_86693,mfv
mwc_128885,mwc
<unk>_129614,<unk>
bcc_200620,bcc
kgk_26186,kgk
blk_119775,blk
kwl_204069,kwl
liw_164675,liw
pof_31539,pof
mzq_91473,mzq
dje_77542,dje
kge_04715,kge
pbu_184539,pbu
saq_97364,saq
nxk_188794,nxk
mxb_72278,mxb
eng_136943,eng
kdj_16812,kdj
kin_120827,kin
srx_126705,srx
srq_216903,srq
aui_40332,aui
gdb_13327,gdb
dyu_208826,dyu
ptu_34318,ptu
fuc_68804,fuc
sru_155820,sru
mjz_89657,mjz
bru_164997,bru
hye_218163,hye
kno_82660,kno
bqr_187698,bqr
mar_100211,mar
swh_67186,swh
gaa_193553,gaa
bis_61211,bis
kcg_93987,kcg
nfd_142197,nfd
srp_10864,srp
mxt_204555,mxt
mle_187349,mle
stt_72689,stt
ven_212168,ven
tuo_105104,tuo
tnv_141089,tnv
trp_163621,trp
sey_26293,sey
quz_216338,quz
soq_131686,soq
jav_108112,jav
spa_131052,spa
bxh_17903,bxh
bfu_169306,bfu
kcg_91154,kcg
dgc_180031,dgc
wod_131967,wod
aad_107024,aad
ayi_07833,ayi
mkn_111100,mkn
pov_171443,pov
fub_162170,fub
urk_177993,urk
fra_190201,fra
orc_128426,orc
nmb_49243,nmb
mwq_30534,mwq
ces_183277,ces
age_206096,age
mgo_21847,mgo
fuh_133315,fuh
roo_49184,roo
cmn_61755,cmn
khg_24788,khg
hts_58540,hts
bod_153734,bod
pan_55326,pan
xte_86349,xte
kwo_100181,kwo
zmp_178754,zmp
agg_162641,agg
ben_125427,ben
moj_81257,moj
saq_122436,saq
ben_125835,ben
bgr_63928,bgr
wme_140348,wme
coh_152388,coh
tam_82542,tam
eng_194377,eng
khz_75516,khz
swj_46614,swj
nyf_173179,nyf
eng_43220,eng
lot_87892,lot
acu_32616,acu
wbl_122266,wbl
cbn_175606,cbn
sui_110111,sui
tuk_93402,tuk
swh_67188,swh
men_61003,men
bwi_127510,bwi
kha_112255,kha
dde_199359,dde
tpu_158539,tpu
sjb_136263,sjb
qxu_32044,qxu
zpr_177838,zpr
pex_110681,pex
kxf_134359,kxf
fuc_111585,fuc
lif_01684,lif
ywl_118496,ywl
kjc_01111,kjc
fuh_133148,fuh
auc_174247,auc
guj_189137,guj
pjt_56339,pjt
mki_110930,mki
nij_97740,nij
plt_169081,plt
aui_40435,aui
grt_74987,grt
mui_154504,mui
ksw_36463,ksw
tdh_122958,tdh
cmn_28057,cmn
mse_37393,mse
prm_64045,prm
jnd_194440,jnd
tnv_141090,tnv
lbf_19576,lbf
sun_86824,sun
ncm_189761,ncm
tmn_122273,tmn
qwh_130402,qwh
sfw_125248,sfw
cta_105186,cta
ind_186603,ind
nst_87483,nst
bui_11904,bui
grv_164878,grv
cul_164501,cul
mor_217173,mor
mvv_07652,mvv
thf_158329,thf
aiw_111767,aiw
bsh_83381,bsh
vag_154336,vag
ben_125382,ben
tpi_48910,tpi
trn_141681,trn
tke_123182,tke
swh_219140,swh
lue_166534,lue
mkd_213322,mkd
swp_137533,swp
gjk_22387,gjk
teo_142607,teo
zap_211039,zap
tww_121965,tww
bab_103711,bab
dka_54601,dka
agg_162644,agg
bvc_73230,bvc
ctu_18592,ctu
nhr_144883,nhr
fij_183547,fij
lag_181394,lag
grt_105513,grt
ggw_124084,ggw
prm_64081,prm
hye_218090,hye
acq_210403,acq
lkn_122073,lkn
eip_178833,eip
tqo_96357,tqo
lue_166567,lue
wtm_72178,wtm
cfm_220795,cfm
tuy_27251,tuy
sck_115391,sck
gdb_13353,gdb
ind_186790,ind
mjw_175396,mjw
