utt_id,maya,spanish,spk_id,start,end
c5EgkTbau2o_0000,baach,chachalaca,spk_001,00:00:22.550,00:00:24.450
c5EgkTbau2o_0001,chiich,abuela,spk_001,00:00:26.450,00:00:28.250
c5EgkTbau2o_0002,ch'íich',pájaro,spk_001,00:00:29.750,00:00:31.350
c5EgkTbau2o_0003,ja',agua,spk_001,00:00:32.450,00:00:33.550
c5EgkTbau2o_0004,kool,milpa,spk_001,00:00:35.350,00:00:37.050
c5EgkTbau2o_0005,k'i'ik',sangre,spk_001,00:00:38.250,00:00:39.900
c5EgkTbau2o_0006,luuk',lodo,spk_001,00:00:41.250,00:00:42.950
c5EgkTbau2o_0007,míis,escoba,spk_001,00:00:44.450,00:00:46.450
c5EgkTbau2o_0008,nool,abuelo,spk_001,00:00:47.350,00:00:49.250
c5EgkTbau2o_0009,pool,cabeza,spk_001,00:00:50.950,00:00:52.750
c5EgkTbau2o_0010,p'aak,tomate,spk_001,00:00:54.250,00:00:56.450
c5EgkTbau2o_0011,turix,libélula,spk_001,00:00:57.450,00:00:59.450
c5EgkTbau2o_0012,sojol,hojarasca,spk_001,00:01:00.450,00:01:02.150
c5EgkTbau2o_0013,teen,yo,spk_001,00:01:03.250,00:01:05.450
c5EgkTbau2o_0014,t'uuch,zorongo,spk_001,00:01:06.350,00:01:08.450
c5EgkTbau2o_0015,tsaats,grasa,spk_001,00:01:09.550,00:01:11.450
c5EgkTbau2o_0016,ts'aak,medicina,spk_001,00:01:12.450,00:01:14.250
c5EgkTbau2o_0017,waaj,tortilla,spk_001,00:01:15.550,00:01:17.450
c5EgkTbau2o_0018,xamach,comal,spk_001,00:01:18.650,00:01:20.650
c5EgkTbau2o_0019,yúuntun,honda,spk_001,00:01:21.500,00:01:23.250
c5EgkTbau2o_0020,atan,esposa,spk_001,00:01:36.050,00:01:37.850
c5EgkTbau2o_0021,maak,tapa,spk_001,00:01:39.450,00:01:41.150
c5EgkTbau2o_0022,máak,persona,spk_001,00:01:42.450,00:01:44.050
c5EgkTbau2o_0023,sa',atole,spk_001,00:01:44.770,00:01:46.250
c5EgkTbau2o_0024,ja'an,yerno,spk_001,00:01:48.050,00:01:49.450
c5EgkTbau2o_0025,nej,cola,spk_001,00:01:50.550,00:01:52.050
c5EgkTbau2o_0026,peek',perro,spk_001,00:01:53.750,00:01:55.050
c5EgkTbau2o_0027,néen,espejo,spk_001,00:01:56.950,00:01:58.450
c5EgkTbau2o_0028,je',huevo,spk_001,00:01:59.450,00:02:00.850
c5EgkTbau2o_0029,se'en,tos,spk_001,00:02:02.950,00:02:04.450
c5EgkTbau2o_0030,ilib,nuera,spk_001,00:02:05.950,00:02:07.250
c5EgkTbau2o_0031,k'iin,sol,spk_001,00:02:08.750,00:02:10.350
c5EgkTbau2o_0032,íicham,esposo,spk_001,00:02:11.650,00:02:13.150
c5EgkTbau2o_0033,k'ali',perico,spk_001,00:02:15.250,00:02:16.550
c5EgkTbau2o_0034,k'i'ix,espina,spk_001,00:02:18.050,00:02:19.850
c5EgkTbau2o_0035,koj,diente,spk_001,00:02:21.250,00:02:22.550
c5EgkTbau2o_0036,ch'oom,zopilote,spk_001,00:02:24.400,00:02:25.950
c5EgkTbau2o_0037,sóol,cáscara,spk_001,00:02:27.250,00:02:28.950
c5EgkTbau2o_0038,ch'o',ratón,spk_001,00:02:30.450,00:02:31.550
c5EgkTbau2o_0039,to'on,nosotros,spk_001,00:02:33.050,00:02:34.550
c5EgkTbau2o_0040,uj,luna,spk_001,00:02:36.250,00:02:37.450
c5EgkTbau2o_0041,yuum,padre,spk_001,00:02:39.150,00:02:40.850
c5EgkTbau2o_0042,úulum,pavo,spk_001,00:02:42.150,00:02:43.650
c5EgkTbau2o_0043,k'u',nido,spk_001,00:02:45.250,00:02:46.450
c5EgkTbau2o_0044,k'u'k'um,pluma,spk_001,00:02:47.900,00:02:49.650
VSC-pggBf2Y_0000,chak,rojo,spk_002,00:02:11.350,00:02:12.950
VSC-pggBf2Y_0001,cháak,lluvia,spk_002,00:03:26.450,00:03:27.850
VSC-pggBf2Y_0002,sak,blanco,spk_002,00:04:10.950,00:04:11.950
VSC-pggBf2Y_0003,saak',comezón,spk_002,00:04:42.950,00:04:44.350
VSC-pggBf2Y_0004,sáak',langosta,spk_002,00:04:47.050,00:04:48.450
VSC-pggBf2Y_0005,saktal,blanquear,spk_002,00:05:46.650,00:05:48.150
VSC-pggBf2Y_0006,boox,negro,spk_002,00:06:01.050,00:06:02.450
VSC-pggBf2Y_0007,lela' juntúul box peek',este es un perro negro,spk_002,00:07:00.750,00:07:02.600
VSC-pggBf2Y_0008,k'an,amarillo,spk_002,00:07:38.750,00:07:39.450
VSC-pggBf2Y_0009,k'ank'an,amarillo,spk_002,00:07:42.000,00:07:43.250
VSC-pggBf2Y_0010,kan,cuatro,spk_002,00:08:08.400,00:08:09.650
VSC-pggBf2Y_0011,kaan,serpiente,spk_002,00:08:12.450,00:08:13.750
VSC-pggBf2Y_0012,ka'an,cielo,spk_002,00:08:18.150,00:08:19.350
VSC-pggBf2Y_0013,k'a'am,fuerte,spk_002,00:08:21.850,00:08:23.050
VSC-pggBf2Y_0014,k'áan,hamaca,spk_002,00:08:24.750,00:08:25.700
VSC-pggBf2Y_0015,ya'ax,verde,spk_002,00:09:01.350,00:09:03.050
VSC-pggBf2Y_0016,yáax,primero,spk_002,00:09:35.100,00:09:36.300
VSC-pggBf2Y_0017,ya'axche,ceiba,spk_002,00:10:06.250,00:10:07.330
VSC-pggBf2Y_0018,ch'ooj,azul,spk_002,00:11:16.750,00:11:17.750
VSC-pggBf2Y_0019,chak k'an,naranja,spk_002,00:12:48.150,00:12:49.300
VSC-pggBf2Y_0020,sam chak,rosa,spk_002,00:13:28.650,00:13:29.750
VSC-pggBf2Y_0021,samal chak,rosa,spk_002,00:13:29.950,00:13:31.650
VSC-pggBf2Y_0022,ba'ax lelo'oba',¿qué son estos?,spk_002,00:24:20.950,00:24:23.050
VSC-pggBf2Y_0023,bix u boonil,¿de qué color es?,spk_002,00:25:52.400,00:25:53.650
VSC-pggBf2Y_0024,bix u boonilo'ob,¿de qué color son?,spk_002,00:26:12.750,00:26:15.050
cKlAnBXWBcg_0000,wíinkilal,cuerpo,spk_002,00:00:05.750,00:00:08.150
cKlAnBXWBcg_0001,pool,cabeza,spk_002,00:00:10.350,00:00:12.450
cKlAnBXWBcg_0002,jo'ol,cabeza,spk_002,00:00:13.250,00:00:15.450
cKlAnBXWBcg_0003,tso'otsel pool,cabello,spk_002,00:00:19.950,00:00:22.550
cKlAnBXWBcg_0004,chúuch kaal,cerviz,spk_002,00:00:26.950,00:00:29.550
cKlAnBXWBcg_0005,kaal,cuello,spk_002,00:00:34.850,00:00:36.950
cKlAnBXWBcg_0006,keléembal,hombro,spk_002,00:00:41.950,00:00:44.250
cKlAnBXWBcg_0007,tseem,pecho,spk_002,00:00:49.950,00:00:51.950
cKlAnBXWBcg_0008,muuk' k'ab,bíceps,spk_002,00:00:57.450,00:00:59.650
cKlAnBXWBcg_0009,k'ab,brazo,spk_002,00:01:05.349,00:01:07.050
cKlAnBXWBcg_0010,iim,seno,spk_002,00:01:13.850,00:01:15.750
cKlAnBXWBcg_0011,chuuchu',seno,spk_002,00:01:17.650,00:01:19.550
cKlAnBXWBcg_0012,pool iim,pezón,spk_002,00:01:26.050,00:01:28.550
cKlAnBXWBcg_0013,tso'otsel tseem,vellos del pecho,spk_002,00:01:34.150,00:01:36.650
cKlAnBXWBcg_0014,tso'otsel xiik',vellos de la axila,spk_002,00:01:42.850,00:01:45.450
cKlAnBXWBcg_0015,xiik',axila,spk_002,00:01:51.550,00:01:53.750
cKlAnBXWBcg_0016,nak',barriga,spk_002,00:02:02.250,00:02:04.150
cKlAnBXWBcg_0017,paach,espalda,spk_002,00:02:11.250,00:02:13.250
cKlAnBXWBcg_0018,pu'uch,espalda,spk_002,00:02:14.650,00:02:16.550
cKlAnBXWBcg_0019,báat k'ab,omóplato,spk_002,00:02:25.750,00:02:28.150
cKlAnBXWBcg_0020,t'o'olol paach,columna vertebral,spk_002,00:02:34.000,00:02:36.750
cKlAnBXWBcg_0021,tuuch,ombligo,spk_002,00:02:42.500,00:02:44.550
cKlAnBXWBcg_0022,chuun nak',comienzo inferior del abdomen,spk_002,00:02:50.150,00:02:52.050
cKlAnBXWBcg_0023,kúuk,codo,spk_002,00:02:57.900,00:02:59.650
cKlAnBXWBcg_0024,t'e'et',cadera,spk_002,00:03:04.600,00:03:06.350
cKlAnBXWBcg_0025,kaal k'ab,muñeca de la mano,spk_002,00:03:11.050,00:03:13.050
cKlAnBXWBcg_0026,táan k'ab,palma de la mano,spk_002,00:03:18.950,00:03:20.950
cKlAnBXWBcg_0027,ch'ilbil k'ab,dedos de la mano,spk_002,00:03:26.850,00:03:29.150
cKlAnBXWBcg_0028,aal k'ab,dedos de la mano,spk_002,00:03:31.050,00:03:33.150
cKlAnBXWBcg_0029,paach k'ab,dorso de la mano,spk_002,00:03:38.350,00:03:40.450
cKlAnBXWBcg_0030,u maamail k'ab,pulgar,spk_002,00:03:45.750,00:03:48.250
cKlAnBXWBcg_0031,tuuch'ub,dedo índice,spk_002,00:03:56.350,00:03:58.250
cKlAnBXWBcg_0032,chúumukil,dedo medio,spk_002,00:04:03.650,00:04:05.850
cKlAnBXWBcg_0033,ts'ipit,dedo anular,spk_002,00:04:10.850,00:04:12.750
cKlAnBXWBcg_0034,t'uup,dedo meñique,spk_002,00:04:18.250,00:04:20.149
cKlAnBXWBcg_0035,íich'ak,uña,spk_002,00:04:25.450,00:04:27.250
cKlAnBXWBcg_0036,oot',piel,spk_002,00:04:32.250,00:04:34.450
cKlAnBXWBcg_0037,tso'ots,pelo,spk_002,00:04:39.150,00:04:40.950
cKlAnBXWBcg_0038,bak'el iit,glúteo,spk_002,00:04:46.050,00:04:48.750
cKlAnBXWBcg_0039,p'u'uk iit,glúteo,spk_002,00:04:51.050,00:04:53.250
cKlAnBXWBcg_0040,muuk' ook,muslo,spk_002,00:04:58.750,00:05:01.250
cKlAnBXWBcg_0041,t'óon,pantorrilla,spk_002,00:05:11.850,00:05:13.850
cKlAnBXWBcg_0042,p'úulil ook,pantorrilla,spk_002,00:05:15.750,00:05:18.250
cKlAnBXWBcg_0043,tselek,canilla,spk_002,00:05:24.950,00:05:26.550
cKlAnBXWBcg_0044,kaal ook,tobillo,spk_002,00:05:31.550,00:05:34.050
cKlAnBXWBcg_0045,tu'uk' ook,tobillo,spk_002,00:05:36.550,00:05:38.850
cKlAnBXWBcg_0046,ook,pie,spk_002,00:05:44.850,00:05:46.550
cKlAnBXWBcg_0047,paach ook,empeine,spk_002,00:05:51.850,00:05:54.200
cKlAnBXWBcg_0048,ch'ilbil ook,dedos del pie,spk_002,00:05:59.150,00:06:01.450
cKlAnBXWBcg_0049,aak ook,dedos del pie,spk_002,00:06:04.550,00:06:06.950
cKlAnBXWBcg_0050,táan ook,planta del pie,spk_002,00:06:12.350,00:06:14.550
cKlAnBXWBcg_0051,tuunkuy,talón del pie,spk_002,00:06:19.750,00:06:21.750
cKlAnBXWBcg_0052,táan ich,cara,spk_002,00:06:26.950,00:06:28.950
cKlAnBXWBcg_0053,ich,cara,spk_002,00:06:31.300,00:06:32.850
cKlAnBXWBcg_0054,xikin,oreja,spk_002,00:06:38.150,00:06:40.250
cKlAnBXWBcg_0055,le' xikin,pabellón de la oreja,spk_002,00:06:44.850,00:06:47.350
cKlAnBXWBcg_0056,táan pool,frente,spk_002,00:06:53.350,00:06:55.650
cKlAnBXWBcg_0057,táan jo'ol,frente,spk_002,00:06:57.550,00:06:59.750
cKlAnBXWBcg_0058,táan ich,frente,spk_002,00:07:01.350,00:07:03.450
cKlAnBXWBcg_0059,móojton,ceja,spk_002,00:07:10.250,00:07:12.450
cKlAnBXWBcg_0060,sóol ich,párpado,spk_002,00:07:17.350,00:07:19.650
cKlAnBXWBcg_0061,máatsab,pestaña,spk_002,00:07:24.850,00:07:26.850
cKlAnBXWBcg_0062,ich,ojo,spk_002,00:07:32.230,00:07:33.850
cKlAnBXWBcg_0063,ni',nariz,spk_002,00:07:38.700,00:07:40.250
cKlAnBXWBcg_0064,me'ex,barba,spk_002,00:07:45.200,00:07:47.350
cKlAnBXWBcg_0065,jool ni',fosas nasales,spk_002,00:07:51.850,00:07:54.150
cKlAnBXWBcg_0066,p'u'uk,mejilla,spk_002,00:07:58.950,00:08:01.050
cKlAnBXWBcg_0067,chi',boca,spk_002,00:08:06.300,00:08:07.750
cKlAnBXWBcg_0068,booxel chi',labio,spk_002,00:08:13.350,00:08:15.650
cKlAnBXWBcg_0069,koj,diente,spk_002,00:08:20.750,00:08:22.250
cKlAnBXWBcg_0070,aak',lengua,spk_002,00:08:27.600,00:08:29.450
cKlAnBXWBcg_0071,tuux,hoyuelo,spk_002,00:08:34.250,00:08:36.150
cKlAnBXWBcg_0072,kama'ach,quijada,spk_002,00:08:41.450,00:08:43.450
cKlAnBXWBcg_0073,no'och',barbilla,spk_002,00:08:48.550,00:08:50.550
cKlAnBXWBcg_0074,neek' ich,pupila,spk_002,00:08:56.050,00:08:58.450
cKlAnBXWBcg_0075,suuy,remolino de la cabeza,spk_002,00:09:04.150,00:09:06.250
cKlAnBXWBcg_0076,aax,verruga,spk_002,00:09:12.950,00:09:14.850
J2egflaIFzk_0000,máaxen,¿quién soy?,spk_002,00:00:04.150,00:00:05.950
J2egflaIFzk_0001,bix a k'aaba',¿cómo te llamas?,spk_002,00:00:11.750,00:00:14.450
J2egflaIFzk_0002,tu'ux síijech,¿dónde naciste?,spk_002,00:00:47.500,00:00:49.750
J2egflaIFzk_0003,tu'ux a kaajal,¿de dónde eres?,spk_002,00:01:16.300,00:01:18.450
J2egflaIFzk_0004,tu'ux a taal,¿de dónde vienes?,spk_002,00:01:50.750,00:01:52.650
J2egflaIFzk_0005,tu'ux ka yantal,¿dónde vives?,spk_002,00:02:21.950,00:02:24.300
J2egflaIFzk_0006,tu'uxilech,¿de dónde eres?,spk_002,00:03:08.650,00:03:10.550
J2egflaIFzk_0007,wayileche',¿eres de aquí?,spk_002,00:03:35.500,00:03:37.500
J2egflaIFzk_0008,jayp'éel ja'ab yaan tech',¿cuántos años tienes?,spk_002,00:04:06.750,00:04:09.550
J2egflaIFzk_0009,ba'ax t'aanil a woojel,¿qué lengua hablas?,spk_002,00:04:39.250,00:04:42.450
J2egflaIFzk_0010,a woojel maaya,¿sabes maya?,spk_002,00:05:21.750,00:05:24.150
J2egflaIFzk_0011,in woojel maaya,sé maya,spk_002,00:05:32.050,00:05:34.450
J2egflaIFzk_0012,kin na'atik,si entiendo,spk_002,00:06:05.550,00:06:07.450
J2egflaIFzk_0013,ma',no,spk_002,00:06:10.250,00:06:11.550
J2egflaIFzk_0014,mix táan in na'atik,no entiend,spk_002,00:06:15.150,00:06:17.650
J2egflaIFzk_0015,ka t'anik maaya,¿hablas maya?,spk_002,00:06:24.650,00:06:27.150
J2egflaIFzk_0016,kin t'anik,si hablo,spk_002,00:06:36.150,00:06:37.850
J2egflaIFzk_0017,yaan a patk'aaba',¿tienes apodo?,spk_002,00:06:48.450,00:06:51.150
J2egflaIFzk_0018,bix u ya'ala'al tech,¿cómo te dicen?,spk_002,00:07:21.650,00:07:24.450
J2egflaIFzk_0019,ka meyaj,¿trabajas?,spk_002,00:07:43.550,00:07:45.250
J2egflaIFzk_0020,kin meyaj,si trabajo,spk_002,00:07:54.650,00:07:56.350
J2egflaIFzk_0021,chéen xoknáalen,soy estudiante,spk_002,00:08:02.850,00:08:05.250
J2egflaIFzk_0022,ba'ax meyajil ka meetik,¿qué trabajo haces?,spk_002,00:08:02.850,00:08:05.250
J2egflaIFzk_0023,jka'ansajen,soy maestro,spk_002,00:08:24.050,00:08:25.950
J2egflaIFzk_0024,mix táan in meyaj,no estoy trabajando,spk_002,00:08:30.750,00:08:33.249
J2egflaIFzk_0025,yaan,si,spk_002,00:08:50.420,00:08:52.150
J2egflaIFzk_0026,mina'an,no,spk_002,00:08:56.550,00:08:58.350
J2egflaIFzk_0027,ts'oka'an a beel,¿estás casado?,spk_002,00:09:04.200,00:09:06.750
J2egflaIFzk_0028,ts'oka'an in beel,estoy casado,spk_002,00:09:16.250,00:09:18.950
J2egflaIFzk_0029,mix ts'oka'an in beeli',no estoy casado,spk_002,00:09:25.750,00:09:28.850
J2egflaIFzk_0030,ba'ax ka xokik,¿qué estudias?,spk_002,00:09:34.550,00:09:36.950
J2egflaIFzk_0031,mix táan in xook,no estoy estudiando,spk_002,00:09:53.900,00:09:56.500
6STut51VHVU_0000,áakach,tábano,spk_003,00:00:14.870,00:00:16.050
6STut51VHVU_0001,áayim,cocodrilo,spk_004,00:00:19.250,00:00:20.550
6STut51VHVU_0002,baach,chachalaca,spk_003,00:00:24.400,00:00:25.750
6STut51VHVU_0003,báalam,jaguar,spk_004,00:00:29.950,00:00:31.550
6STut51VHVU_0004,baj,tusa,spk_003,00:00:35.200,00:00:36.550
6STut51VHVU_0005,ch'ejun,pájaro carpintero,spk_004,00:00:40.500,00:00:42.050
6STut51VHVU_0006,ch'ik,pulga,spk_003,00:00:46.500,00:00:47.750
6STut51VHVU_0007,ch'och'lim,zigarra,spk_004,00:00:51.350,00:00:52.950
6STut51VHVU_0008,ch'omak,zorro,spk_003,00:00:56.550,00:00:57.950
6STut51VHVU_0009,ch'amak,zorra,spk_003,00:00:57.650,00:00:58.850
6STut51VHVU_0010,chab,oso hormiguero,spk_004,00:01:03.100,00:01:04.349
6STut51VHVU_0011,chakts'íits'ib,cardenal,spk_003,00:01:08.650,00:01:10.450
6STut51VHVU_0012,chiiwol,tarántula,spk_004,00:01:14.350,00:01:15.850
6STut51VHVU_0013,chimes,cien pies,spk_003,00:01:19.750,00:01:21.350
6STut51VHVU_0014,i',gavilán,spk_004,00:01:25.280,00:01:26.450
6STut51VHVU_0015,k'áambul,faisal,spk_003,00:01:30.400,00:01:32.120
6STut51VHVU_0016,k'éek'en,cerdo,spk_004,00:01:35.950,00:01:37.550
6STut51VHVU_0017,k'i'ix paach ooch,puercoespín,spk_003,00:01:41.150,00:01:43.360
6STut51VHVU_0018,k'ili',perico,spk_004,00:01:47.400,00:01:48.890
6STut51VHVU_0019,k'oxol,mosco,spk_003,00:01:53.050,00:01:54.450
6STut51VHVU_0020,k'uuruch,cucaracha,spk_004,00:01:58.150,00:01:59.650
6STut51VHVU_0021,kaan,víbora,spk_003,00:02:03.650,00:02:04.950
6STut51VHVU_0022,kaax,gallina,spk_004,00:02:08.949,00:02:10.300
6STut51VHVU_0023,kéej,venado,spk_003,00:02:14.050,00:02:15.350
6STut51VHVU_0024,kisay,escarabajo,spk_004,00:02:18.850,00:02:20.550
6STut51VHVU_0025,kitam,jabalí,spk_003,00:02:24.650,00:02:26.000
6STut51VHVU_0026,koj,puma,spk_004,00:02:29.900,00:02:31.350
6STut51VHVU_0027,kóokay,luciérnaga,spk_003,00:02:35.150,00:02:36.500
6STut51VHVU_0028,kosom,golondrina,spk_004,00:02:40.350,00:02:42.050
6STut51VHVU_0029,kusam,golondrina,spk_004,00:02:41.550,00:02:42.950
6STut51VHVU_0030,ku'uk,ardilla,spk_003,00:02:46.550,00:02:47.950
6STut51VHVU_0031,kuuts ja',pato,spk_004,00:02:51.780,00:02:53.650
6STut51VHVU_0032,lúukumkaan,lombriz de tierra,spk_003,00:02:57.200,00:02:58.950
6STut51VHVU_0033,máas,grillo,spk_004,00:03:03.200,00:03:04.850
6STut51VHVU_0034,miis,gato,spk_003,00:03:08.650,00:03:10.150
6STut51VHVU_0035,mo',guacamalla,spk_004,00:03:13.800,00:03:15.250
6STut51VHVU_0036,muuch,rana,spk_003,00:03:19.450,00:03:20.850
6STut51VHVU_0037,peech,garrapata,spk_004,00:03:24.450,00:03:25.850
6STut51VHVU_0038,peek',perro,spk_003,00:03:29.900,00:03:31.350
6STut51VHVU_0039,péepen,mariposa,spk_004,00:03:34.950,00:03:36.300
6STut51VHVU_0040,síinik,hormiga,spk_003,00:03:40.300,00:03:41.850
6STut51VHVU_0041,soots',murciélago,spk_004,00:03:45.650,00:03:47.250
6STut51VHVU_0042,t'eel,gallo,spk_003,00:03:51.350,00:03:52.850
6STut51VHVU_0043,t'u'ul,conejo,spk_004,00:03:56.550,00:03:57.950
6STut51VHVU_0044,taman,borrego,spk_003,00:04:02.150,00:04:03.650
6STut51VHVU_0045,tooj,pájaro reloj,spk_004,00:04:07.650,00:04:09.190
6STut51VHVU_0046,ts'aajwayak',mantis religiosa,spk_003,00:04:14.500,00:04:16.300
6STut51VHVU_0047,tsíimin,caballo,spk_004,00:04:20.949,00:04:22.850
6STut51VHVU_0048,tso',pavo,spk_003,00:04:26.410,00:04:27.650
6STut51VHVU_0049,turix,libélula,spk_004,00:04:31.650,00:04:33.150
6STut51VHVU_0050,uk',piojo,spk_003,00:04:37.150,00:04:38.400
6STut51VHVU_0051,wech lu'um,cochinilla,spk_004,00:04:42.550,00:04:44.450
6STut51VHVU_0052,xooch',lechuza,spk_003,00:04:48.750,00:04:50.250
6STut51VHVU_0053,ya'axkach,lechuza,spk_004,00:04:54.250,00:04:56.150
6STut51VHVU_0054,yik'el kaab,abeja,spk_003,00:04:59.950,00:05:01.750
6STut51VHVU_0055,yúuyum,oropéndola,spk_004,00:05:05.650,00:05:07.250
qC4slX0zprw_0000,le missa',este gato,spk_002,00:05:40.150,00:05:42.950
qC4slX0zprw_0001,le misso',ese gato,spk_002,00:06:35.350,00:06:37.850
qC4slX0zprw_0002,le che'obo',esos árboles,spk_002,00:10:14.750,00:10:16.050
qC4slX0zprw_0003,le peek'o'oba',estos perros,spk_002,00:13:56.750,00:13:58.350
qC4slX0zprw_0004,in ti'al,mío,spk_002,00:20:05.650,00:20:07.150
qC4slX0zprw_0005,a ti'al,tuyo,spk_002,00:20:20.250,00:20:21.250
qC4slX0zprw_0006,u ti'al,suyo,spk_002,00:25:01.350,00:25:02.450
qC4slX0zprw_0007,le leeko' a ti'ale'ex,ese tortillero es de ustedes,spk_002,00:32:35.420,00:32:37.900
qC4slX0zprw_0008,a ti'ale'ex,son suyos,spk_002,00:34:46.699,00:34:47.958
qC4slX0zprw_0009,le ka'ap'éel leek'a,estos dos tortilleros,spk_002,00:34:47.858,00:34:49.800
qC4slX0zprw_0010,le t'eelo'obo',esos gallos,spk_002,00:36:26.400,00:36:27.900
qC4slX0zprw_0011,u ti'alo'ob,son suyos,spk_002,00:36:27.800,00:36:28.600
qC4slX0zprw_0012,le kaaxo'oba',estas gallinas,spk_002,00:36:34.700,00:36:36.900
qC4slX0zprw_0013,a ti'al,son tuyas,spk_002,00:36:37.050,00:36:38.350
qC4slX0zprw_0014,le p'aako',ese tomate,spk_002,00:36:59.750,00:37:01.450
qC4slX0zprw_0015,in ti'alo'on,es nuestro,spk_002,00:37:01.450,00:37:02.900
qC4slX0zprw_0016,in ti'al le ju'una',es mío este papel,spk_002,00:37:05.200,00:37:07.350
qC4slX0zprw_0017,le,esos,spk_002,00:37:14.100,00:37:14.800
qC4slX0zprw_0018,wakaxo',vacas,spk_002,00:37:14.900,00:37:16.150
qC4slX0zprw_0019,a ti'ale'ex,son de ustedes,spk_002,00:37:16.130,00:37:17.550
z_CahiwyrK4_0000,túumben kaaj,pueblo nuevo,spk_005,00:00:27.000,00:00:28.050
z_CahiwyrK4_0001,teetaane'ex,los elegidos,spk_005,00:00:27.850,00:00:29.350
z_CahiwyrK4_0002,bejla'e' tin kanik,estoy aprendiendo,spk_005,00:00:38.640,00:00:39.950
z_CahiwyrK4_0003,maayat'aan,maya yucateco,spk_005,00:00:39.850,00:00:40.600
z_CahiwyrK4_0004,ma'alob k'iin,buenos días,spk_005,00:02:53.050,00:02:54.350
z_CahiwyrK4_0005,ma'alob chíinil k'iin,buenas tardes,spk_005,00:02:55.750,00:02:57.380
z_CahiwyrK4_0006,ma'alob áak'ab,buenas noches,spk_005,00:02:58.050,00:02:59.950
z_CahiwyrK4_0007,bix a beel,¿cómo estás?,spk_005,00:03:02.140,00:03:02.750
z_CahiwyrK4_0008,ki'imak in wóol,estoy contenta,spk_005,00:03:38.150,00:03:39.750
z_CahiwyrK4_0009,ba'ax ka beetik,¿qué haces?,spk_005,00:04:08.750,00:04:09.850
z_CahiwyrK4_0010,tin meyaj,estoy trabajando,spk_005,00:04:11.500,00:04:12.850
z_CahiwyrK4_0011,bix a k'aaba',¿cómo te llamas?,spk_005,00:04:31.750,00:04:32.700
z_CahiwyrK4_0012,tu'ux a kaajal,¿de dónde eres?,spk_005,00:05:07.900,00:05:09.050
z_CahiwyrK4_0013,in kaajal,mi pueblo,spk_005,00:05:11.600,00:05:12.950
z_CahiwyrK4_0014,ni'ibóolal,gracias,spk_005,00:06:42.650,00:06:44.550
UHSQXsuiFU0_0000,jkaline',carlos,spk_001,00:00:26.750,00:00:28.050
UHSQXsuiFU0_0001,tia'an te'e kaaja',está en este pueblo,spk_001,00:00:27.850,00:00:29.650
UHSQXsuiFU0_0002,xkoonchae',concepción,spk_001,00:00:34.250,00:00:36.050
UHSQXsuiFU0_0003,tia'an te'e kaaja',está en este pueblo,spk_001,00:00:35.850,00:00:37.650
UHSQXsuiFU0_0004,in wíits'ine',mi hermanito,spk_001,00:00:42.650,00:00:44.550
UHSQXsuiFU0_0005,tia'an te'e kaaja',está en este pueblo,spk_001,00:00:44.350,00:00:46.450
oLqLnAWwI7M_0000,jo' kajakbalen,vivo en mérida,spk_001,00:00:18.450,00:00:20.550
oLqLnAWwI7M_0001,jo' kajakbalech,vives en mérida,spk_001,00:00:23.450,00:00:25.900
oLqLnAWwI7M_0002,jo' kajakbal in nool,mi abuelo vive en mérida,spk_006,00:00:39.750,00:00:42.500
oLqLnAWwI7M_0003,jo' kaja'an in chiich,mi abuela vive en mérida,spk_001,00:01:34.850,00:01:37.650
oLqLnAWwI7M_0004,jo' kaja'ano'on,vivimos en mérida,spk_006,00:01:49.450,00:01:51.950
mpMmC-vKBLE_0000,kin jóok'ol k'íiwik,salgo a la plaza,spk_001,00:00:23.350,00:00:25.150
mpMmC-vKBLE_0001,ka jóok'ol k'íiwik,sales a la plaza,spk_001,00:00:38.350,00:00:40.700
BoOhyyV7wh4_0000,a k'aj óol in wotoch,conoces mi casa,spk_001,00:03:31.550,00:03:33.850
BoOhyyV7wh4_0001,in k'aj óole'ex,los conozco a ustedes,spk_001,00:03:47.200,00:03:49.350
Nd26k5DZfRk_0000,weyilene',de aquí soy yo,spk_001,00:00:23.850,00:00:25.150
Nd26k5DZfRk_0001,weyileche',de aquí eres tú,spk_001,00:00:28.950,00:00:30.800
Nd26k5DZfRk_0002,weyile',ella es de aquí,spk_001,00:00:35.450,00:00:37.000
Nd26k5DZfRk_0003,weyilo'one',somos de aquí,spk_001,00:00:41.250,00:00:43.050
Nd26k5DZfRk_0004,weyilo'one'exe',somos de aquí,spk_001,00:00:50.150,00:00:52.350
Nd26k5DZfRk_0005,weyile'exe',son de aquí,spk_006,00:00:55.750,00:00:57.750
Nd26k5DZfRk_0006,weyilo'obe',son de aquí,spk_006,00:01:01.450,00:01:03.450
Nd26k5DZfRk_0007,tu'uxilech,¿de dónde eres?,spk_006,00:01:05.099,00:01:07.000
Nd26k5DZfRk_0008,tu'uxil,¿de dónde es?,spk_006,00:01:11.100,00:01:12.750
Nd26k5DZfRk_0009,tu'uxile'ex,¿de dónde son ustedes?,spk_006,00:01:16.950,00:01:18.950
Nd26k5DZfRk_0010,tu'uxile'ob,¿de dónde son ellos?,spk_001,00:01:23.550,00:01:25.350
Nd26k5DZfRk_0011,taalen xíimbal,vino de paseo,spk_001,00:01:29.850,00:01:32.150
Nd26k5DZfRk_0012,taalech maan,viniste de compras,spk_001,00:01:38.750,00:01:40.950
Nd26k5DZfRk_0013,taal koonol,vino a vender,spk_001,00:01:45.350,00:01:47.650
Nd26k5DZfRk_0014,taalo'on xíimbal,venimos de paseo,spk_001,00:01:52.950,00:01:54.800
Nd26k5DZfRk_0015,k'íimbila',kimbilá,spk_001,00:01:54.800,00:01:55.950
Nd26k5DZfRk_0016,taalo'one'ex xíimbal,venimos de paseo,spk_006,00:01:56.950,00:01:58.760
Nd26k5DZfRk_0017,k'íimbila',venimos de paseo,spk_006,00:01:58.720,00:01:59.750
Nd26k5DZfRk_0018,taale'ex maan íitsmal,venimos de paseo,spk_006,00:02:07.999,00:02:10.649
Nd26k5DZfRk_0019,taalo'ob koonol jo',ellos vinieron a vender a mérida,spk_006,00:02:15.550,00:02:17.950
Nd26k5DZfRk_0020,taalen in xíimbalt,vine a visitar,spk_006,00:02:23.350,00:02:24.870
Nd26k5DZfRk_0021,in chiich x máaj kaas,a mi abuela casimira,spk_006,00:02:24.880,00:02:27.150
Nd26k5DZfRk_0022,taalech a xíimbalt,vine a visitar,spk_006,00:02:29.500,00:02:31.150
Nd26k5DZfRk_0023,a láak'alal,a tus familiares,spk_006,00:02:31.150,00:02:32.550
Nd26k5DZfRk_0024,taal u xíimbalt,vino a visitar,spk_001,00:02:37.350,00:02:38.880
Nd26k5DZfRk_0025,u taata,a su papá,spk_001,00:02:38.880,00:02:39.650
Nd26k5DZfRk_0026,j beenoe',benito,spk_001,00:02:53.000,00:02:55.050
Nd26k5DZfRk_0027,taal u xíimbalt,vino a visitar,spk_001,00:02:54.600,00:02:56.000
Nd26k5DZfRk_0028,u kiik x tere,a su hermana teresa,spk_001,00:02:56.000,00:02:57.950
Nd26k5DZfRk_0029,taalo'on k xíimbalt,vinimos a visitar,spk_001,00:03:05.750,00:03:07.210
Nd26k5DZfRk_0030,a suku'un j beeto,a tu hermano alberto,spk_001,00:03:07.190,00:03:08.950
Nd26k5DZfRk_0031,taalo'on k xíimbalte'ex,vinimos a visitar,spk_001,00:03:14.950,00:03:17.010
Nd26k5DZfRk_0032,a suku'un j beeto,a tu hermano alberto,spk_001,00:03:16.950,00:03:18.850
Nd26k5DZfRk_0033,taalo'ob u xíimbalt,ellos vinieron a visitar,spk_001,00:03:36.850,00:03:38.850
Nd26k5DZfRk_0034,in wíits'in x biicha,a mi hermanita victoria,spk_001,00:03:38.850,00:03:40.850
M7uHw6gbksI_0000,tin wilaj jmaas,vi a marcelo,spk_006,00:00:37.500,00:00:40.350
M7uHw6gbksI_0001,ta wilaj xpiil,viste a felipa,spk_006,00:00:42.150,00:00:44.450
M7uHw6gbksI_0002,tsikbalnajen jun súutuk',platiqué un rato,spk_006,00:02:19.800,00:02:22.650
TMo-drqtxM_0000,bix a beel,¿cómo estás?,spk_001,00:00:27.030,00:00:28.660
TMo-drqtxM_0001,bix u beel a kiik,¿cómo está tu hermana?,spk_001,00:00:31.200,00:00:33.650
TMo-drqtxM_0002,bix a beele'ex,¿cómo están ustedes?,spk_006,00:00:39.600,00:00:41.850
TMo-drqtxM_0003,bix u beelo'ob,¿cómo están ellos?,spk_006,00:00:48.750,00:00:50.700
TMo-drqtxM_0004,ki'imak in wóol in wilikech,Me da mucho gusto verte,spk_006,00:00:54.750,00:00:57.350
TMo-drqtxM_0005,ki'imak in wóol in wilike'ex,Me da gusto verles,spk_006,00:01:01.950,00:01:04.750
TMo-drqtxM_0006,tu'ux ka bin,¿a dónde vas?,spk_006,00:01:06.300,00:01:08.100
TMo-drqtxM_0007,tu'ux ku bin a wíits'in,¿a dónde va tu hermanito?,spk_001,00:01:15.150,00:01:17.500
TMo-drqtxM_0008,tu'ux ka bine'ex,¿a dónde van ustedes?,spk_001,00:01:22.200,00:01:24.350
TMo-drqtxM_0009,tu'ux ku bino'ob,¿a dónde van ellos?,spk_001,00:01:26.300,00:01:28.250
TMo-drqtxM_0010,táan in bin meyaj,estoy yendo a trabajar,spk_001,00:01:33.550,00:01:35.650
TMo-drqtxM_0011,táan a bin páak,estoy yendo a chapear,spk_001,00:01:43.100,00:01:45.450
TMo-drqtxM_0012,táan u bin juuch' xmeech,mercedes está yendo a moler,spk_006,00:01:51.400,00:01:54.150
TMo-drqtxM_0013,táan k bin xíimbal,estamos yendo a pasear,spk_006,00:02:05.550,00:02:07.950
TMo-drqtxM_0014,táan k bine'ex cha'an,nosotros y ustedes estamos yendo a ver el espectáculo,spk_006,00:02:22.300,00:02:24.750
TMo-drqtxM_0015,táan a bine'ex ts'oon,están yendo a cazar ustedes,spk_001,00:02:26.250,00:02:28.950
TMo-drqtxM_0016,táan u bino'ob si',están yendo a leñar,spk_001,00:02:46.650,00:02:48.750
TMo-drqtxM_0017,táan in wáalkab,estoy corriendo,spk_001,00:03:03.400,00:03:05.400
TMo-drqtxM_0018,táan a wáalkab,estas corriendo,spk_006,00:03:10.300,00:03:12.350
TMo-drqtxM_0019,táan k áalkab,estamos corriendo,spk_006,00:03:21.050,00:03:23.150
TMo-drqtxM_0020,táan k áalkabe'ex,nosotros y ustedes estamos corriendo,spk_006,00:03:35.650,00:03:38.150
TMo-drqtxM_0021,táan a wáalkabe'ex,ustedes están corriendo,spk_001,00:03:45.150,00:03:47.750
MEix2spzlkc_0000,bix a beel,¿cómo estás?,spk_007,00:00:30.670,00:00:31.350
MEix2spzlkc_0001,jach ma'alob,muy bien,spk_007,00:02:07.500,00:02:09.350
MEix2spzlkc_0002,ma'alob,bien,spk_007,00:02:09.850,00:02:11.550
MEix2spzlkc_0003,chan ma'alob,mas o menos,spk_007,00:02:11.750,00:02:13.650
MEix2spzlkc_0004,ma' ma'alobi',mal,spk_007,00:02:13.550,00:02:15.750
MEix2spzlkc_0005,bix anikech,¿cómo estás físicamente?,spk_007,00:02:18.100,00:02:19.350
MEix2spzlkc_0006,tooj in wóol,con sald,spk_007,00:02:29.850,00:02:31.550
MEix2spzlkc_0007,k'oja'anen,estoy enfermo,spk_007,00:02:48.350,00:02:49.650
MEix2spzlkc_0008,yaaj in pool,me duele la cabeza,spk_007,00:03:02.050,00:03:03.750
MEix2spzlkc_0009,yaaj in naak',me duele la barriga,spk_007,00:03:04.950,00:03:06.750
MEix2spzlkc_0010,táan in chokwil,tengo calentura,spk_007,00:03:08.250,00:03:10.450
MEix2spzlkc_0011,yanten se'en,tengo gripa,spk_007,00:03:11.950,00:03:13.350
MEix2spzlkc_0012,bix a wanil,¿cómo estás? (estado de ánimo),spk_007,00:03:16.960,00:03:17.660
MEix2spzlkc_0013,luba'an in wóol,estoy triste,spk_007,00:03:21.650,00:03:23.450
MEix2spzlkc_0014,ki'imak,estoy,spk_007,00:03:25.350,00:03:26.650
MEix2spzlkc_0015,in wóol,triste,spk_007,00:03:26.400,00:03:27.850
MEix2spzlkc_0016,k'uuxen,estoy triste,spk_007,00:03:30.200,00:03:31.850
MEix2spzlkc_0017,ts'íiken,estoy triste,spk_007,00:03:31.750,00:03:33.750
MEix2spzlkc_0018,p'u'ujane,estoy triste,spk_007,00:03:33.300,00:03:35.250
MEix2spzlkc_0019,ba'ax tun,¿qué hay?,spk_007,00:03:52.790,00:03:53.650
MEix2spzlkc_0020,chen beya',¿qué hay?,spk_007,00:03:59.020,00:04:00.050
MEix2spzlkc_0021,chen mixba'al,¿qué hay?,spk_007,00:04:01.600,00:04:02.650
MEix2spzlkc_0022,ma'alob,bueno,spk_007,00:04:20.160,00:04:20.849
MEix2spzlkc_0023,kanáantabaj,cuídate,spk_007,00:04:24.780,00:04:25.750
MEix2spzlkc_0024,tak samal,hasta mañana,spk_007,00:04:35.230,00:04:36.050
MEix2spzlkc_0025,tak tuláak' k'iin,hasta otro día,spk_007,00:04:41.770,00:04:42.940
MEix2spzlkc_0026,tak ka'akat,hasta al rato,spk_007,00:04:44.150,00:04:45.750
MEix2spzlkc_0027,xi'iktech uts,que te vaya bien,spk_007,00:05:12.130,00:05:13.200
ydoApQfbGiA_0000,jkaline' ku k'ajóoltik j saan,,spk_001,00:00:22.450,00:00:25.150
ydoApQfbGiA_0001,le tsikbala' ku yúuchul tu kaajil k'íimbila',,spk_008,00:00:26.850,00:00:31.150
ydoApQfbGiA_0002,jkaline' tia'an te'e kaaja',,spk_008,00:00:33.850,00:00:36.150
ydoApQfbGiA_0003,ba'ale' chéen u láak'al u k'ajóol tumeen leti'e' íitsmalil,,spk_008,00:00:38.550,00:00:42.150
ydoApQfbGiA_0004,ts'o'okole' jo' kajabal,,spk_008,00:00:44.850,00:00:47.150
ydoApQfbGiA_0005,ikil taalja'an u xíimbalt u chiiche',,spk_008,00:00:49.850,00:00:52.150
ydoApQfbGiA_0006,ku jóok'ol k'íiwik utia'al u k'ajóolt láak' máako'ob,,spk_008,00:00:53.850,00:00:58.150
ydoApQfbGiA_0007,bix túun a k'aaba' beya' xi'ipal,,spk_009,00:00:59.850,00:01:02.150
ydoApQfbGiA_0008,jsaan in k'aaba' kux túun tech,,spk_010,00:01:03.850,00:01:07.150
ydoApQfbGiA_0009,tene' j kalin,,spk_009,00:01:09.450,00:01:11.150
ydoApQfbGiA_0010,jach ki'imak in wóol in k'ajóoltikech,,spk_010,00:01:12.850,00:01:16.150
ydoApQfbGiA_0011,bey xan teen weyilech wáe',,spk_009,00:01:17.850,00:01:21.150
ydoApQfbGiA_0012,jaaj weyilene',,spk_010,00:01:22.850,00:01:24.650
ydoApQfbGiA_0013,kux túun teech tu'uxilech,,spk_010,00:01:24.850,00:01:26.450
ydoApQfbGiA_0014,tene' íitsmalilen chéen ba'ale' jo' kaja'anen,,spk_009,00:01:28.850,00:01:33.150
ydoApQfbGiA_0015,chéen wáa taalja'anech xíimbal wey kaaje',,spk_010,00:01:34.850,00:01:38.150
ydoApQfbGiA_0016,jaaj beyo' taalen in xíimbal in chiich x máaj kooncha,,spk_009,00:01:40.650,00:01:45.450
ydoApQfbGiA_0017,a chiich wáa le xmáaj koonchao',,spk_010,00:01:48.550,00:01:50.150
ydoApQfbGiA_0018,leti' a k'aj óol wáa,,spk_009,00:01:52.850,00:01:55.150
ydoApQfbGiA_0019,in k'aj óol,,spk_010,00:01:57.250,00:01:58.250
ydoApQfbGiA_0020,ba'ale' ma' in wojel ka'ach wáa yaan juntúul u yáabil íitsmalili',,spk_010,00:01:58.350,00:02:02.150
ydoApQfbGiA_0021,"yaan, tene' in taatae' don j poonso",,spk_009,00:02:05.650,00:02:09.150
ydoApQfbGiA_0022,leti'e' ma' in k'aj óoli',,spk_010,00:02:11.850,00:02:13.150
ydoApQfbGiA_0023,úuch wáa xí'ik kajtal te'e íitsmalo',,spk_010,00:02:13.150,00:02:16.150
ydoApQfbGiA_0024,ts'o'ok u yaantal k'iin,,spk_009,00:02:17.850,00:02:19.850
ydoApQfbGiA_0025,ma'alob túun,,spk_009,00:02:19.850,00:02:21.150
ydoApQfbGiA_0026,pa'atik in bin in wil in chiich,,spk_009,00:02:23.850,00:02:26.150
ydoApQfbGiA_0027,táan u chúunk'intal ten,,spk_009,00:02:25.850,00:02:28.150
ydoApQfbGiA_0028,ma'alob xi'ik tech utsil tu jeel k'iine' k ka'tsikbal,,spk_010,00:02:30.850,00:02:35.150
ydoApQfbGiA_0029,ma'alob tak ka'ate',,spk_009,00:02:37.850,00:02:40.150
UcvKB8DFzjQ_0000,ba'ax meyajil ka beetik,,spk_001,00:00:35.850,00:00:38.350
UcvKB8DFzjQ_0001,ba'ax meyajil ku beetik a wíicham,,spk_001,00:00:42.850,00:00:46.150
UcvKB8DFzjQ_0002,ba'ax meyajil ku beetik u yíicham a kiik,,spk_006,00:00:52.650,00:00:56.150
UcvKB8DFzjQ_0003,ba'ax meyajil ka beetike'ex,,spk_006,00:01:02.850,00:01:06.150
UcvKB8DFzjQ_0004,ba'ax meyajil ku beetiko'oba,,spk_006,00:01:10.850,00:01:13.850
UcvKB8DFzjQ_0005,kin koonol,,spk_006,00:01:21.150,00:01:22.550
UcvKB8DFzjQ_0006,ka koonol,,spk_006,00:01:24.350,00:01:25.650
UcvKB8DFzjQ_0007,ku koonol,,spk_001,00:01:28.850,00:01:31.150
UcvKB8DFzjQ_0008,jsiile' ku koonol,,spk_001,00:01:34.850,00:01:37.150
UcvKB8DFzjQ_0009,xmeelae' ku koonol,,spk_001,00:01:42.850,00:01:46.150
UcvKB8DFzjQ_0010,k koonol,,spk_001,00:01:50.850,00:01:53.150
UcvKB8DFzjQ_0011,xsees yéetel tene' k koonol,,spk_001,00:01:56.850,00:02:00.150
UcvKB8DFzjQ_0012,k koonele'ex,,spk_006,00:02:05.850,00:02:08.150
UcvKB8DFzjQ_0013,ka koonele'ex,,spk_006,00:02:12.850,00:02:15.150
UcvKB8DFzjQ_0014,jmuuyo yéetel teche' ka koonole'ex,,spk_006,00:02:19.850,00:02:24.150
UcvKB8DFzjQ_0015,ku konolo'ob,,spk_006,00:02:29.850,00:02:32.150
UcvKB8DFzjQ_0016,xteere yéetel xseelae' ku konolo'ob,,spk_006,00:02:35.850,00:02:39.850
UcvKB8DFzjQ_0017,jseeb yéetel jbaase' ku konolo'ob,,spk_001,00:02:44.850,00:02:50.150
UcvKB8DFzjQ_0018,ba'ax ka juch'ik,,spk_001,00:02:55.850,00:02:57.550
UcvKB8DFzjQ_0019,ba'ax ku xokik,,spk_001,00:03:02.350,00:03:04.350
UcvKB8DFzjQ_0020,ba'ax ku ts'onik a ja'an,,spk_001,00:03:08.550,00:03:10.650
UcvKB8DFzjQ_0021,ba'ax ka jaantike'ex,,spk_001,00:03:13.850,00:03:16.150
UcvKB8DFzjQ_0022,ba'ax ku tukliko'ob,,spk_006,00:03:21.050,00:03:23.150
UcvKB8DFzjQ_0023,kin konik iik,,spk_006,00:03:28.650,00:03:30.650
UcvKB8DFzjQ_0024,ka konik báaxal,,spk_006,00:03:35.350,00:03:37.350
UcvKB8DFzjQ_0025,ku konik kij,,spk_006,00:03:41.450,00:03:43.150
UcvKB8DFzjQ_0026,jsiile' ku konik bu'ul,,spk_006,00:03:46.850,00:03:50.150
UcvKB8DFzjQ_0027,xmeelae' ku konik tuk',,spk_001,00:03:55.150,00:03:58.050
UcvKB8DFzjQ_0028,k konik iis,,spk_001,00:04:02.850,00:04:05.150
UcvKB8DFzjQ_0029,xsees yéetel tene' k konik ch'ujuk waaj,,spk_001,00:04:08.850,00:04:13.150
UcvKB8DFzjQ_0030,k konike'ex nook',,spk_001,00:04:19.350,00:04:22.150
UcvKB8DFzjQ_0031,ka konike'ex ki'iwaj,,spk_001,00:04:25.850,00:04:28.550
UcvKB8DFzjQ_0032,jmuuyo yéetel teche' ka konike'ex u bak'el kéej,,spk_006,00:04:32.850,00:04:38.150
UcvKB8DFzjQ_0033,ku koniko'ob k'áan,,spk_006,00:04:44.850,00:04:47.350
UcvKB8DFzjQ_0034,xteere yéetel xseelae' ku koniko'ob abal,,spk_006,00:04:50.850,00:04:56.150
UcvKB8DFzjQ_0035,jseeb yéetel jbaase' ku koniko'ob pichi',,spk_006,00:05:01.350,00:05:05.750
yDg8dLQpByg_0000,j kaline' ku yilik j saan te'e bejo',,spk_006,00:00:30.850,00:00:34.150
yDg8dLQpByg_0001,ka'aj máan j kalin tu jool u yotoch yuum j siile' tu yilaj saan,,spk_008,00:00:38.850,00:00:44.150
yDg8dLQpByg_0002,ka'aj tsikbalnajo'ob jun súutuk,,spk_008,00:00:46.850,00:00:49.550
yDg8dLQpByg_0003,bey túun tu yojéeltil j kalin ba'ax meyajil ku beetik le jsaano',,spk_008,00:00:51.850,00:00:56.150
yDg8dLQpByg_0004,bix a beel j saan,,spk_009,00:00:58.350,00:01:00.150
yDg8dLQpByg_0005,ma'alob kux teech,,spk_010,00:01:02.350,00:01:04.450
yDg8dLQpByg_0006,ma'alob xan ki'imak in wóol in wilikech,,spk_009,00:01:05.849,00:01:09.150
yDg8dLQpByg_0007,bey xan teen,,spk_010,00:01:10.850,00:01:12.550
yDg8dLQpByg_0008,tu'ux ka bin,,spk_009,00:01:14.350,00:01:15.850
yDg8dLQpByg_0009,táan in bin meyaj,,spk_010,00:01:17.850,00:01:19.650
yDg8dLQpByg_0010,ba'ax túun meyajil ka beetik beya',,spk_009,00:01:20.850,00:01:24.150
yDg8dLQpByg_0011,kin koonol,,spk_010,00:01:25.350,00:01:26.650
yDg8dLQpByg_0012,ba'ax túun ka konik,,spk_009,00:01:28.350,00:01:30.150
yDg8dLQpByg_0013,bak' kin konik te'e k'íiwiko',,spk_010,00:01:31.850,00:01:35.150
yDg8dLQpByg_0014,wáa beyo' ma' káan in bin in man tech jump'íit bak' ka'akate',,spk_009,00:01:36.850,00:01:41.650
yDg8dLQpByg_0015,ma'alob je'el k i likba te'elo,,spk_010,00:01:44.450,00:01:47.150
yDg8dLQpByg_0016,ma'alob túun ka'akate',,spk_009,00:01:47.850,00:01:50.150
Qzv2ZkLl9b0_0000,ma' káan in bini',,spk_006,00:00:25.550,00:00:27.650
Qzv2ZkLl9b0_0001,ma' káan a meyaji',,spk_001,00:00:32.850,00:00:35.150
Qzv2ZkLl9b0_0002,ma' káan a báaxali',,spk_001,00:00:39.850,00:00:42.150
Qzv2ZkLl9b0_0003,ma' káan k p'áatali',,spk_001,00:00:45.850,00:00:48.150
Qzv2ZkLl9b0_0004,ma' káan k janale'exi',,spk_001,00:00:52.850,00:00:56.150
Qzv2ZkLl9b0_0005,ma' káan a bine'exi,,spk_001,00:01:01.850,00:01:05.150
Qzv2ZkLl9b0_0006,ma' káan u meyajo'obi',,spk_006,00:01:10.850,00:01:13.150
Qzv2ZkLl9b0_0007,je'el in wilikech te'elo',,spk_006,00:01:18.850,00:01:21.150
Qzv2ZkLl9b0_0008,je'el a wiliken tolo',,spk_006,00:01:26.350,00:01:28.150
Qzv2ZkLl9b0_0009,je'el u yiliken jo'e',,spk_006,00:01:32.850,00:01:35.150
Qzv2ZkLl9b0_0010,je'el k ilikba ka'ate',,spk_006,00:01:39.350,00:01:42.150
Qzv2ZkLl9b0_0011,je'el k ilikbaex sáamale',,spk_001,00:01:46.650,00:01:49.150
Qzv2ZkLl9b0_0012,je'el a wilikabaex ka'abeje',,spk_001,00:01:53.850,00:01:57.150
Qzv2ZkLl9b0_0013,je'el u yilkubaob tuláak' k'iine',,spk_001,00:02:00.850,00:02:04.150
afmq0ViVd2I_0000,kin meyaj ta wotoch,,spk_001,00:00:24.350,00:00:26.150
afmq0ViVd2I_0001,ka míis tin wotoch,,spk_001,00:00:31.850,00:00:34.150
afmq0ViVd2I_0002,ku yóok'ot jsaan,,spk_001,00:00:40.350,00:00:43.150
afmq0ViVd2I_0003,xpiluche' ku p'o' tu yotoch,,spk_001,00:00:47.850,00:00:51.150
afmq0ViVd2I_0004,k óok'ot sáansamal,,spk_001,00:00:56.850,00:00:59.150
afmq0ViVd2I_0005,k ts'íibe'ex ich maaya,,spk_006,00:01:03.850,00:01:07.150
afmq0ViVd2I_0006,ka wóok'ote'ex tu yotoch jgabuch,,spk_006,00:01:11.850,00:01:15.150
afmq0ViVd2I_0007,ku yóok'oto'ob chéen wáa ba'ax k'íin,,spk_006,00:01:20.850,00:01:23.450
afmq0ViVd2I_0008,suuk in meyaj,,spk_006,00:01:29.550,00:01:31.150
afmq0ViVd2I_0009,suuk a míis,,spk_006,00:01:36.350,00:01:38.150
afmq0ViVd2I_0010,suuk u yóok'ot jsaan,,spk_001,00:01:42.850,00:01:46.150
afmq0ViVd2I_0011,xpiluche' suuk u p'o',,spk_001,00:01:50.850,00:01:54.150
afmq0ViVd2I_0012,suuk k óok'ot weye',,spk_001,00:01:58.850,00:02:02.150
afmq0ViVd2I_0013,suuk k ts'íibe'ex,,spk_001,00:02:07.150,00:02:09.150
afmq0ViVd2I_0014,suuk a wóok'ote'ex tia'al byeernes,,spk_001,00:02:13.850,00:02:17.650
afmq0ViVd2I_0015,uuk u yóok'oto'ob walkila',,spk_006,00:02:23.850,00:02:26.450
afmq0ViVd2I_0016,ja'ak' in wóol,,spk_006,00:02:33.450,00:02:35.150
afmq0ViVd2I_0017,ja'ak' a wóol,,spk_006,00:02:38.850,00:02:41.650
afmq0ViVd2I_0018,ja'ak u yóol jkalin,,spk_006,00:02:44.850,00:02:48.150
afmq0ViVd2I_0019,xteeree' ja'ak' u yóol,,spk_006,00:02:51.350,00:02:54.150
afmq0ViVd2I_0020,ja'ak' k óol,,spk_001,00:02:58.850,00:03:02.150
afmq0ViVd2I_0021,ja'ak' k óole'ex,,spk_001,00:03:05.850,00:03:09.150
afmq0ViVd2I_0022,ja'ak' a wóole'ex,,spk_001,00:03:13.850,00:03:16.150
afmq0ViVd2I_0023,ja'ak' u yóolo'ob,,spk_001,00:03:21.850,00:03:24.150
SVeCM5fA31Q_0000,ts'o'ok in taal in man tech chi'ikam,,spk_001,00:00:29.850,00:00:33.150
SVeCM5fA31Q_0001,ts'o'ok a taal a man tech ten chúuk,,spk_006,00:00:38.850,00:00:42.150
SVeCM5fA31Q_0002,ts'o'ok in taal in man chi'ikam tech,,spk_006,00:00:46.850,00:00:50.150
SVeCM5fA31Q_0003,ts'o'ok a taal a man chúuk ten,,spk_006,00:00:55.850,00:00:59.150
SVeCM5fA31Q_0004,ts'o'ok u taal u kon ten k'úum,,spk_006,00:01:03.850,00:01:07.150
SVeCM5fA31Q_0005,ts'o'ok u taal u kon k'úum ten,,spk_006,00:01:12.850,00:01:15.350
SVeCM5fA31Q_0006,ts'o'ok u taal u kon tech kaab,,spk_001,00:01:21.850,00:01:24.150
SVeCM5fA31Q_0007,ts'o'ok u taal u kon kaab tech,,spk_001,00:01:29.850,00:01:33.150
SVeCM5fA31Q_0008,ts'o'ok in taal in man p'aak ti',,spk_001,00:01:38.850,00:01:42.150
SVeCM5fA31Q_0009,ts'o'ok a taal a kon ts'íim ti',,spk_001,00:01:47.850,00:01:51.150
SVeCM5fA31Q_0010,¿ba'ax bak'el a k'áatij,,spk_001,00:01:56.850,00:01:59.150
SVeCM5fA31Q_0011,¿ba'ax bak'el u k'áatij,,spk_006,00:02:02.850,00:02:06.150
SVeCM5fA31Q_0012,¿ba'ax bak'el u k'áat a suku'un,,spk_006,00:02:09.850,00:02:13.150
SVeCM5fA31Q_0013,¿ba'ax bak'el a k'áate'ex,,spk_006,00:02:18.550,00:02:21.150
SVeCM5fA31Q_0014,¿ba'ax bak'el u k'áato'ob,,spk_006,00:02:26.850,00:02:29.150
SVeCM5fA31Q_0015,ts'áaj ten,,spk_006,00:02:33.850,00:02:36.150
SVeCM5fA31Q_0016,ts'áaj ti',,spk_001,00:02:39.850,00:02:42.150
SVeCM5fA31Q_0017,ts'áaj to'on,,spk_001,00:02:46.850,00:02:48.150
SVeCM5fA31Q_0018,ts'áaj ti'ob,,spk_001,00:02:51.850,00:02:53.150
SVeCM5fA31Q_0019,much ts'áaj ten jun p'íit ja',,spk_001,00:02:57.850,00:03:00.150
SVeCM5fA31Q_0020,much ts'áaj jun p'íit sa' ti',,spk_001,00:03:04.850,00:03:08.150
SVeCM5fA31Q_0021,much ts'áaj to'on jun p'íit chukwa',,spk_006,00:03:13.850,00:03:17.150
SVeCM5fA31Q_0022,much ts'áaj jun p'íit ta'ab ti'ob,,spk_006,00:03:23.850,00:03:27.150
SVeCM5fA31Q_0023,much síij ten jun p'íit ja',,spk_006,00:03:31.850,00:03:35.150
SVeCM5fA31Q_0024,much síij jun p'íit sa' ti',,spk_006,00:03:39.850,00:03:43.150
SVeCM5fA31Q_0025,much síij to'on jun p'íit chukwa',,spk_006,00:03:47.850,00:03:51.150
SVeCM5fA31Q_0026,much síij jun p'íit ta'ab ti'ob,,spk_001,00:03:58.350,00:04:02.150
dHr5twulYF0_0000,ka ts'áik ten,,spk_001,00:00:24.250,00:00:27.150
dHr5twulYF0_0001,ka ts'áik ti',,spk_001,00:00:30.850,00:00:34.150
dHr5twulYF0_0002,ka ts'áik to'on,,spk_001,00:00:37.850,00:00:40.150
dHr5twulYF0_0003,ka ts'áik ti'ob,,spk_001,00:00:43.850,00:00:46.150
dHr5twulYF0_0004,kin ts'áik tech meyaj,,spk_006,00:00:50.850,00:00:53.150
dHr5twulYF0_0005,kin ts'áik nook' ti',,spk_006,00:00:57.850,00:01:00.150
dHr5twulYF0_0006,kin ts'áik te'ex taak'in,,spk_006,00:01:04.849,00:01:07.150
dHr5twulYF0_0007,kin ts'áik jun p'éel k'áan ti'ob,,spk_006,00:01:11.850,00:01:15.150
dHr5twulYF0_0008,ku ts'áik ya'ab balo'ob ten,,spk_006,00:01:20.850,00:01:24.150
dHr5twulYF0_0009,ku ts'áik tech ts'aak,,spk_001,00:01:29.850,00:01:32.150
dHr5twulYF0_0010,ku ts'áik u yaabilaj to'on,,spk_001,00:01:36.850,00:01:40.150
dHr5twulYF0_0011,ku ts'áik u yaakunaj te'ex,,spk_001,00:01:44.850,00:01:48.150
dHr5twulYF0_0012,kex chéen jun p'éel kiilo,,spk_001,00:01:52.850,00:01:56.150
dHr5twulYF0_0013,kex chéen lelo',,spk_001,00:02:00.350,00:02:02.650
dHr5twulYF0_0014,kex chéen lela',,spk_006,00:02:06.850,00:02:09.150
dHr5twulYF0_0015,kex chéen bu'ul,,spk_006,00:02:14.350,00:02:16.150
dHr5twulYF0_0016,kex chéen buka'ajo',,spk_006,00:02:20.850,00:02:24.150
dHr5twulYF0_0017,kex chéen buka'aja',,spk_006,00:02:27.850,00:02:31.150
dHr5twulYF0_0018,tu ts'aj ten uts,,spk_006,00:02:35.850,00:02:38.150
dHr5twulYF0_0019,tu ts'aj uts ten,,spk_001,00:02:42.850,00:02:45.150
dHr5twulYF0_0020,tu ts'aj tech k'aas,,spk_001,00:02:50.850,00:02:53.150
dHr5twulYF0_0021,tu ts'aj k'aas tech,,spk_001,00:02:57.850,00:03:00.950
dHr5twulYF0_0022,tu ts'aj uts ti',,spk_001,00:03:05.350,00:03:07.150
dHr5twulYF0_0023,tu ts'aj uts ti' jkalin,,spk_001,00:03:11.850,00:03:15.150
dHr5twulYF0_0024,tu ts'aj uts ti' u yatan a suku'un,,spk_006,00:03:20.850,00:03:24.150
dHr5twulYF0_0025,tu ts'aj to'on uts,,spk_006,00:03:30.850,00:03:33.150
dHr5twulYF0_0026,tu ts'aj to'one'ex uts,,spk_006,00:03:37.850,00:03:40.150
dHr5twulYF0_0027,tu ts'aj k'aas to'on,,spk_006,00:03:44.850,00:03:48.150
dHr5twulYF0_0028,tu ts'aj k'aas to'one'ex,,spk_006,00:03:52.850,00:03:56.150
dHr5twulYF0_0029,tu ts'aj uts te'ex,,spk_001,00:04:00.850,00:04:03.150
dHr5twulYF0_0030,tu ts'aj te'ex k'aas,,spk_001,00:04:07.850,00:04:11.150
dHr5twulYF0_0031,tu ts'aj k'aas ti'ob,,spk_001,00:04:14.850,00:04:17.048
UIEXyC2mBfc_0000,ko'oj,,spk_001,00:00:23.850,00:00:25.150
UIEXyC2mBfc_0001,ma' ko'oji',,spk_001,00:00:28.850,00:00:31.150
UIEXyC2mBfc_0002,jach ko'oj,,spk_006,00:00:36.350,00:00:38.150
UIEXyC2mBfc_0003,ma' jach ko'oji',,spk_006,00:00:43.850,00:00:46.150
UIEXyC2mBfc_0004,jach ma' ko'oji',,spk_006,00:00:50.350,00:00:52.150
UIEXyC2mBfc_0005,wey kaaje',,spk_006,00:00:58.350,00:01:00.150
UIEXyC2mBfc_0006,wey tin wotoche',,spk_006,00:01:03.850,00:01:05.650
UIEXyC2mBfc_0007,wey ta wotoche',,spk_001,00:01:10.350,00:01:12.150
UIEXyC2mBfc_0008,wey tu yotoche',,spk_001,00:01:16.850,00:01:19.150
UIEXyC2mBfc_0009,wey tu yotoch a chiiche',,spk_001,00:01:23.850,00:01:26.150
UIEXyC2mBfc_0010,wey t otoche',,spk_001,00:01:31.850,00:01:34.150
UIEXyC2mBfc_0011,wey t otoche'exe',,spk_001,00:01:39.350,00:01:41.150
UIEXyC2mBfc_0012,wey ta wotoche'exe',,spk_006,00:01:46.850,00:01:49.150
UIEXyC2mBfc_0013,wey tu yotocho'obe',,spk_006,00:01:53.850,00:01:56.150
UIEXyC2mBfc_0014,beyili' u ko'onolo',,spk_006,00:02:00.850,00:02:04.150
UIEXyC2mBfc_0015,beyili' u beeta'alo',,spk_006,00:02:08.850,00:02:12.150
UIEXyC2mBfc_0016,beyili' u ts'íibta'alo',,spk_006,00:02:17.850,00:02:21.150
UIEXyC2mBfc_0017,beyili' u xo'okolo',,spk_001,00:02:25.850,00:02:28.150
UIEXyC2mBfc_0018,beyili' u ya'ala'alo',,spk_001,00:02:32.850,00:02:35.150
UIEXyC2mBfc_0019,beyili' u báaxta'alo',,spk_001,00:02:38.850,00:02:42.150
UIEXyC2mBfc_0020,beyili' u pak'achta'alo',,spk_001,00:02:46.850,00:02:50.150
UIEXyC2mBfc_0021,beyili' u yóok'osta'alo',,spk_001,00:02:54.850,00:02:58.150
UIEXyC2mBfc_0022,beyili' u jaanta'alo',,spk_006,00:03:02.450,00:03:04.450
UIEXyC2mBfc_0023,beyili' u yu'uk'ulo',,spk_006,00:03:08.850,00:03:11.150
UIEXyC2mBfc_0024,beyili'o',,spk_006,00:03:15.350,00:03:17.150
UIEXyC2mBfc_0025,beyili' in wotocho',,spk_006,00:03:21.850,00:03:24.150
nR_9dDI-Xmk_0000,jkaline' táan u bin u man bak' k'íiwik,,spk_006,00:00:24.850,00:00:28.150
nR_9dDI-Xmk_0001,le ka'aj tu yojéeltaj jkalin ku koonol jsaan k'íiwike',,spk_008,00:00:30.850,00:00:34.350
nR_9dDI-Xmk_0002,ka'aj bin u man jump'íit bak' ti',,spk_008,00:00:35.850,00:00:39.150
nR_9dDI-Xmk_0003,ja'ak' u yóol jkalin ka'aj tu yu'ubaj bajux le bak'o',,spk_008,00:00:40.850,00:00:45.150
nR_9dDI-Xmk_0004,tumen jo'e' seen ko'oj,,spk_008,00:00:45.850,00:00:49.150
nR_9dDI-Xmk_0005,"jsaan, ts'o'ok in taal in man tech bak'",,spk_009,00:00:51.850,00:00:55.150
nR_9dDI-Xmk_0006,ba'ax bak'el a k'áatij,,spk_010,00:00:56.850,00:00:59.150
nR_9dDI-Xmk_0007,ba'ax seen yaan,,spk_009,00:00:59.850,00:01:02.150
nR_9dDI-Xmk_0008,u bak'el wakax yéetel jun p'íit u bak'el kéek'en p'aatal,,spk_010,00:01:02.850,00:01:08.150
nR_9dDI-Xmk_0009,ts'áaj ten ka'a p'éel kiilo u ch'ala'atel le k'éek'eno',,spk_009,00:01:08.850,00:01:13.150
nR_9dDI-Xmk_0010,ko'ox ilik wáa je'el u chúukpajal ka'a p'éel kiiloe',,spk_010,00:01:13.850,00:01:18.150
nR_9dDI-Xmk_0011,"wáa ma' tu chúukpajale', le buka'aj yane' ka ts'áik ten",,spk_009,00:01:18.850,00:01:23.150
nR_9dDI-Xmk_0012,kex chéen jun p'éel kiilo,,spk_010,00:01:24.850,00:01:27.150
nR_9dDI-Xmk_0013,"kex chéen, je'el a chúukpesik ten yéetel uláak' bak'e'",,spk_009,00:01:27.850,00:01:32.150
nR_9dDI-Xmk_0014,"tu ts'aj tech uts, jach ka'a p'éel kiilo yani'",,spk_010,00:01:33.850,00:01:38.150
nR_9dDI-Xmk_0015,bajux túun jsaan,,spk_009,00:01:39.850,00:01:41.150
nR_9dDI-Xmk_0016,"$50 pesos, tumeen jun p'éel kiiloe' $25",,spk_010,00:01:43.850,00:01:48.150
nR_9dDI-Xmk_0017,ma' ko'oji'; jo'e' maas ko'oj,,spk_009,00:01:50.350,00:01:54.150
nR_9dDI-Xmk_0018,wey kaaje' beyili' u ko'onolo',,spk_010,00:01:55.850,00:01:58.150
nR_9dDI-Xmk_0019,jaach jaaj,,spk_009,00:02:00.000,00:02:01.650
nR_9dDI-Xmk_0020,jaach jaaj: je'el a wo'och bak'a',,spk_010,00:02:02.850,00:02:07.150
nR_9dDI-Xmk_0021,"je'el xan le $50 pesosa'; ma'alob, dios bo'otik",,spk_009,00:02:07.850,00:02:13.150
nR_9dDI-Xmk_0022,"ma'alob, mix ba'al",,spk_010,00:02:13.850,00:02:16.150
EbnkLNK7sZc_0000,bey u beeta'alo',,spk_006,00:00:23.850,00:00:26.150
EbnkLNK7sZc_0001,bey u ts'íibta'alo',,spk_001,00:00:29.850,00:00:32.150
EbnkLNK7sZc_0002,bey u xo'okolo',,spk_001,00:00:35.850,00:00:38.150
EbnkLNK7sZc_0003,bey u ya'ala'alo',,spk_001,00:00:42.350,00:00:44.150
EbnkLNK7sZc_0004,beyo',,spk_001,00:00:48.850,00:00:50.150
EbnkLNK7sZc_0005,bey in wotocho',,spk_001,00:00:53.850,00:00:56.150
EbnkLNK7sZc_0006,je'el a wo'och bak'a',,spk_006,00:01:01.850,00:01:04.150
EbnkLNK7sZc_0007,je'el a wo'och bak'o',,spk_006,00:01:09.850,00:01:12.150
EbnkLNK7sZc_0008,je'el a janala',,spk_006,00:01:17.850,00:01:19.150
EbnkLNK7sZc_0009,je'el a janalo',,spk_006,00:01:24.850,00:01:27.150
EbnkLNK7sZc_0010,je'el a janale'exa',,spk_006,00:01:30.850,00:01:34.150
EbnkLNK7sZc_0011,je'el a janale'exo',,spk_001,00:01:40.350,00:01:42.150
EbnkLNK7sZc_0012,je'el u janalo'oba',,spk_001,00:01:48.350,00:01:50.150
EbnkLNK7sZc_0013,je'el u janalo'obo',,spk_001,00:01:56.350,00:01:58.150
EbnkLNK7sZc_0014,mix ba'al,,spk_001,00:02:03.850,00:02:05.150
EbnkLNK7sZc_0015,mix máak,,spk_001,00:02:10.750,00:02:12.150
EbnkLNK7sZc_0016,mix tu'ux,,spk_006,00:02:18.350,00:02:20.150
EbnkLNK7sZc_0017,mix bik'in,,spk_006,00:02:23.850,00:02:26.150
j6FymOVEjVM_0000,jkaline' taak u xíimbaltik jsaan,,spk_006,00:00:25.450,00:00:28.150
j6FymOVEjVM_0001,taak in wilik a kiik,,spk_006,00:00:35.850,00:00:38.150
j6FymOVEjVM_0002,taak a manik juntúul úulum,,spk_006,00:00:44.850,00:00:47.150
j6FymOVEjVM_0003,taak k jaantik píibil k'éek'en,,spk_006,00:00:53.850,00:00:57.150
j6FymOVEjVM_0004,jrooch yéetel tene' taak k ts'onik juntúul kéej,,spk_006,00:01:03.850,00:01:08.150
j6FymOVEjVM_0005,"teen, teech yéetel jraache' taak k ts'o'oksike'ex le meyajo'",,spk_001,00:01:15.850,00:01:22.150
j6FymOVEjVM_0006,taak a kanike'ex maaya,,spk_001,00:01:30.850,00:01:34.150
j6FymOVEjVM_0007,xkaat yéetel teche' taak a konike'ex jump'éel mayak che',,spk_001,00:01:39.850,00:01:44.150
j6FymOVEjVM_0008,taak u yóok'ostiko'ob jáarana,,spk_001,00:01:52.850,00:01:56.150
j6FymOVEjVM_0009,xtiina yéetel jmaate' taak u yuk'iko'ob k'eyem,,spk_001,00:02:01.850,00:02:07.150
j6FymOVEjVM_0010,ba'ale' ma' in wojel tu'ux yani',,spk_006,00:02:14.850,00:02:18.150
j6FymOVEjVM_0011,ba'ale' ma' u yojel tu'ux yanechi',,spk_006,00:02:24.850,00:02:28.150
j6FymOVEjVM_0012,ba'ale' ma' k ojel tu'ux yan a wotochi',,spk_006,00:02:34.850,00:02:39.150
j6FymOVEjVM_0013,ba'ale' ma' a wojele'ex tu'ux yaneni',,spk_006,00:02:44.850,00:02:48.150
j6FymOVEjVM_0014,ba'ale' ma' u yojelo'ob tu'ux yano'oni',,spk_006,00:02:54.350,00:02:58.150
j6FymOVEjVM_0015,ba'ale' ma' u yojelo'ob tu'ux yano'one'exi',,spk_001,00:03:04.850,00:03:08.150
j6FymOVEjVM_0016,ba'ale' ma'a wojel tu'ux yan in kaajali',,spk_001,00:03:14.850,00:03:19.150
j6FymOVEjVM_0017,ba'ale' jabuche' ma' u yojel tu'ux yan in wíits'ini',,spk_001,00:03:26.850,00:03:31.150
j6FymOVEjVM_0018,tin wilaj juntúul kaan,,spk_001,00:03:38.850,00:03:41.150
j6FymOVEjVM_0019,ta konaj ixi'im,,spk_001,00:03:47.250,00:03:49.150
j6FymOVEjVM_0020,tu manaj juntúul wakax,,spk_006,00:03:54.850,00:03:58.150
j6FymOVEjVM_0021,t kanaj ts'íib,,spk_006,00:04:04.350,00:04:06.150
j6FymOVEjVM_0022,t bisaje'ex jump'éel siibal,,spk_006,00:04:11.850,00:04:15.150
j6FymOVEjVM_0023,ta k'aj óoltaje'ex don jbiicho,,spk_006,00:04:21.850,00:04:24.650
j6FymOVEjVM_0024,tu ts'onajo'ob juntúul t'u'ul,,spk_006,00:04:30.850,00:04:34.150
j6FymOVEjVM_0025,tin wóok'ostaj k'ub pool,,spk_001,00:04:39.850,00:04:43.150
j6FymOVEjVM_0026,ta báaxtaj kíimboomba,,spk_001,00:04:50.450,00:04:53.150
j6FymOVEjVM_0027,jkaase' tu jaantaj chakbil nal,,spk_001,00:04:59.850,00:05:03.150
j6FymOVEjVM_0028,t bo'otaj k p'aax,,spk_001,00:05:10.550,00:05:13.150
j6FymOVEjVM_0029,t k'amaje'ex u'ulab,,spk_001,00:05:18.350,00:05:21.150
j6FymOVEjVM_0030,ta xíimbalte'ex xmáaj seeb,,spk_006,00:05:26.850,00:05:29.150
j6FymOVEjVM_0031,tu yuk'o'ob sa',,spk_006,00:05:35.850,00:05:38.150
JxyTduf-wFQ_0000,tsikbalnajen ta wéetel,,spk_006,00:00:26.950,00:00:29.150
JxyTduf-wFQ_0001,tsikbalnajech tin wéetel,,spk_006,00:00:34.850,00:00:37.150
JxyTduf-wFQ_0002,tsikbalnaj ta wéetele'ex,,spk_006,00:00:42.850,00:00:45.150
JxyTduf-wFQ_0003,tsikbalnajo'on ta wéetele'ex,,spk_001,00:00:51.550,00:00:54.150
JxyTduf-wFQ_0004,tsikbalnajo'one'ex yéetel,,spk_001,00:01:00.350,00:01:03.150
JxyTduf-wFQ_0005,tsikbalnaj t éetele'ex,,spk_001,00:01:07.850,00:01:10.550
JxyTduf-wFQ_0006,tsikbalnaje'ex t éetel,,spk_001,00:01:15.850,00:01:19.150
JxyTduf-wFQ_0007,tsikbalnajo'ob t éetel,,spk_001,00:01:24.450,00:01:27.150
JxyTduf-wFQ_0008,tin k'áataj in wu'uy tech,,spk_006,00:01:33.850,00:01:36.150
JxyTduf-wFQ_0009,tin k'áataj in wu'uy ti',,spk_006,00:01:42.450,00:01:45.150
JxyTduf-wFQ_0010,tin k'áataj in wu'uy te'ex,,spk_006,00:01:51.850,00:01:54.350
JxyTduf-wFQ_0011,tin k'áataj in wu'uy ti'ob,,spk_006,00:02:01.550,00:02:03.750
JxyTduf-wFQ_0012,ta k'áataj a wu'uy ten,,spk_006,00:02:10.350,00:02:13.150
JxyTduf-wFQ_0013,ta k'áataj a wu'uy ti',,spk_001,00:02:19.850,00:02:22.150
JxyTduf-wFQ_0014,ta k'áataj a wu'uy to'on,,spk_001,00:02:28.850,00:02:31.450
JxyTduf-wFQ_0015,ta k'áataj a wu'uy ti'ob,,spk_001,00:02:36.850,00:02:39.150
JxyTduf-wFQ_0016,tu k'áataj u yu'ub ten,,spk_001,00:02:44.850,00:02:47.150
JxyTduf-wFQ_0017,tu k'áataj u yu'ub tech,,spk_001,00:02:52.850,00:02:54.650
JxyTduf-wFQ_0018,tu k'áataj u yu'ub to'on,,spk_006,00:03:00.850,00:03:04.150
JxyTduf-wFQ_0019,tu k'áataj u yu'ub to'one'ex,,spk_006,00:03:10.850,00:03:13.450
JxyTduf-wFQ_0020,tu k'áataj u yu'ub te'ex,,spk_006,00:03:19.850,00:03:22.150
JxyTduf-wFQ_0021,tu k'áataj u yu'ub ti'ob,,spk_006,00:03:28.350,00:03:31.150
JxyTduf-wFQ_0022,tu'ux kaja'anech,,spk_006,00:03:37.850,00:03:40.150
JxyTduf-wFQ_0023,tu'ux kaja'an jturix,,spk_001,00:03:46.350,00:03:48.450
JxyTduf-wFQ_0024,tu'ux kaja'ane'ex,,spk_001,00:03:56.850,00:03:58.850
JxyTduf-wFQ_0025,tu'ux kaja'ano'ob,,spk_001,00:04:05.850,00:04:07.550
JxyTduf-wFQ_0026,utia'al ka'aj páajchak in bin in wilech,,spk_001,00:04:12.850,00:04:17.149
JxyTduf-wFQ_0027,utia'al ka'aj páajchak a bin a wilej,,spk_001,00:04:21.850,00:04:25.150
JxyTduf-wFQ_0028,utia'al ka'aj páajchak u bin u yilo'on,,spk_006,00:04:30.850,00:04:34.150
JxyTduf-wFQ_0029,utia'al ka'aj páajchak u bin u yilo'one'ex,,spk_006,00:04:40.350,00:04:44.150
JxyTduf-wFQ_0030,utia'al ka'aj páajchak k bin ile'ex,,spk_006,00:04:50.850,00:04:54.150
JxyTduf-wFQ_0031,utia'al ka'aj páajchak a bin a wile'exo'ob,,spk_006,00:05:00.850,00:05:05.150
JxyTduf-wFQ_0032,utia'al ka'aj páajchak u bin u yileno'ob,,spk_006,00:05:11.350,00:05:14.650
h0dyPubrKmY_0000,máaxech,,spk_001,00:00:25.850,00:00:27.650
h0dyPubrKmY_0001,máaxi',,spk_001,00:00:33.850,00:00:35.150
h0dyPubrKmY_0002,máaxe'ex,,spk_001,00:00:40.850,00:00:42.650
h0dyPubrKmY_0003,máaxo'ob,,spk_001,00:00:48.850,00:00:50.150
h0dyPubrKmY_0004,máax a suku'un,,spk_001,00:00:56.350,00:00:58.150
h0dyPubrKmY_0005,máax u yatan a suku'un,,spk_006,00:01:05.549,00:01:07.850
h0dyPubrKmY_0006,máax u yíicham a kiik,,spk_006,00:01:15.150,00:01:17.950
h0dyPubrKmY_0007,jkalinen,,spk_006,00:01:25.850,00:01:27.450
h0dyPubrKmY_0008,jkalinech,,spk_006,00:01:32.850,00:01:35.150
h0dyPubrKmY_0009,jkalin,,spk_006,00:01:39.850,00:01:41.450
h0dyPubrKmY_0010,yáax in wilikecha',,spk_001,00:01:45.850,00:01:48.150
h0dyPubrKmY_0011,yáax in wilika',,spk_001,00:01:54.850,00:01:56.550
h0dyPubrKmY_0012,yáax u yiliko'ona',,spk_001,00:02:02.850,00:02:05.450
h0dyPubrKmY_0013,yáax u yiliko'one'exa',,spk_001,00:02:11.850,00:02:14.550
h0dyPubrKmY_0014,yáax k ilike'exa',,spk_001,00:02:20.850,00:02:23.250
h0dyPubrKmY_0015,yáax a wilike'exo'oba,,spk_006,00:02:28.850,00:02:31.150
h0dyPubrKmY_0016,yáax u yilikeno'oba',,spk_006,00:02:36.850,00:02:39.150
h0dyPubrKmY_0017,úuch in wilech,,spk_006,00:02:44.850,00:02:47.150
h0dyPubrKmY_0018,úuch a wilej,,spk_006,00:02:52.850,00:02:55.150
h0dyPubrKmY_0019,úuch in wil u chiich in wíicham,,spk_006,00:02:59.850,00:03:03.150
h0dyPubrKmY_0020,úuch u yilo'on,,spk_001,00:03:08.850,00:03:11.150
h0dyPubrKmY_0021,úuch k ile'ex,,spk_001,00:03:16.350,00:03:18.650
h0dyPubrKmY_0022,úuch a wile'exo'ob,,spk_001,00:03:23.850,00:03:26.150
h0dyPubrKmY_0023,úuch u yileno'ob,,spk_001,00:03:31.850,00:03:33.650
h0dyPubrKmY_0024,úuch a wil u yíicham a chiich,,spk_001,00:03:38.450,00:03:41.550
DN4cR-f7svU_0000,tu'ux yanech,,spk_006,00:00:26.850,00:00:29.150
DN4cR-f7svU_0001,tu'ux yane'ex,,spk_006,00:00:33.850,00:00:36.150
DN4cR-f7svU_0002,tu'ux yan,,spk_006,00:00:42.350,00:00:44.150
DN4cR-f7svU_0003,tu'ux yano'ob,,spk_006,00:00:50.850,00:00:52.650
DN4cR-f7svU_0004,tu'ux yan a ts'aak,,spk_006,00:00:58.850,00:01:01.150
DN4cR-f7svU_0005,tu'ux yan u míis a chiich,,spk_001,00:01:06.650,00:01:09.450
DN4cR-f7svU_0006,toj in wóol,,spk_001,00:01:14.850,00:01:17.150
DN4cR-f7svU_0007,toj a wóol,,spk_001,00:01:22.850,00:01:24.150
DN4cR-f7svU_0008,toj u yóol,,spk_001,00:01:29.850,00:01:31.150
DN4cR-f7svU_0009,toj k óol,,spk_001,00:01:36.850,00:01:38.150
DN4cR-f7svU_0010,toj k óole'ex,,spk_006,00:01:43.850,00:01:46.150
DN4cR-f7svU_0011,toj a wóole'ex,,spk_006,00:01:52.550,00:01:55.150
DN4cR-f7svU_0012,toj u yóolo'ob,,spk_006,00:01:59.850,00:02:02.150
DN4cR-f7svU_0013,toj u yóol in kiik,,spk_006,00:02:07.850,00:02:10.150
DN4cR-f7svU_0014,toj u yóol a suku'un,,spk_006,00:02:15.850,00:02:18.150
DN4cR-f7svU_0015,xtiila u ya'ala'al ten,,spk_001,00:02:23.850,00:02:27.150
DN4cR-f7svU_0016,jtiilo u ya'ala'al tech,,spk_001,00:02:32.850,00:02:36.150
DN4cR-f7svU_0017,jraach u ya'ala'al ti',,spk_001,00:02:41.850,00:02:44.150
DN4cR-f7svU_0018,xweela u ya'ala'al ti',,spk_001,00:02:49.850,00:02:52.150
DN4cR-f7svU_0019,bey in k'aaba'o',,spk_001,00:02:58.150,00:03:00.150
DN4cR-f7svU_0020,bey a k'aaba'o',,spk_006,00:03:05.850,00:03:08.150
DN4cR-f7svU_0021,bey u k'aaba'o',,spk_006,00:03:14.150,00:03:16.150
DN4cR-f7svU_0022,bey k k'aaba'o',,spk_006,00:03:22.250,00:03:24.150
DN4cR-f7svU_0023,bey k k'aaba'exo',,spk_006,00:03:30.650,00:03:32.450
sVhmtw2Vsio_0000,jkaline' taak u bin u xíimbalt jsaan,,spk_006,00:00:25.550,00:00:28.350
sVhmtw2Vsio_0001,jkaline' taak u bin u xíimbalt jsaan,,spk_008,00:00:31.350,00:00:34.150
sVhmtw2Vsio_0002,ba'ale' ma' u yojel tu'ux yan u yotochi',,spk_008,00:00:35.850,00:00:38.750
sVhmtw2Vsio_0003,ti' lelo' ka'aj tu yilaj xmáaj tiila,,spk_008,00:00:40.850,00:00:43.350
sVhmtw2Vsio_0004,tsikbalnaj túun tu yéetel,,spk_008,00:00:44.850,00:00:47.950
sVhmtw2Vsio_0005,ka'aj tu k'áataj xan u yu'ub ti' tu'ux kaja'an jsaan,,spk_008,00:00:49.150,00:00:52.750
sVhmtw2Vsio_0006,utia'al ka'aj páajchak u bin u yilej.,,spk_008,00:00:54.550,00:00:56.850
sVhmtw2Vsio_0007,"bix a beel, xunáan",,spk_009,00:01:00.850,00:01:02.350
sVhmtw2Vsio_0008,ma'alob máaxech beya' xi'ipal,,spk_011,00:01:04.650,00:01:07.450
sVhmtw2Vsio_0009,"jkalinen, in chiich xmáaj kooncha",,spk_009,00:01:10.050,00:01:13.550
sVhmtw2Vsio_0010,a chiich wáa le xmáaj koonchao',,spk_011,00:01:15.850,00:01:18.150
sVhmtw2Vsio_0011,"jaaj, leti'",,spk_009,00:01:20.850,00:01:22.150
sVhmtw2Vsio_0012,yáax in wilikecha',,spk_011,00:01:24.850,00:01:27.150
sVhmtw2Vsio_0013,"tene' jo' kaja'anen, tu yo'olal le je'elo' yáax a wilikena'",,spk_009,00:01:29.650,00:01:34.150
sVhmtw2Vsio_0014,"kux túun a maama yéetel a yuum, máaxo'ob",,spk_011,00:01:36.150,00:01:39.150
sVhmtw2Vsio_0015,"in maamae' xmáaj meech, in taatae' don jpoonso",,spk_009,00:01:42.850,00:01:47.150
sVhmtw2Vsio_0016,"in k'aj óolo'ob, ba'ale' úuch in wilo'ob, tu'ux yano'ob beya'",,spk_011,00:01:49.350,00:01:54.150
sVhmtw2Vsio_0017,"tia'ano'ob ítsmale', ti' kaja'ano'obi'",,spk_009,00:01:57.350,00:02:00.650
sVhmtw2Vsio_0018,"jaaj a t'aan, ti' kaja'ano'obi', bix u beelo'ob",,spk_011,00:02:02.850,00:02:08.150
sVhmtw2Vsio_0019,"ma'alob, toj u yóolo'ob; bix túun a k'aaba' xunáan",,spk_009,00:02:09.850,00:02:15.150
sVhmtw2Vsio_0020,"xdóomitila in k'aaba', chéen ba'ale' xtiila u ya'ala'al tene",,spk_011,00:02:18.850,00:02:23.150
sVhmtw2Vsio_0021,xmáaj tiila,,spk_009,00:02:26.450,00:02:28.150
sVhmtw2Vsio_0022,taak in bin in xíimbalt juntúul xi'ipal,,spk_009,00:02:29.150,00:02:31.750
sVhmtw2Vsio_0023,"jsaan u k'aaba', ba'ale' ma' in wojel tu'ux kaja'ani'",,spk_009,00:02:34.250,00:02:38.450
sVhmtw2Vsio_0024,a k'aj óool wáa,,spk_009,00:02:38.450,00:02:39.950
sVhmtw2Vsio_0025,tene' ka'atúul xi'ipal in k'aj óol bey u k'aaba'obo',,spk_011,00:02:42.850,00:02:47.150
sVhmtw2Vsio_0026,"ma' in wojel máakalmáak le ka wa'alik techo', máax u yuum",,spk_011,00:02:49.550,00:02:53.950
sVhmtw2Vsio_0027,ma ' in k'aj óol mix juntúul u láak'ali',,spk_009,00:02:57.850,00:03:01.150
sVhmtw2Vsio_0028,chéen ba'ax in wojele' ,,spk_009,00:03:00.950,00:03:02.450
sVhmtw2Vsio_0029,leti'e' ku konik bak' te'e k'íiwiko',,spk_009,00:03:05.650,00:03:08.250
sVhmtw2Vsio_0030,"wáa beyo' in wojel máaxi', ma' jach náach ti' in wotoch kaja'ani'",,spk_011,00:03:11.850,00:03:17.150
sVhmtw2Vsio_0031,bix je'el u páajtal in k'uchul tu yotoche',,spk_009,00:03:21.250,00:03:24.150
sVhmtw2Vsio_0032,táanile' xeen toj,,spk_011,00:03:26.850,00:03:29.150
sVhmtw2Vsio_0033,le kéen k'uchukech te'e tu'ux ku ko'onol le waajo',,spk_011,00:03:30.850,00:03:34.350
sVhmtw2Vsio_0034,"ka tséelel ta no'oj, jach míij tu yóok'ol óoxp'éel naje' ti'i'",,spk_011,00:03:36.750,00:03:42.150
sVhmtw2Vsio_0035,bix u yotoch le jsaano',,spk_009,00:03:44.850,00:03:47.150
sVhmtw2Vsio_0036,"jump'éel ya'ax pak'il naj, ma' jach nojochi'",,spk_011,00:03:49.850,00:03:55.150
sVhmtw2Vsio_0037,tu jáal u kootile' yaan junkúul nuxi' óoxi',,spk_011,00:03:57.250,00:04:00.450
sVhmtw2Vsio_0038,je'elo' kexi' ma' in sa'atale',,spk_009,00:04:02.850,00:04:05.350
sVhmtw2Vsio_0039,"ma' ta sa'atal, chéen ch'a'abil, u yuume' yuum jmiilo",,spk_011,00:04:07.850,00:04:12.150
sVhmtw2Vsio_0040,wáa ba'axe' je'el in k'áatik in wu'uy te'e bej tu'ux kaja'an le don jmiiloo',,spk_009,00:04:14.250,00:04:18.149
sVhmtw2Vsio_0041,beyi'istako'; aktáan ti' u yotoch le yuum jmiiloo' ti kaja'an in wáabil jleexoi',,spk_011,00:04:20.850,00:04:28.150
sVhmtw2Vsio_0042,tu yo'olal le je'elo' a wojel túun ma'alob,,spk_009,00:04:31.350,00:04:34.150
sVhmtw2Vsio_0043,"beyo', tene' ook'in in bin xíimbalt in wáabil, tumeen úuch in wilej",,spk_011,00:04:36.850,00:04:42.150
sVhmtw2Vsio_0044,"ma'alob túun xunáan, jach ya'abkach dios bo'otik",,spk_009,00:04:44.850,00:04:48.150
sVhmtw2Vsio_0045,ma'alob xi'ipal ko'ox ilik ba'ax k'iin,,spk_011,00:04:50.350,00:04:53.150
sVhmtw2Vsio_0046,u taalo'ob xíimbal a yuum yéetel a maama wey kaaje',,spk_011,00:04:54.850,00:05:00.150
sVhmtw2Vsio_0047,bey u ts'i' in wóol ka'abej u taalo'obe',,spk_009,00:05:01.850,00:05:05.150
sVhmtw2Vsio_0048,ka'aj a much a'al ti'ob ka'aj k'uchuk u xíimbal teno'ob,,spk_011,00:05:07.850,00:05:11.750
sVhmtw2Vsio_0049,taak in tsikbal yéetelo'ob,,spk_011,00:05:12.850,00:05:16.150
sVhmtw2Vsio_0050,je'el in wa'alik ti'obe',,spk_009,00:05:18.450,00:05:20.150
sVhmtw2Vsio_0051,ma'alob xi'ipal tak saabado túun,,spk_011,00:05:22.850,00:05:26.150
sVhmtw2Vsio_0052,"ma'alob, nika'aj in wil le jsaano'",,spk_009,00:05:28.650,00:05:31.450
y2IUqDI2vZA_0000,chéen ba'ax in wojele' leti'e' ku konik bak' te'e k'íiwiko',,spk_006,00:00:24.850,00:00:30.150
y2IUqDI2vZA_0001,chéen ba'ax a wojele' to'one k konik ja'as te'e k'íiwiko',,spk_006,00:00:38.850,00:00:43.150
y2IUqDI2vZA_0002,chéen ba'ax u yojele' te'exe' ka konike'ex juch'bil sikil te'e k'íiwiko',,spk_006,00:00:52.850,00:00:58.150
y2IUqDI2vZA_0003,chéen ba'ax k ojele' teche' ka konik ya' te'e k'íiwiko',,spk_006,00:01:08.350,00:01:12.850
y2IUqDI2vZA_0004,chéen ba'ax k ojele'exe' jkaase' ku konik janal te'e k'íiwiko',,spk_006,00:01:21.450,00:01:26.350
y2IUqDI2vZA_0005,chéen ba'ax a wojele'exe' leti'o'obe' ku koniko'ob chakal ja'as te'e k'íiwiko',,spk_001,00:01:34.250,00:01:39.850
y2IUqDI2vZA_0006,chéen ba'ax u yojelo'obe' tene' kin konik ya'ab ba'alo'ob te'e k'íiwiko',,spk_001,00:01:47.850,00:01:53.150
y2IUqDI2vZA_0007,"wáa beyo', in wojel",,spk_001,00:02:01.850,00:02:04.150
y2IUqDI2vZA_0008,"wáa beyo', a wojel tu'uxi'",,spk_001,00:02:09.850,00:02:12.150
y2IUqDI2vZA_0009,"wáa beyo', u yojel máaxi'",,spk_001,00:02:17.650,00:02:20.150
y2IUqDI2vZA_0010,"wáa beyo', k ojel bixij",,spk_006,00:02:25.850,00:02:28.150
y2IUqDI2vZA_0011,"wáa beyo', a wojele'ex máakalmáak",,spk_006,00:02:35.050,00:02:38.150
y2IUqDI2vZA_0012,"wáa beyo', u yojelo'ob ba'axi'",,spk_006,00:02:44.850,00:02:48.150
y2IUqDI2vZA_0013,wáa beyo' in wojel ba'ax k'iin,,spk_006,00:02:54.350,00:02:57.350
y2IUqDI2vZA_0014,wáa beyo' a wojel buka'aj,,spk_006,00:03:03.250,00:03:06.150
y2IUqDI2vZA_0015,"wáa beyo', jkaline' u yojel bajux",,spk_001,00:03:11.550,00:03:15.150
y2IUqDI2vZA_0016,"wáa beyo', k ojel ba'axten",,spk_001,00:03:20.850,00:03:23.150
y2IUqDI2vZA_0017,"wáa beyo', a k'aj óolene'ex",,spk_001,00:03:29.050,00:03:32.150
y2IUqDI2vZA_0018,wáa beyo' u k'aj óolecho'ob,,spk_001,00:03:38.550,00:03:41.150
y2IUqDI2vZA_0019,náach ti' in wotoch,,spk_001,00:03:47.850,00:03:50.150
y2IUqDI2vZA_0020,ma' náach ti' a wotochi',,spk_006,00:03:56.850,00:03:59.150
y2IUqDI2vZA_0021,jach náach ti' u yotoch,,spk_006,00:04:05.550,00:04:07.350
y2IUqDI2vZA_0022,ma' jach náach ti' k otochi',,spk_006,00:04:13.550,00:04:15.750
y2IUqDI2vZA_0023,jach ma' náach ti' a wotoche'exi',,spk_006,00:04:21.850,00:04:24.250
y2IUqDI2vZA_0024,naats' ti' a kaajale'ex,,spk_006,00:04:30.850,00:04:33.150
y2IUqDI2vZA_0025,jach naats' ti' u kaajalo'ob,,spk_001,00:04:37.850,00:04:40.850
y2IUqDI2vZA_0026,ma' jach naats' ti' in kaajali',,spk_001,00:04:46.150,00:04:48.450
y2IUqDI2vZA_0027,ma' naats' ti' a kaajali',,spk_001,00:04:53.650,00:04:56.350
y2IUqDI2vZA_0028,jach ma' naats' ti' u kaajali',,spk_001,00:05:01.850,00:05:04.450
a4nwNUPpd6k_0000,bix je'el in k'uchul tu yotoche',,spk_001,00:00:24.050,00:00:26.450
a4nwNUPpd6k_0001,bix je'el u k'uchul ta wotoche'exe'',,spk_006,00:00:32.850,00:00:35.350
a4nwNUPpd6k_0002,bix je'el k k'uchul tu yotocho'obe',,spk_006,00:00:42.850,00:00:45.350
a4nwNUPpd6k_0003,bix je'el k k'uchule'ex tu yotocho'obe',,spk_006,00:00:52.850,00:00:56.150
a4nwNUPpd6k_0004,bix je'el u páajtal in k'uchul ta wotoche',,spk_006,00:01:03.850,00:01:07.150
a4nwNUPpd6k_0005,bix je'el u páajtal u k'uchulo'ob ta wotoche',,spk_006,00:01:14.450,00:01:17.450
a4nwNUPpd6k_0006,táanile' xeen toj,,spk_001,00:01:24.850,00:01:27.350
a4nwNUPpd6k_0007,táanile' xeen xaman,,spk_001,00:01:34.850,00:01:38.150
a4nwNUPpd6k_0008,táanile' xeen nojol,,spk_001,00:01:43.850,00:01:47.150
a4nwNUPpd6k_0009,táanile' xeen lak'in,,spk_001,00:01:53.850,00:01:57.150
a4nwNUPpd6k_0010,táanile' xeen chik'in,,spk_001,00:02:04.150,00:02:06.650
a4nwNUPpd6k_0011,táanile' xeen ta no'oj,,spk_006,00:02:12.850,00:02:15.450
a4nwNUPpd6k_0012,táanile' xeen ta ts'íik,,spk_006,00:02:21.850,00:02:24.150
a4nwNUPpd6k_0013,xeene'ex tu xuul,,spk_006,00:02:30.850,00:02:33.150
a4nwNUPpd6k_0014,xeene'ex meyaj,,spk_006,00:02:39.250,00:02:41.450
a4nwNUPpd6k_0015,xeene'ex jo',,spk_006,00:02:47.850,00:02:49.250
a4nwNUPpd6k_0016,xeene'ex jun puli',,spk_001,00:02:54.850,00:02:57.150
a4nwNUPpd6k_0017,xeene'ex xíimbal okil,,spk_001,00:03:04.150,00:03:06.550
a4nwNUPpd6k_0018,xeene'ex yóok'ol tsíimin,,spk_001,00:03:12.850,00:03:15.150
a4nwNUPpd6k_0019,le kéen k'uchukech te'e tu'ux ku ko'onol le waajo' ka tséelel,,spk_001,00:03:20.550,00:03:24.450
a4nwNUPpd6k_0020,le kéen k'uchukech tu yotoch don jsiile' ka tséelel,,spk_001,00:03:31.550,00:03:36.150
a4nwNUPpd6k_0021,le kéen k'uchukech k'íiwike' ka tséelel,,spk_006,00:03:44.150,00:03:47.450
a4nwNUPpd6k_0022,tu yóok'ol ka'ap'éel naj,,spk_006,00:03:54.150,00:03:56.650
a4nwNUPpd6k_0023,tu yóok'ol óoxp'éel naj,,spk_006,00:04:03.350,00:04:05.750
a4nwNUPpd6k_0024,tu yóok'ol kamp'éel naj,,spk_006,00:04:12.550,00:04:14.750
ujRzFHq-zJA_0000,bix a wotoch,,spk_006,00:00:25.850,00:00:27.450
ujRzFHq-zJA_0001,bix u yotoch le jsaano',,spk_001,00:00:32.850,00:00:35.150
ujRzFHq-zJA_0002,bix u yotoch a kiiko',,spk_001,00:00:41.250,00:00:43.550
ujRzFHq-zJA_0003,bix a wotoche'ex,,spk_001,00:00:49.850,00:00:52.150
ujRzFHq-zJA_0004,bix u yotocho'ob,,spk_001,00:00:58.550,00:01:00.150
ujRzFHq-zJA_0005,jump'éel ya'ax pak'il naj,,spk_001,00:01:06.850,00:01:08.850
ujRzFHq-zJA_0006,jump'éel sak pak'il naj,,spk_006,00:01:15.850,00:01:18.150
ujRzFHq-zJA_0007,jump'éel chak pak'il naj,,spk_006,00:01:23.850,00:01:26.150
ujRzFHq-zJA_0008,jump'éel k'an pak'il naj,,spk_006,00:01:32.250,00:01:34.650
ujRzFHq-zJA_0009,ka'ap'éel su'ukil naj,,spk_006,00:01:41.650,00:01:43.350
ujRzFHq-zJA_0010,óoxp'éel xa'anil naj,,spk_006,00:01:50.850,00:01:52.650
ujRzFHq-zJA_0011,tu jáal u kootile' yaan ka'akúul pichi'i',,spk_001,00:01:59.450,00:02:03.550
ujRzFHq-zJA_0012,tu jáal u kootile' yaan óoxkúul chi'i',,spk_001,00:02:11.850,00:02:16.150
ujRzFHq-zJA_0013,tu jáal u kootile' yaan kankúul pak'áali',,spk_001,00:02:23.150,00:02:27.550
ujRzFHq-zJA_0014,tu jáal u kootile' yaan jo'okúul luuchi',,spk_001,00:02:34.450,00:02:38.550
ujRzFHq-zJA_0015,tu jáal u kootile' yaan junkúul k'óopte'i',,spk_001,00:02:45.250,00:02:49.450
ujRzFHq-zJA_0016,tu jáal u kootile' yaan ka'akúul abali',,spk_006,00:02:56.850,00:03:00.550
ujRzFHq-zJA_0017,tu jáal u kootile' yaan óoxkúul chaayi',,spk_006,00:03:08.350,00:03:11.850
ujRzFHq-zJA_0018,tu jáal u kootile' yaan kankúul ooni',,spk_006,00:03:19.650,00:03:23.150
ujRzFHq-zJA_0019,kexi' ma' in sa'atale',,spk_006,00:03:31.550,00:03:33.550
ujRzFHq-zJA_0020,kexi' ma' a sa'atale',,spk_006,00:03:39.850,00:03:42.150
ujRzFHq-zJA_0021,kexi' ma' u sa'atale',,spk_001,00:03:47.850,00:03:50.150
ujRzFHq-zJA_0022,kexi' ma' k sa'atale',,spk_001,00:03:55.650,00:03:57.750
ujRzFHq-zJA_0023,kexi' ma' k sa'atale'exe',,spk_001,00:04:04.050,00:04:06.550
ujRzFHq-zJA_0024,kexi' ma' a sa'atale'exe',,spk_001,00:04:13.050,00:04:15.650
ujRzFHq-zJA_0025,kexi' ma' u sa'atalo'obe',,spk_001,00:04:23.150,00:04:25.450
ujRzFHq-zJA_0026,ma' tin sa'atal,,spk_006,00:04:33.150,00:04:35.150
ujRzFHq-zJA_0027,ma' ta sa'atal,,spk_006,00:04:41.450,00:04:43.250
ujRzFHq-zJA_0028,ma' tu sa'atal,,spk_006,00:04:48.650,00:04:50.550
ujRzFHq-zJA_0029,ma' t sa'atal,,spk_006,00:04:57.250,00:04:59.150
ujRzFHq-zJA_0030,ma' t sa'atale'ex,,spk_006,00:05:05.850,00:05:07.950
ujRzFHq-zJA_0031,ma' ta sa'atale'ex,,spk_001,00:05:14.150,00:05:16.150
ujRzFHq-zJA_0032,ma' tu sa'atalo'ob,,spk_001,00:05:21.850,00:05:25.150
ZQQ4AXy9e2o_0000,ko'ox ilik,,spk_001,00:00:26.650,00:00:29.150
ZQQ4AXy9e2o_0001,ko'ox k'aay,,spk_001,00:00:34.850,00:00:36.150
ZQQ4AXy9e2o_0002,ko'one'ex tsikbal,,spk_001,00:00:42.150,00:00:44.150
ZQQ4AXy9e2o_0003,ko'ox meyaj,,spk_006,00:00:50.850,00:00:52.150
ZQQ4AXy9e2o_0004,ko'one'ex xook,,spk_006,00:00:58.850,00:01:01.150
ZQQ4AXy9e2o_0005,ko'ox báaxal,,spk_006,00:01:05.850,00:01:08.150
ZQQ4AXy9e2o_0006,ko'one'ex óok'ot,,spk_006,00:01:13.250,00:01:15.150
ZQQ4AXy9e2o_0007,ko'ox xíimbal,,spk_006,00:01:20.850,00:01:22.550
ZQQ4AXy9e2o_0008,bey u ts'i' in wóol ka'abej u taalo'obe',,spk_001,00:01:29.550,00:01:33.150
ZQQ4AXy9e2o_0009,bey u ts'i' in wóol saamal u taale',,spk_001,00:01:40.850,00:01:44.150
ZQQ4AXy9e2o_0010,much a'al ti'ob ka'aj k'uchuk u xíimbal teno'ob,,spk_001,00:01:49.850,00:01:53.150
ZQQ4AXy9e2o_0011,much a'al ti' ka'aj k'uchuk u xíimbal ten,,spk_001,00:01:59.850,00:02:03.150
ZQQ4AXy9e2o_0012,a'al ti' ka'aj k'uchuk u xíimbal to'on,,spk_001,00:02:09.650,00:02:12.150
ZQQ4AXy9e2o_0013,taak in wóok'ot ta wéetel,,spk_006,00:02:19.250,00:02:21.150
ZQQ4AXy9e2o_0014,taak in meyaj yéetel,,spk_006,00:02:27.850,00:02:31.150
ZQQ4AXy9e2o_0015,taak in janal ta wéetele'ex,,spk_006,00:02:35.850,00:02:38.150
ZQQ4AXy9e2o_0016,taak in tsikbal yéetelo'ob,,spk_006,00:02:43.850,00:02:47.150
ZQQ4AXy9e2o_0017,nika'aj in wil jsaan,,spk_006,00:02:52.850,00:02:55.150
ZQQ4AXy9e2o_0018,nika'aj in wilej,,spk_001,00:03:01.850,00:03:03.350
ZQQ4AXy9e2o_0019,naka'aj a wil xdaam,,spk_001,00:03:08.850,00:03:11.450
ZQQ4AXy9e2o_0020,naka'aj a wilej,,spk_001,00:03:15.850,00:03:18.150
ZQQ4AXy9e2o_0021,nuka'aj u yil jpoolo,,spk_001,00:03:23.850,00:03:26.650
ZQQ4AXy9e2o_0022,nuka'aj u yilej,,spk_001,00:03:32.850,00:03:34.350
0Fv2TJNBdy0_0000,le ka'aj ts'o'ok in wok'ol,,spk_001,00:00:24.150,00:00:26.150
0Fv2TJNBdy0_0001,le ka'aj ts'o'ok a síit',,spk_001,00:00:31.850,00:00:34.150
0Fv2TJNBdy0_0002,le ka'aj ts'o'ok u yok'ol jabuch,,spk_001,00:00:39.650,00:00:42.150
0Fv2TJNBdy0_0003,le ka'aj ts'o'ok k t'aan,,spk_001,00:00:48.850,00:00:51.150
0Fv2TJNBdy0_0004,le ka'aj ts'o'ok k t'aane'ex,,spk_001,00:00:57.600,00:01:00.150
0Fv2TJNBdy0_0005,le ka'aj ts'o'ok a bo'ole'ex,,spk_006,00:01:06.450,00:01:08.750
0Fv2TJNBdy0_0006,le ka'aj ts'o'ok u che'ejo'ob,,spk_006,00:01:14.450,00:01:17.150
0Fv2TJNBdy0_0007,jáan binen in bo'ot u p'aax in suku'un,,spk_006,00:01:22.250,00:01:25.550
0Fv2TJNBdy0_0008,jáan binech a míist in wotoch,,spk_006,00:01:32.850,00:01:35.450
0Fv2TJNBdy0_0009,jáan bin u t'aan k íits'in,,spk_006,00:01:41.650,00:01:44.150
0Fv2TJNBdy0_0010,jáan bino'on k juch' k'eyem,,spk_001,00:01:49.850,00:01:52.350
0Fv2TJNBdy0_0011,jáan bino'on k sute'ex le taak'ino',,spk_001,00:01:58.450,00:02:01.550
0Fv2TJNBdy0_0012,jáan bine'ex a cha'ant pay wakax,,spk_001,00:02:07.550,00:02:10.350
0Fv2TJNBdy0_0013,jáan bin u ts'u'uts'o'ob chamal,,spk_001,00:02:16.850,00:02:19.750
0Fv2TJNBdy0_0014,kula'anech wáa,,spk_001,00:02:25.850,00:02:27.550
0Fv2TJNBdy0_0015,kula'an wáa u suku'un a watan,,spk_006,00:02:32.850,00:02:35.550
0Fv2TJNBdy0_0016,kula'ane'ex wáa,,spk_006,00:02:41.850,00:02:43.550
0Fv2TJNBdy0_0017,kula'ano'ob wáa,,spk_006,00:02:48.850,00:02:51.150
0Fv2TJNBdy0_0018,ma' kula'aneni',,spk_006,00:02:56.550,00:02:58.250
0Fv2TJNBdy0_0019,ma' kula'ano'oni',,spk_006,00:03:03.850,00:03:05.550
0Fv2TJNBdy0_0020,sáam xi'ik a ja'an,,spk_001,00:03:09.850,00:03:12.550
0Fv2TJNBdy0_0021,sáam taalaken,,spk_001,00:03:16.850,00:03:18.550
0Fv2TJNBdy0_0022,sáam jaanakech,,spk_001,00:03:23.150,00:03:25.350
0Fv2TJNBdy0_0023,sáam uk'ulnak le xi'ipalo',,spk_001,00:03:30.550,00:03:33.150
0Fv2TJNBdy0_0024,sáam ichkíilnako'on,,spk_001,00:03:38.850,00:03:41.450
0Fv2TJNBdy0_0025,sáam ts'o'ojko'one'ex,,spk_006,00:03:45.850,00:03:49.150
0Fv2TJNBdy0_0026,sáam u'uluke'ex,,spk_006,00:03:53.850,00:03:56.150
0Fv2TJNBdy0_0027,sáam suunako'ob,,spk_006,00:04:01.850,00:04:04.150
0Fv2TJNBdy0_0028,ma' sáam xi'iko'obi',,spk_006,00:04:08.850,00:04:11.150
0Fv2TJNBdy0_0029,ma' sáam ts'o'okok in wichkíili',,spk_006,00:04:16.850,00:04:20.149
0Fv2TJNBdy0_0030,ma' sáam ts'o'okok u yichkíili',,spk_001,00:04:25.850,00:04:28.950
0Fv2TJNBdy0_0031,te'eytak u suuto'ob wale',,spk_001,00:04:35.850,00:04:38.550
0Fv2TJNBdy0_0032,míij te'eytak u suut jjaas,,spk_001,00:04:45.250,00:04:48.550
JHvzHAYZLW4_0000,"jsaan, jsaan kula'anech wáa",,spk_009,00:00:43.050,00:00:45.950
JHvzHAYZLW4_0001,"ma' kula'ani, bija'an tu yiknal in kiik xmaruch",,spk_012,00:00:48.850,00:00:52.450
JHvzHAYZLW4_0002,sáam wáa xi'ik,,spk_009,00:00:55.850,00:00:58.150
JHvzHAYZLW4_0003,"chan sáamij, te'eytak u suut wale'",,spk_012,00:00:59.850,00:01:03.150
JHvzHAYZLW4_0004,"taak in páa'tik lo'obal, ba'ale' kux túun wáa ku xáantal nal a kiiko'",,spk_009,00:01:06.549,00:01:11.150
JHvzHAYZLW4_0005,teech a wojel,,spk_012,00:01:13.850,00:01:16.150
JHvzHAYZLW4_0006,"máax yéetel ka tsikbal, xch'úupal",,spk_013,00:01:17.850,00:01:21.150
JHvzHAYZLW4_0007,yéetel juntúul xi'ipal taal u yil jsaan,,spk_012,00:01:23.850,00:01:27.150
JHvzHAYZLW4_0008,"a'al ti' ka'aj máanak, ma' tu xáantal ts'o'ok u k'uchul",,spk_013,00:01:29.850,00:01:34.150
JHvzHAYZLW4_0009,ooken bin,,spk_012,00:01:37.050,00:01:38.450
JHvzHAYZLW4_0010,bix a beel don jmiilo,,spk_009,00:01:41.850,00:01:43.250
JHvzHAYZLW4_0011,"ma'alob, je'el le k'áanche'o', kuleen",,spk_013,00:01:45.650,00:01:49.000
JHvzHAYZLW4_0012,"dios bo'otik, tene' jkalin in k'aaba', in taatae' don jpoonso witsíil, ma' in wojel wáa a k'aj óoli'",,spk_009,00:01:51.850,00:01:59.150
JHvzHAYZLW4_0013,"bix ma' in k'aj óoltik, in wéet xook ka'ach úuchij",,spk_013,00:02:02.250,00:02:06.150
JHvzHAYZLW4_0014,ma' in wojel ka'achi',,spk_009,00:02:08.850,00:02:10.150
JHvzHAYZLW4_0015,jaaj wáa tia'an jkalin weye',,spk_010,00:02:12.450,00:02:14.150
JHvzHAYZLW4_0016,je'el ku páa'tikech wey ich naje',,spk_013,00:02:17.250,00:02:19.750
JHvzHAYZLW4_0017,'ba'ax ka wa'alik jsaan,,spk_009,00:02:22.850,00:02:25.150
JHvzHAYZLW4_0018,"chéen beya', ma' ta wa'alaj ten wáa yaan a taali'",,spk_010,00:02:26.850,00:02:31.150
JHvzHAYZLW4_0019,"ts'o'ok in taal kex chéen junsúutuk, bix túun u beel a kiiko'",,spk_009,00:02:33.350,00:02:38.150
JHvzHAYZLW4_0020,"ma' jach ma'alobi', táan u chi'ibal u pool",,spk_010,00:02:40.850,00:02:44.450
JHvzHAYZLW4_0021,xuulul wáa táan u chi'ibal u pool a kiiko',,spk_013,00:02:46.850,00:02:50.450
JHvzHAYZLW4_0022,"xuulul, ba'ale' táan u chan máan kex beyo'",,spk_010,00:02:53.250,00:02:57.150
JHvzHAYZLW4_0023,kux teech jkalin yaan wáa a kiik,,spk_010,00:02:59.850,00:03:03.150
JHvzHAYZLW4_0024,"mina'an, chéen in suku'un yaan",,spk_009,00:03:05.850,00:03:08.350
JHvzHAYZLW4_0025,jaytúul a suku'un yaan,,spk_010,00:03:10.850,00:03:13.150
JHvzHAYZLW4_0026,jkalin. chéen ka'atúul,,spk_009,00:03:14.850,00:03:16.550
JHvzHAYZLW4_0027,bix u k'aaba'ob,,spk_010,00:03:18.850,00:03:21.150
JHvzHAYZLW4_0028,"juntúule' jpiil yéetel uláak'o' je'e bix u k'aaba' in taatao', ba'ale' jach jela'antako'ob",,spk_009,00:03:23.350,00:03:29.150
JHvzHAYZLW4_0029,ba'axten,,spk_010,00:03:33.250,00:03:34.150
JHvzHAYZLW4_0030,"le jpoonsoo' chíika'an ti' in maama, mulix, kaabal u bakel",,spk_009,00:03:37.550,00:03:42.150
JHvzHAYZLW4_0031,"bek'ech, ts'o'okole' ya'axtak u yich",,spk_009,00:03:45.050,00:03:48.450
JHvzHAYZLW4_0032,kux túun le jpiilo' bixij,,spk_010,00:03:51.850,00:03:53.350
JHvzHAYZLW4_0033,"leti'e' maas chan chíika'an ti' in taata, polok, ka'anal u bakel",,spk_009,00:03:55.850,00:04:01.150
JHvzHAYZLW4_0034,"piim u me'ex, le ku ts'o'okole' ch'eel xan",,spk_009,00:04:04.850,00:04:08.450
JHvzHAYZLW4_0035,"je'elo' jaaj a t'aan, jach jela'antako'ob. teche' chan chíika'anech ti' tu ka'atúulil",,spk_010,00:04:11.550,00:04:17.450
JHvzHAYZLW4_0036,"ka'anal a baakel, bek'echech, k'as mulixech, yaan xan a me'ex",,spk_010,00:04:21.350,00:04:28.150
JHvzHAYZLW4_0037,kin wilike' teche' chíika'anech ti' a kiik,,spk_009,00:04:31.850,00:04:35.150
JHvzHAYZLW4_0038,kex beyo'jach jela'antako'ob xan,,spk_013,00:04:37.850,00:04:41.150
JHvzHAYZLW4_0039,tene' jach uts tin wich in cha'antik le pay wakaxo'...,,spk_010,00:04:43.850,00:04:47.150
JHvzHAYZLW4_0040,ba'ale' le jáaranao' ma' uts tu t'aani',,spk_013,00:04:50.450,00:04:54.150
JHvzHAYZLW4_0041,"kin cha'antik, ba'ale' ma' tin wóok'ostik",,spk_010,00:04:56.850,00:05:00.650
JHvzHAYZLW4_0042,in kiiko'obe' jach táaj uts tu t'aan u yóok'ostiko'ob,,spk_010,00:05:02.850,00:05:06.550
JHvzHAYZLW4_0043,tene' ba'ax in p'eeke' xiib,,spk_009,00:05:09.350,00:05:11.650
JHvzHAYZLW4_0044,ba'axten,,spk_013,00:05:13.850,00:05:15.150
JHvzHAYZLW4_0045,"tumeen chéen ko'olel uts tin wich, ja, ja, ja lelo' tak teen",,spk_009,00:05:16.850,00:05:21.150
JHvzHAYZLW4_0046,"ma'alobe'ex túun, táan in bin tiknal in chiich, ts'o'ok in wi'ijtal",,spk_009,00:05:23.850,00:05:29.150
JHvzHAYZLW4_0047,"wáa wi'ijeche' p'áaten janal, mix jaanko'on xani'",,spk_013,00:05:31.850,00:05:36.450
JHvzHAYZLW4_0048,jach dios bo'otik don jmiilo,,spk_009,00:05:39.650,00:05:41.350
JHvzHAYZLW4_0049,ba'ale' tuláa'k'iin wale' tumeen táan u páa'tiken in chiich,,spk_009,00:05:44.550,00:05:48.050
JHvzHAYZLW4_0050,"ma'alob xi'ipal, kaláantaba",,spk_013,00:05:51.650,00:05:54.150
JHvzHAYZLW4_0051,"bix túun, yaan wáa a jóok'ol ka'akate'",,spk_010,00:05:56.850,00:06:00.150
JHvzHAYZLW4_0052,míij ma'. saabadoe' yaan k bin xíimbalt xmáaj tiila,,spk_009,00:06:02.850,00:06:07.150
JHvzHAYZLW4_0053,je'el wáa a taal t éetele' utia'al ka'aj máanako'on k ch'a'ech,,spk_009,00:06:10.850,00:06:15.150
JHvzHAYZLW4_0054,"je'ele, kex ba'ax oora",,spk_010,00:06:17.850,00:06:21.150
JHvzHAYZLW4_0055,kex chúumuk k'iin wale',,spk_009,00:06:23.850,00:06:26.150
JHvzHAYZLW4_0056,"je'elo' bey k p'áatalo', ma'alob",,spk_010,00:06:29.850,00:06:32.150
JHvzHAYZLW4_0057,"ma'alob, tak saabado",,spk_009,00:06:35.850,00:06:38.150
o6k2wknL64o_0000,a'al ti' ka'aj máanak u páa'ten,,spk_001,00:00:27.850,00:00:30.150
o6k2wknL64o_0001,a'al ti'ob ka'aj máanak u páa'teno'ob,,spk_001,00:00:36.350,00:00:38.750
o6k2wknL64o_0002,ma' tu xáantal ts'o'ok in suut,,spk_006,00:00:44.850,00:00:48.150
o6k2wknL64o_0003,ma' tu xáantal ts'o'ok u bin,,spk_006,00:00:53.850,00:00:57.150
o6k2wknL64o_0004,ma' tu xáantal ts'o'ok k kóojol,,spk_006,00:01:02.850,00:01:06.150
o6k2wknL64o_0005,ma' tu xáantal ts'o'ok k ts'o'oksike'ex,,spk_006,00:01:11.850,00:01:16.150
o6k2wknL64o_0006,ma' tu xáantal ts'o'ok u k'uchulo'ob,,spk_006,00:01:22.450,00:01:25.150
o6k2wknL64o_0007,xooknen,,spk_001,00:01:31.850,00:01:33.350
o6k2wknL64o_0008,xokej,,spk_001,00:01:38.850,00:01:39.550
o6k2wknL64o_0009,máanen,,spk_001,00:01:44.850,00:01:46.150
o6k2wknL64o_0010,ooken,,spk_001,00:01:50.850,00:01:53.150
o6k2wknL64o_0011,jóok'en,,spk_001,00:01:57.550,00:01:59.150
o6k2wknL64o_0012,xooknene'ex,,spk_006,00:02:04.850,00:02:07.150
o6k2wknL64o_0013,xoke'ex,,spk_006,00:02:11.850,00:02:14.150
o6k2wknL64o_0014,máanene'ex,,spk_006,00:02:18.850,00:02:21.150
o6k2wknL64o_0015,ookene'ex,,spk_006,00:02:25.850,00:02:28.150
o6k2wknL64o_0016,jóok'ene'ex,,spk_006,00:02:32.850,00:02:35.150
o6k2wknL64o_0017,jóok'en bin,,spk_001,00:02:41.250,00:02:42.750
o6k2wknL64o_0018,kuleen bin,,spk_001,00:02:48.850,00:02:50.450
o6k2wknL64o_0019,jóok'ene'ex bin,,spk_001,00:02:55.150,00:02:57.550
o6k2wknL64o_0020,kuleene'ex bin,,spk_001,00:03:01.850,00:03:03.550
o6k2wknL64o_0021,je'el le nook'o',,spk_001,00:03:07.850,00:03:10.150
o6k2wknL64o_0022,je'el le nook'a',,spk_006,00:03:15.850,00:03:18.150
kmZ843k3Pcw_0000,ma' in wojel wáa u k'aj óolechi',,spk_006,00:00:26.850,00:00:29.150
kmZ843k3Pcw_0001,ma' u yojel wáa in k'aj óolechi',,spk_006,00:00:35.850,00:00:39.150
kmZ843k3Pcw_0002,ma' u yojel wáa a k'aj óoleni',,spk_006,00:00:45.850,00:00:48.450
kmZ843k3Pcw_0003,in wéet xooko'ob,,spk_001,00:00:53.150,00:00:55.550
kmZ843k3Pcw_0004,u yéet kaajal xmaruch,,spk_001,00:01:00.850,00:01:03.450
kmZ843k3Pcw_0005,ma' in k'aj óole'exi',,spk_001,00:01:09.150,00:01:11.650
kmZ843k3Pcw_0006,ma in k'aj óole'ex ka'achi',,spk_001,00:01:16.850,00:01:19.550
kmZ843k3Pcw_0007,ma' in wili',,spk_001,00:01:24.850,00:01:26.850
kmZ843k3Pcw_0008,ma' in wil ka'achi',,spk_006,00:01:32.850,00:01:35.150
kmZ843k3Pcw_0009,jaaj wáa tia'anech weye',,spk_006,00:01:41.850,00:01:44.450
kmZ843k3Pcw_0010,jaaj wáa tia'ane'ex weye',,spk_006,00:01:51.150,00:01:53.550
kmZ843k3Pcw_0011,jaaj wáa tia'ano'ob weye',,spk_006,00:02:00.050,00:02:03.150
kmZ843k3Pcw_0012,ma' wáa tu ya'alaj tech wáa yaan suuti',,spk_006,00:02:09.850,00:02:13.150
kmZ843k3Pcw_0013,ma' ta wa'alaj to'on wáa yaan a bini',,spk_001,00:02:19.850,00:02:22.150
kmZ843k3Pcw_0014,ma' t a'alaj tech ma' t bini',,spk_001,00:02:28.850,00:02:32.150
kmZ843k3Pcw_0015,ts'o'ok in míis,,spk_001,00:02:39.850,00:02:41.550
kmZ843k3Pcw_0016,ts'o'ok a p'o',,spk_001,00:02:47.150,00:02:48.650
kmZ843k3Pcw_0017,ts'o'ok u meyaj jpaancho,,spk_001,00:02:53.850,00:02:56.450
kmZ843k3Pcw_0018,ts'o'ok k janal,,spk_006,00:03:01.850,00:03:04.150
kmZ843k3Pcw_0019,to'one'exe' ts'o'ok k uk'ul,,spk_006,00:03:08.850,00:03:12.150
kmZ843k3Pcw_0020,xpaancha yéetel teche' ts'o'ok a je'elele'ex,,spk_006,00:03:17.850,00:03:22.150
kmZ843k3Pcw_0021,jnaando yéetel u yatane' ts'o'ok u bino'ob,,spk_006,00:03:29.850,00:03:33.350
PrX2FSYd0b8_0000,táan u chi'ibal in pool,,spk_006,00:00:27.350,00:00:29.150
PrX2FSYd0b8_0001,táan u chi'ibal u nak' in wíicham,,spk_001,00:00:36.150,00:00:38.150
PrX2FSYd0b8_0002,táan u chi'ibal k xikin,,spk_001,00:00:44.850,00:00:47.150
PrX2FSYd0b8_0003,táan u chi'ibal k koje'ex,,spk_001,00:00:52.650,00:00:54.850
PrX2FSYd0b8_0004,táan u chi'ibal u nak'o'ob,,spk_001,00:00:59.850,00:01:02.450
PrX2FSYd0b8_0005,yaan wáa a kiik,,spk_001,00:01:07.850,00:01:10.150
PrX2FSYd0b8_0006,yaan wáa a suku'une'ex,,spk_006,00:01:16.150,00:01:18.650
PrX2FSYd0b8_0007,yaan wáa a láak'al,,spk_006,00:01:24.850,00:01:27.150
PrX2FSYd0b8_0008,mina'an in suku'un,,spk_006,00:01:32.850,00:01:35.150
PrX2FSYd0b8_0009,yaan a kiik,,spk_006,00:01:41.850,00:01:44.150
PrX2FSYd0b8_0010,mina'an u láak'al,,spk_006,00:01:50.150,00:01:52.450
PrX2FSYd0b8_0011,jaytúul a kiik yaan,,spk_001,00:01:57.850,00:02:00.150
PrX2FSYd0b8_0012,jaytúul a suku'une'ex yaan,,spk_001,00:02:06.150,00:02:08.650
PrX2FSYd0b8_0013,jaytúul u láak'al yaan,,spk_001,00:02:14.850,00:02:17.150
PrX2FSYd0b8_0014,chéen juntúul in suku'un yaan,,spk_001,00:02:22.850,00:02:25.550
PrX2FSYd0b8_0015,mix juntúul u kiik yaan,,spk_001,00:02:30.850,00:02:33.450
PrX2FSYd0b8_0016,"kin wóok'ostik, ba'ale' ma' tin k'ayik",,spk_006,00:02:37.550,00:02:41.150
PrX2FSYd0b8_0017,"ka xokik, ba'ale' ma' ta ts'íibtik",,spk_006,00:02:47.550,00:02:51.150
PrX2FSYd0b8_0018,"ku k'ayik, ba'ale' ma' tu paxik",,spk_006,00:02:57.550,00:03:01.150
PrX2FSYd0b8_0019,"k wenel, ba'ale' ma' t náay",,spk_006,00:03:06.150,00:03:09.150
PrX2FSYd0b8_0020,"k tuklike'ex, ba'ale' ma' t beetke'ex",,spk_006,00:03:15.450,00:03:19.150
PrX2FSYd0b8_0021,táan u páa'tiken jmaando,,spk_001,00:03:25.850,00:03:29.150
PrX2FSYd0b8_0022,táan in páa'tike'ex,,spk_001,00:03:33.850,00:03:36.150
PrX2FSYd0b8_0023,táan u páa'tko'one'exo'ob,,spk_001,00:03:40.850,00:03:43.150
PrX2FSYd0b8_0024,yaan in bin konol,,spk_001,00:03:47.850,00:03:49.550
PrX2FSYd0b8_0025,yaan a bin a kon bak',,spk_001,00:03:54.650,00:03:56.450
PrX2FSYd0b8_0026,jpiile' yaan u paax sáamal,,spk_006,00:04:01.150,00:04:03.850
PrX2FSYd0b8_0027,yaan k paxik jáarana ka'abej,,spk_006,00:04:08.850,00:04:11.450
PrX2FSYd0b8_0028,yaan k óok'ostike'ex jáarana byeernes,,spk_006,00:04:17.850,00:04:21.149
PrX2FSYd0b8_0029,yaan u k'ayiko'ob jáarana ka'akate',,spk_006,00:04:27.850,00:04:30.450
441OglMZCY0_0000,uti'al ka'aj múul meyajnako'on,,spk_006,00:00:24.850,00:00:28.150
441OglMZCY0_0001,uti'al ka'aj múul xíimbalnako'one'ex,,spk_006,00:00:35.350,00:00:38.450
441OglMZCY0_0002,uti'al ka'aj múul xooknake'ex,,spk_006,00:00:45.450,00:00:48.150
441OglMZCY0_0003,uti'al ka'aj múul tsikbalnako'ob,,spk_006,00:00:54.850,00:00:57.450
441OglMZCY0_0004,tin juunal binen,,spk_006,00:01:03.950,00:01:05.750
441OglMZCY0_0005,ta juunal suunajech,,spk_001,00:01:11.850,00:01:13.950
441OglMZCY0_0006,tu juunal meyajnajij,,spk_001,00:01:19.850,00:01:22.150
441OglMZCY0_0007,t juunal áalkabnajo'on,,spk_001,00:01:26.850,00:01:30.150
441OglMZCY0_0008,t juunal p'áato'one'ex,,spk_001,00:01:35.250,00:01:37.350
441OglMZCY0_0009,tu juunal báabnajo'ob,,spk_001,00:01:41.850,00:01:44.150
441OglMZCY0_0010,yéetel máax kajakbalech,,spk_006,00:01:49.250,00:01:51.550
441OglMZCY0_0011,yéetel máax kajakbal,,spk_006,00:01:57.850,00:01:59.450
441OglMZCY0_0012,yéetel máax kajakbale'ex,,spk_006,00:02:06.050,00:02:08.449
441OglMZCY0_0013,yéetel máax kajakbalo'ob,,spk_006,00:02:14.850,00:02:17.450
441OglMZCY0_0014,jach ki'ichpam a wáabil,,spk_006,00:02:23.850,00:02:26.150
441OglMZCY0_0015,jach ki'ichkelem u yáabilo'ob,,spk_001,00:02:32.850,00:02:35.850
441OglMZCY0_0016,ts'oka'an wáa a beel,,spk_001,00:02:43.350,00:02:45.150
441OglMZCY0_0017,ts'oka'an wáa u beel a kiik,,spk_001,00:02:51.350,00:02:53.650
441OglMZCY0_0018,ts'oka'an wáa u beel le xi'ipalo',,spk_001,00:02:59.850,00:03:03.150
441OglMZCY0_0019,ts'oka'an wáa a beele'ex,,spk_001,00:03:09.250,00:03:11.550
441OglMZCY0_0020,ts'oka'an wáa u beelo'ob,,spk_006,00:03:15.850,00:03:18.150
441OglMZCY0_0021,ts'oka'an in beel,,spk_006,00:03:23.850,00:03:25.750
441OglMZCY0_0022,ts'oka'an u beel,,spk_006,00:03:31.550,00:03:33.450
441OglMZCY0_0023,ts'oka'an k beel,,spk_006,00:03:37.850,00:03:40.150
441OglMZCY0_0024,ts'oka'an k beele'ex,,spk_006,00:03:45.350,00:03:47.150
441OglMZCY0_0025,ts'oka'an u beelo'ob,,spk_001,00:03:53.850,00:03:56.150
441OglMZCY0_0026,ma' ts'oka'an in beeli',,spk_001,00:04:02.350,00:04:04.450
441OglMZCY0_0027,ts'oka'an u beel ka'achij,,spk_001,00:04:10.350,00:04:12.550
441OglMZCY0_0028,ma' ts'oka'an k beel ka'achi',,spk_001,00:04:17.850,00:04:21.149
441OglMZCY0_0029,ma' ts'oka'an k beele'exi',,spk_001,00:04:25.850,00:04:29.150
441OglMZCY0_0030,ts'oka'an u beelo'ob ka'achij,,spk_006,00:04:35.850,00:04:38.250
441OglMZCY0_0031,ts'o'ok wáa u ts'o'okol a beel,,spk_006,00:04:44.850,00:04:47.450
441OglMZCY0_0032,ts'o'ok wáa u ts'o'okol u beel a suku'un,,spk_006,00:04:53.850,00:04:56.850
441OglMZCY0_0033,ts'o'ok wáa u ts'o'okol a beele'ex,,spk_006,00:05:03.950,00:05:06.250
441OglMZCY0_0034,ts'o'ok wáa u ts'o'okol u beelo'ob,,spk_006,00:05:13.450,00:05:15.550
441OglMZCY0_0035,ts'o'ok u ts'o'okol in beel,,spk_001,00:05:22.850,00:05:25.150
441OglMZCY0_0036,ma' ts'o'okok u beeli',,spk_001,00:05:30.850,00:05:33.150
441OglMZCY0_0037,ma' ts'o'okok k beel ka'achi',,spk_001,00:05:37.850,00:05:40.150
441OglMZCY0_0038,ma' ts'o'okok k beele'exi',,spk_001,00:05:46.450,00:05:48.650
441OglMZCY0_0039,ma' ts'o'okok u beelo'ob ka'achi',,spk_001,00:05:54.150,00:05:57.450
oQfP-E9l8AI_0000,ba'ax úuchij,,spk_006,00:00:25.850,00:00:28.150
oQfP-E9l8AI_0001,ba'ax úuch tech,,spk_006,00:00:32.850,00:00:34.150
oQfP-E9l8AI_0002,ba'ax úuch te'ex,,spk_006,00:00:39.850,00:00:41.550
oQfP-E9l8AI_0003,ba'ax úuch ti'ob,,spk_006,00:00:47.850,00:00:49.150
oQfP-E9l8AI_0004,mixba'al úuchij,,spk_006,00:00:54.850,00:00:57.150
oQfP-E9l8AI_0005,mixba'al úuch ten,,spk_001,00:01:02.850,00:01:04.550
oQfP-E9l8AI_0006,mixba'al úuch ti',,spk_001,00:01:10.150,00:01:12.450
oQfP-E9l8AI_0007,mixba'al úuch to'on,,spk_001,00:01:16.850,00:01:18.550
oQfP-E9l8AI_0008,mixba'al úuch to'one'ex,,spk_001,00:01:22.850,00:01:25.550
oQfP-E9l8AI_0009,mixba'al úuch ti'ob,,spk_001,00:01:29.850,00:01:32.150
oQfP-E9l8AI_0010,ba'ax ku beetik jtiino,,spk_006,00:01:37.650,00:01:39.750
oQfP-E9l8AI_0011,ba'ax ka beetike'ex,,spk_006,00:01:45.850,00:01:48.150
oQfP-E9l8AI_0012,ba'ax ku beetiko'ob,,spk_006,00:01:53.250,00:01:55.150
oQfP-E9l8AI_0013,táan in p'o' nook',,spk_006,00:02:00.850,00:02:02.650
oQfP-E9l8AI_0014,táan in p'o'ik in nook',,spk_006,00:02:08.850,00:02:10.449
oQfP-E9l8AI_0015,táan a míistik u yotoch a suku'un,,spk_001,00:02:14.850,00:02:18.150
oQfP-E9l8AI_0016,táan u k'ayik jump'éel jats'uts k'aay,,spk_001,00:02:22.850,00:02:26.150
oQfP-E9l8AI_0017,táan k kanik maaya,,spk_001,00:02:30.850,00:02:32.750
oQfP-E9l8AI_0018,táan k payal chi'ex,,spk_001,00:02:37.850,00:02:39.650
oQfP-E9l8AI_0019,táan a tuklikene'ex,,spk_001,00:02:44.550,00:02:46.750
oQfP-E9l8AI_0020,táan u yokliko'ob juntúul úulum,,spk_006,00:02:51.850,00:02:55.150
oQfP-E9l8AI_0021,"lep' a wóol, xi'ipal",,spk_006,00:03:00.850,00:03:03.150
oQfP-E9l8AI_0022,lep' a wóole'ex,,spk_006,00:03:08.850,00:03:11.150
pbkNWN7jZ4U_0000,ba'ax a k'iin a bin meyaj,,spk_006,00:00:23.950,00:00:25.550
pbkNWN7jZ4U_0001,ba'ax k'iin u bin xíimbal ja'an,,spk_006,00:00:31.150,00:00:34.150
pbkNWN7jZ4U_0002,ba'ax k'iin a meyaje'ex,,spk_001,00:00:40.550,00:00:42.650
pbkNWN7jZ4U_0003,ba'ax k'iin a bine'ex meyaj,,spk_001,00:00:48.850,00:00:51.150
pbkNWN7jZ4U_0004,ba'ax k'iin u yóok'ostiko'ob chan wakax,,spk_001,00:00:57.450,00:01:00.650
pbkNWN7jZ4U_0005,na'aken tu yóok'ol le tsíimino',,spk_001,00:01:05.849,00:01:08.350
pbkNWN7jZ4U_0006,na'akech tu yóok'ol le najo',,spk_001,00:01:11.850,00:01:14.150
pbkNWN7jZ4U_0007,na'ak tu yóok'ol le kooto',,spk_006,00:01:18.550,00:01:20.750
pbkNWN7jZ4U_0008,na'ako'on tu yóok'ol mooto,,spk_006,00:01:25.850,00:01:28.150
pbkNWN7jZ4U_0009,na'ako'one'ex te' tsíimin k'áak'o',,spk_006,00:01:33.350,00:01:35.450
pbkNWN7jZ4U_0010,na'ake'ex te' péepen k'áak'o',,spk_006,00:01:40.850,00:01:43.150
pbkNWN7jZ4U_0011,na'ako'ob te' kis buuts'o',,spk_006,00:01:47.850,00:01:51.150
pbkNWN7jZ4U_0012,anchaj in jaantik kex ma' ki' tin chi'i',,spk_001,00:01:55.850,00:01:59.150
pbkNWN7jZ4U_0013,anchaj a manik kex ko'oj,,spk_001,00:02:05.850,00:02:08.150
pbkNWN7jZ4U_0014,anchaj u beetik kex ma' u k'áati',,spk_001,00:02:14.250,00:02:17.150
pbkNWN7jZ4U_0015,anchaj u bo'otiko'ob kex seen ko'oj,,spk_001,00:02:22.350,00:02:25.150
pbkNWN7jZ4U_0016,syeen pesos tu bineltaj,,spk_001,00:02:30.850,00:02:33.150
pbkNWN7jZ4U_0017,jump'éel kilo tu bineltaj ten,,spk_006,00:02:37.850,00:02:41.150
pbkNWN7jZ4U_0018,ka'amuut tu bineltaj tech,,spk_006,00:02:46.550,00:02:48.950
pbkNWN7jZ4U_0019,óoxwuuts' tu bineltaj ti',,spk_006,00:02:54.850,00:02:57.150
pbkNWN7jZ4U_0020,kanlúub tu bineltaj to'on,,spk_006,00:03:02.850,00:03:05.550
pbkNWN7jZ4U_0021,ba'ax tu bineltaj te'ex,,spk_006,00:03:10.850,00:03:13.150
pbkNWN7jZ4U_0022,buka'aj tu bineltaj ti'ob,,spk_001,00:03:17.850,00:03:20.150
pbkNWN7jZ4U_0023,ba'ax u bin tech,,spk_001,00:03:25.850,00:03:27.150
pbkNWN7jZ4U_0024,mixba'al u bin ten,,spk_001,00:03:32.650,00:03:34.450
pbkNWN7jZ4U_0025,buka'aj u bin ti',,spk_001,00:03:39.850,00:03:41.250
pbkNWN7jZ4U_0026,ya'ab u bin ti',,spk_001,00:03:46.350,00:03:48.150
pbkNWN7jZ4U_0027,ma' ya'ab u bin ti'i',,spk_006,00:03:53.850,00:03:55.550
pbkNWN7jZ4U_0028,chéen jump'íit u bin ti'obi',,spk_006,00:04:00.850,00:04:03.550
7f7zF-ohGHc_0000,jkaline' ku bin u yil xmáaj tiila,,spk_006,00:00:25.050,00:00:27.450
7f7zF-ohGHc_0001,jkaline máan u ch'a' jsaan utia'al ka'aj múul xi'iko'ob u yil xmáaj tiila,,spk_008,00:00:31.150,00:00:36.150
7f7zF-ohGHc_0002,ti' lelo' jkaline' ku ya'alik ti'ob táan u bin kajtal íitsmal jayp'éel k'iin,,spk_008,00:00:39.750,00:00:45.350
7f7zF-ohGHc_0003,ko'ox jsaan,,spk_009,00:00:48.350,00:00:50.150
7f7zF-ohGHc_0004,"ko'ox, ta juunal wáa taalech",,spk_010,00:00:51.850,00:00:53.150
7f7zF-ohGHc_0005,"tin juunal, ma' taal in maama mix in taatai', p'áato'ob íitsmal wale'",,spk_009,00:00:55.850,00:01:01.150
7f7zF-ohGHc_0006,"ko'ox, naats' u yotoch le xmáaj tiilao'",,spk_010,00:01:05.248,00:01:08.150
7f7zF-ohGHc_0007,yéetel máax túun kajakbal le xmáaj tiilao',,spk_009,00:01:11.850,00:01:14.850
7f7zF-ohGHc_0008,"yéetel juntúul u yáabil, jach ki'ichpam",,spk_010,00:01:17.850,00:01:20.550
7f7zF-ohGHc_0009,ts'oka'an wáa túun u beel,,spk_009,00:01:23.650,00:01:25.750
7f7zF-ohGHc_0010,"ts'okan ka'achij, ba'ale' kimeen u yíicham",,spk_010,00:01:27.850,00:01:31.150
7f7zF-ohGHc_0011,ba'ax úuch ti',,spk_009,00:01:34.250,00:01:35.350
7f7zF-ohGHc_0012,bin ts'on kéeje' ka'aj xí'ik ts'onta'abij,,spk_010,00:01:37.850,00:01:40.650
7f7zF-ohGHc_0013,le ba'al je'ela' ma' seen úuchi',,spk_010,00:01:40.850,00:01:43.450
7f7zF-ohGHc_0014,yaan kex jump'éel ja'ab wale',,spk_010,00:01:47.250,00:01:49.150
7f7zF-ohGHc_0015,yaan wáa túun u paalal,,spk_009,00:01:51.550,00:01:53.450
7f7zF-ohGHc_0016,"mina'an, ma' úuch ts'o'okok u beelo'ob ka'achi'",,spk_010,00:01:55.850,00:01:59.150
7f7zF-ohGHc_0017,ma' wáa túun ka ts'o'ok u beeli',,spk_009,00:02:01.850,00:02:05.150
7f7zF-ohGHc_0018,"ma' tak be'ooraa' ma', ba'ale' ma' k ojel wáa ichil jump'íit k'iine'",,spk_010,00:02:06.850,00:02:11.850
7f7zF-ohGHc_0019,"ku ka' ts'o'okol u beel tu ka'a téen, ba'axten",,spk_010,00:02:15.850,00:02:19.150
7f7zF-ohGHc_0020,chéen tumen; buka'aj u bin k kóojol,,spk_009,00:02:21.850,00:02:25.150
7f7zF-ohGHc_0021,ts'o'ok k k'uchul leti' le su'ukil naja',,spk_010,00:02:28.950,00:02:31.650
7f7zF-ohGHc_0022,"xmáaj tiila, ba'ax ka beetik beya'",,spk_009,00:02:34.850,00:02:38.150
7f7zF-ohGHc_0023,"táan in jóoyabtil in paak'al, taalo'ob wáa a yuum yéetel a maamao'",,spk_011,00:02:40.650,00:02:45.850
7f7zF-ohGHc_0024,"ma' taalo'obi'. xmáaj tiila, chéen taalen in wa'al teche' bejla'ab in bin íitsmale'",,spk_009,00:02:48.850,00:02:55.150
7f7zF-ohGHc_0025,ti' bíin kajlaken jayp'éel k'iini',,spk_009,00:02:58.850,00:03:02.150
7f7zF-ohGHc_0026,táan a bin a wilo'ob,,spk_011,00:03:03.850,00:03:06.150
7f7zF-ohGHc_0027,jaaj,,spk_009,00:03:08.850,00:03:10.150
7f7zF-ohGHc_0028,ba'ax oora a bin,,spk_010,00:03:11.850,00:03:14.150
7f7zF-ohGHc_0029,be'oorae',,spk_009,00:03:15.850,00:03:18.150
7f7zF-ohGHc_0030,"lep' a wóol túuni', te'eytak u máan le waawáo'",,spk_010,00:03:19.650,00:03:23.150
7f7zF-ohGHc_0031,tu'ux ku máan,,spk_009,00:03:26.850,00:03:28.150
7f7zF-ohGHc_0032,aktáan ti' le ch'e'en kaajo',,spk_011,00:03:30.150,00:03:32.550
7f7zF-ohGHc_0033,"ma'alob, pa'atik in bin",,spk_009,00:03:35.450,00:03:37.150
7f7zF-ohGHc_0034,ba'ax k'iin a suut,,spk_010,00:03:39.850,00:03:41.150
7f7zF-ohGHc_0035,"wáa ba'axe' tak juulio wale', je'el in taal in xíimbalteche'",,spk_009,00:03:43.250,00:03:47.450
7f7zF-ohGHc_0036,chéen ta juunal kaja'anech máasima',,spk_009,00:03:51.150,00:03:54.150
7f7zF-ohGHc_0037,"ma', yéetel in wáabil, ma' bakáan ta k'aj óoltaji'",,spk_011,00:03:56.850,00:04:00.450
7f7zF-ohGHc_0038,"mixba'al ti'e', je'elili' in k'aj óoltik le kéen suunakene'",,spk_009,00:04:04.850,00:04:09.150
7f7zF-ohGHc_0039,"ma'alob túun, xi'ikech yéetel ya'abkach uts",,spk_011,00:04:12.850,00:04:15.690
7f7zF-ohGHc_0040,kaláantaba wale',,spk_010,00:04:15.650,00:04:16.750
7f7zF-ohGHc_0041,wáa ba'ax xane' je'el in k'uchul in wilech tolo',,spk_010,00:04:21.350,00:04:24.149
7f7zF-ohGHc_0042,"ma'alob, bix ma'il, ti' kin in páa'techi'",,spk_009,00:04:26.850,00:04:30.350
7f7zF-ohGHc_0043,"ma'alob túun, je'el ku taal le waawáo'",,spk_009,00:04:34.450,00:04:37.150
7f7zF-ohGHc_0044,"bey túuno', jkaline' na'ak te' waawáo' ka'aj bin íitsmal.",,spk_008,00:06:29.150,00:06:33.550
7f7zF-ohGHc_0045,yéetel yaj óolal binij tumeen kex ma' u k'áate',,spk_008,00:06:38.350,00:06:42.350
7f7zF-ohGHc_0046,anchaj u p'atik máaxo'ob tu k'aj óoltaj tu kaajil k'íimbila';,,spk_008,00:06:45.250,00:06:49.550
7f7zF-ohGHc_0047,"ba'ale' ki'imak xan u yóol tumen tu k'aj óoltaj le kaajo',",,spk_008,00:06:52.850,00:06:58.150
7f7zF-ohGHc_0048,uláak' máako'ob bey xan uláak' ya'abkach ba'alo'ob,,spk_008,00:07:00.850,00:07:05.150
7f7zF-ohGHc_0049,"chéen juntúulili' máax tu bineltaj u k'aj óoltik: u yáabil xmáaj tiila,",,spk_008,00:07:08.550,00:07:13.550
7f7zF-ohGHc_0050,"ba'ale' tu ya'alal yaan u béeytal, le kéen suunak",,spk_008,00:07:17.850,00:07:22.150
7f7zF-ohGHc_0051,"bejla'ab túune' jkaline' óoxp'éel u kaajal yaan: jo', íitsmal yéetel k'íimbila'.",,spk_008,00:07:25.850,00:07:33.150
ana_grabacion_1_0000,bix a k'aaba',¿Cómo te llamas?,spk_014,00:00:00.000,00:00:03.686
ana_grabacion_2_0000,in k'aaba'e',Me llamo,spk_014,00:00:00.000,00:00:02.672
ana_grabacion_3_0000,bix a beel,¿Cómo estás?,spk_014,00:00:00.000,00:00:02.750
ana_grabacion_4_0000,ki'imak in wóol,Estoy feliz / contento.,spk_014,00:00:00.000,00:00:02.698
ana_grabacion_5_0000,k'uuxen,Estoy enojado.,spk_014,00:00:00.000,00:00:02.698
ana_grabacion_6_0000,luba'an in wóol,Estoy triste.,spk_014,00:00:00.000,00:00:03.348
ana_grabacion_7_0000,k'oja'anen,Estoy enfermo.,spk_014,00:00:00.000,00:00:02.776
ana_grabacion_8_0000,wi'ijen,Tengo hambre.,spk_014,00:00:00.000,00:00:02.074
ana_grabacion_9_0000,uk'ajen,Tengo sed.,spk_014,00:00:00.000,00:00:02.932
ana_grabacion_10_0000,ba'ax ka beetik,¿Qué haces?,spk_014,00:00:00.000,00:00:03.036
ana_grabacion_11_0000,tu'ux ka bin,¿A dónde vas?,spk_014,00:00:00.000,00:00:02.828
ana_grabacion_12_0000,taak in bin,Quiero ir.,spk_014,00:00:00.000,00:00:02.490
ana_grabacion_13_0000,taak in wenel,Quiero dormir.,spk_014,00:00:00.000,00:00:03.166
ana_grabacion_14_0000,ko'oten waye',Ven acá.,spk_014,00:00:00.000,00:00:02.828
ana_grabacion_15_0000,ko'ox xíimbal,Vamos a pasear.,spk_014,00:00:00.000,00:00:02.464
ana_grabacion_16_0000,jach níib óolal,Muchas gracias.,spk_014,00:00:00.000,00:00:02.880
ana_grabacion_17_0000,mixba'al,De nada.,spk_014,00:00:00.000,00:00:02.568
ana_grabacion_18_0000,ka anaktech jump'éel jats'uts k'iin,Que tengas un bonito día.,spk_014,00:00:00.000,00:00:04.362
ana_grabacion_19_0000,ka xi'iktech utsil,Que te vaya bien.,spk_014,00:00:00.000,00:00:03.452
ana_grabacion_20_0000,je'el k-ilikba'e',Nos vemos.,spk_014,00:00:00.000,00:00:02.932
magdalena_grabacion_1_0000,bix a k'aaba',¿Cómo te llamas?,spk_015,00:00:00.000,00:00:02.334
magdalena_grabacion_2_0000,in k'aaba'e',Me llamo,spk_015,00:00:00.000,00:00:02.438
magdalena_grabacion_3_0000,bix a beel,¿Cómo estás?,spk_015,00:00:00.000,00:00:02.490
magdalena_grabacion_4_0000,ki'imak in wóol,Estoy feliz / contento.,spk_015,00:00:00.000,00:00:03.088
magdalena_grabacion_5_0000,k'uuxen,Estoy enojado.,spk_015,00:00:00.000,00:00:02.178
magdalena_grabacion_6_0000,luba'an in wóol,Estoy triste.,spk_015,00:00:00.000,00:00:02.542
magdalena_grabacion_7_0000,k'oja'anen,Estoy enfermo.,spk_015,00:00:00.000,00:00:02.178
magdalena_grabacion_8_0000,wi'ijen,Tengo hambre.,spk_015,00:00:00.000,00:00:02.204
magdalena_grabacion_9_0000,uk'ajen,Tengo sed.,spk_015,00:00:00.000,00:00:02.854
magdalena_grabacion_10_0000,ba'ax ka beetik,¿Qué haces?,spk_015,00:00:00.000,00:00:02.282
magdalena_grabacion_11_0000,tu'ux ka bin,¿A dónde vas?,spk_015,00:00:00.000,00:00:01.892
magdalena_grabacion_12_0000,taak in bin,Quiero ir.,spk_015,00:00:00.000,00:00:01.996
magdalena_grabacion_13_0000,taak in wenel,Quiero dormir.,spk_015,00:00:00.000,00:00:02.984
magdalena_grabacion_14_0000,ko'oten waye',Ven acá.,spk_015,00:00:00.000,00:00:01.658
magdalena_grabacion_15_0000,ko'ox xíimbal,Vamos a pasear.,spk_015,00:00:00.000,00:00:02.230
magdalena_grabacion_16_0000,jach níib óolal,Muchas gracias.,spk_015,00:00:00.000,00:00:02.750
magdalena_grabacion_17_0000,mixba'al,De nada.,spk_015,00:00:00.000,00:00:02.230
magdalena_grabacion_18_0000,ka anaktech jump'éel jats'uts k'iin,Que tengas un bonito día.,spk_015,00:00:00.000,00:00:03.868
magdalena_grabacion_19_0000,ka xi'iktech utsil,Que te vaya bien.,spk_015,00:00:00.000,00:00:03.270
magdalena_grabacion_20_0000,je'el k-ilikba'e',Nos vemos.,spk_015,00:00:00.000,00:00:02.646
manuel_grabacion_1_0000,bix a k'aaba',¿Cómo te llamas?,spk_016,00:00:00.000,00:00:01.996
manuel_grabacion_2_0000,in k'aaba'e',Me llamo,spk_016,00:00:00.000,00:00:02.230
manuel_grabacion_3_0000,bix a beel,¿Cómo estás?,spk_016,00:00:00.000,00:00:01.944
manuel_grabacion_4_0000,ki'imak in wóol,Estoy feliz / contento.,spk_016,00:00:00.000,00:00:02.412
manuel_grabacion_5_0000,k'uuxen,Estoy enojado.,spk_016,00:00:00.000,00:00:01.788
manuel_grabacion_6_0000,luba'an in wóol,Estoy triste.,spk_016,00:00:00.000,00:00:02.282
manuel_grabacion_7_0000,k'oja'anen,Estoy enfermo.,spk_016,00:00:00.000,00:00:02.100
manuel_grabacion_8_0000,wi'ijen,Tengo hambre.,spk_016,00:00:00.000,00:00:02.074
manuel_grabacion_9_0000,uk'ajen,Tengo sed.,spk_016,00:00:00.000,00:00:02.204
manuel_grabacion_10_0000,ba'ax ka beetik,¿Qué haces?,spk_016,00:00:00.000,00:00:02.100
manuel_grabacion_11_0000,tu'ux ka bin,¿A dónde vas?,spk_016,00:00:00.000,00:00:02.412
manuel_grabacion_12_0000,taak in bin,Quiero ir.,spk_016,00:00:00.000,00:00:02.021
manuel_grabacion_13_0000,taak in wenel,Quiero dormir.,spk_016,00:00:00.000,00:00:02.542
manuel_grabacion_14_0000,ko'oten waye',Ven acá.,spk_016,00:00:00.000,00:00:01.996
manuel_grabacion_15_0000,ko'ox xíimbal,Vamos a pasear.,spk_016,00:00:00.000,00:00:02.048
manuel_grabacion_16_0000,jach níib óolal,Muchas gracias.,spk_016,00:00:00.000,00:00:02.230
manuel_grabacion_17_0000,mixba'al,De nada.,spk_016,00:00:00.000,00:00:02.151
manuel_grabacion_18_0000,ka anaktech jump'éel jats'uts k'iin,Que tengas un bonito día.,spk_016,00:00:00.000,00:00:04.700
manuel_grabacion_19_0000,ka xi'iktech utsil,Que te vaya bien.,spk_016,00:00:00.000,00:00:03.088
manuel_grabacion_20_0000,je'el k-ilikba'e',Nos vemos.,spk_016,00:00:00.000,00:00:03.114
mauricio_grabacion_1_0000,bix a k'aaba',¿Cómo te llamas?,spk_017,00:00:00.000,00:00:01.333
mauricio_grabacion_2_0000,in k'aaba'e',Me llamo,spk_017,00:00:00.000,00:00:01.392
mauricio_grabacion_3_0000,bix a beel,¿Cómo estás?,spk_017,00:00:00.000,00:00:01.293
mauricio_grabacion_4_0000,ki'imak in wóol,Estoy feliz / contento.,spk_017,00:00:00.000,00:00:01.667
mauricio_grabacion_5_0000,k'uuxen,Estoy enojado.,spk_017,00:00:00.000,00:00:00.921
mauricio_grabacion_6_0000,luba'an in wóol,Estoy triste.,spk_017,00:00:00.000,00:00:01.738
mauricio_grabacion_7_0000,k'oja'anen,Estoy enfermo.,spk_017,00:00:00.000,00:00:01.108
mauricio_grabacion_8_0000,wi'ijen,Tengo hambre.,spk_017,00:00:00.000,00:00:01.024
mauricio_grabacion_9_0000,uk'ajen,Tengo sed.,spk_017,00:00:00.000,00:00:00.941
mauricio_grabacion_10_0000,ba'ax ka beetik,¿Qué haces?,spk_017,00:00:00.000,00:00:01.647
mauricio_grabacion_11_0000,tu'ux ka bin,¿A dónde vas?,spk_017,00:00:00.000,00:00:01.268
mauricio_grabacion_12_0000,taak in bin,Quiero ir.,spk_017,00:00:00.000,00:00:01.217
mauricio_grabacion_13_0000,taak in wenel,Quiero dormir.,spk_017,00:00:00.000,00:00:01.219
mauricio_grabacion_14_0000,ko'oten waye',Ven acá.,spk_017,00:00:00.000,00:00:01.243
mauricio_grabacion_15_0000,ko'ox xíimbal,Vamos a pasear.,spk_017,00:00:00.000,00:00:01.381
mauricio_grabacion_16_0000,jach níib óolal,Muchas gracias.,spk_017,00:00:00.000,00:00:01.268
mauricio_grabacion_17_0000,mixba'al,De nada.,spk_017,00:00:00.000,00:00:00.908
mauricio_grabacion_18_0000,ka anaktech jump'éel jats'uts k'iin,Que tengas un bonito día.,spk_017,00:00:00.000,00:00:03.277
mauricio_grabacion_19_0000,ka xi'iktech utsil,Que te vaya bien.,spk_017,00:00:00.000,00:00:02.620
mauricio_grabacion_20_0000,je'el k-ilikba'e',Nos vemos.,spk_017,00:00:00.000,00:00:01.925
amigo_de_camacho_grabacion_1_0000,bix a k'aaba',¿Cómo te llamas?,spk_018,00:00:00.000,00:00:01.098
amigo_de_camacho_grabacion_2_0000,in k'aaba'e',Me llamo,spk_018,00:00:00.000,00:00:01.343
amigo_de_camacho_grabacion_3_0000,bix a beel,¿Cómo estás?,spk_018,00:00:00.000,00:00:01.226
amigo_de_camacho_grabacion_4_0000,ki'imak in wóol,Estoy feliz / contento.,spk_018,00:00:00.000,00:00:01.246
amigo_de_camacho_grabacion_5_0000,k'uuxen,Estoy enojado.,spk_018,00:00:00.000,00:00:01.024
amigo_de_camacho_grabacion_6_0000,luba'an in wóol,Estoy triste.,spk_018,00:00:00.000,00:00:01.316
amigo_de_camacho_grabacion_7_0000,k'oja'anen,Estoy enfermo.,spk_018,00:00:00.000,00:00:01.060
amigo_de_camacho_grabacion_8_0000,wi'ijen,Tengo hambre.,spk_018,00:00:00.000,00:00:00.946
amigo_de_camacho_grabacion_9_0000,uk'ajen,Tengo sed.,spk_018,00:00:00.000,00:00:01.016
amigo_de_camacho_grabacion_10_0000,ba'ax ka beetik,¿Qué haces?,spk_018,00:00:00.000,00:00:01.134
amigo_de_camacho_grabacion_11_0000,tu'ux ka bin,¿A dónde vas?,spk_018,00:00:00.000,00:00:00.997
amigo_de_camacho_grabacion_12_0000,taak in bin,Quiero ir.,spk_018,00:00:00.000,00:00:01.031
amigo_de_camacho_grabacion_13_0000,taak in wenel,Quiero dormir.,spk_018,00:00:00.000,00:00:01.182
amigo_de_camacho_grabacion_14_0000,ko'oten waye',Ven acá.,spk_018,00:00:00.000,00:00:01.022
amigo_de_camacho_grabacion_15_0000,ko'ox xíimbal,Vamos a pasear.,spk_018,00:00:00.000,00:00:01.442
amigo_de_camacho_grabacion_16_0000,jach níib óolal,Muchas gracias.,spk_018,00:00:00.000,00:00:01.559
amigo_de_camacho_grabacion_17_0000,mixba'al,De nada.,spk_018,00:00:00.000,00:00:01.050
amigo_de_camacho_grabacion_18_0000,ka anaktech jump'éel jats'uts k'iin,Que tengas un bonito día.,spk_018,00:00:00.000,00:00:02.322
amigo_de_camacho_grabacion_19_0000,ka xi'iktech utsil,Que te vaya bien.,spk_018,00:00:00.000,00:00:01.588
amigo_de_camacho_grabacion_20_0000,je'el k-ilikba'e',Nos vemos.,spk_018,00:00:00.000,00:00:01.489
mydn6E0gPWw_0000,bix a beele'ex láak'tsile'ex,¿cómo están amigos?,spk_002,00:00:01.050,00:00:02.830
