utt_id,maya,spk_id,filename
spk_001_utt_0001,baach,spk_001,c5EgkTbau2o_0000
spk_001_utt_0002,chiich,spk_001,c5EgkTbau2o_0001
spk_001_utt_0003,ch'íich',spk_001,c5EgkTbau2o_0002
spk_001_utt_0004,ja',spk_001,c5EgkTbau2o_0003
spk_001_utt_0005,kool,spk_001,c5EgkTbau2o_0004
spk_001_utt_0006,k'i'ik',spk_001,c5EgkTbau2o_0005
spk_001_utt_0007,luuk',spk_001,c5EgkTbau2o_0006
spk_001_utt_0008,míis,spk_001,c5EgkTbau2o_0007
spk_001_utt_0009,nool,spk_001,c5EgkTbau2o_0008
spk_001_utt_0010,pool,spk_001,c5EgkTbau2o_0009
spk_001_utt_0011,p'aak,spk_001,c5EgkTbau2o_0010
spk_001_utt_0012,turix,spk_001,c5EgkTbau2o_0011
spk_001_utt_0013,sojol,spk_001,c5EgkTbau2o_0012
spk_001_utt_0014,teen,spk_001,c5EgkTbau2o_0013
spk_001_utt_0015,t'uuch,spk_001,c5EgkTbau2o_0014
spk_001_utt_0016,tsaats,spk_001,c5EgkTbau2o_0015
spk_001_utt_0017,ts'aak,spk_001,c5EgkTbau2o_0016
spk_001_utt_0018,waaj,spk_001,c5EgkTbau2o_0017
spk_001_utt_0019,xamach,spk_001,c5EgkTbau2o_0018
spk_001_utt_0020,yúuntun,spk_001,c5EgkTbau2o_0019
spk_001_utt_0021,atan,spk_001,c5EgkTbau2o_0020
spk_001_utt_0022,maak,spk_001,c5EgkTbau2o_0021
spk_001_utt_0023,máak,spk_001,c5EgkTbau2o_0022
spk_001_utt_0024,sa',spk_001,c5EgkTbau2o_0023
spk_001_utt_0025,ja'an,spk_001,c5EgkTbau2o_0024
spk_001_utt_0026,nej,spk_001,c5EgkTbau2o_0025
spk_001_utt_0027,peek',spk_001,c5EgkTbau2o_0026
spk_001_utt_0028,néen,spk_001,c5EgkTbau2o_0027
spk_001_utt_0029,je',spk_001,c5EgkTbau2o_0028
spk_001_utt_0030,se'en,spk_001,c5EgkTbau2o_0029
spk_001_utt_0031,ilib,spk_001,c5EgkTbau2o_0030
spk_001_utt_0032,k'iin,spk_001,c5EgkTbau2o_0031
spk_001_utt_0033,íicham,spk_001,c5EgkTbau2o_0032
spk_001_utt_0034,k'ali',spk_001,c5EgkTbau2o_0033
spk_001_utt_0035,k'i'ix,spk_001,c5EgkTbau2o_0034
spk_001_utt_0036,koj,spk_001,c5EgkTbau2o_0035
spk_001_utt_0037,ch'oom,spk_001,c5EgkTbau2o_0036
spk_001_utt_0038,sóol,spk_001,c5EgkTbau2o_0037
spk_001_utt_0039,ch'o',spk_001,c5EgkTbau2o_0038
spk_001_utt_0040,to'on,spk_001,c5EgkTbau2o_0039
spk_001_utt_0041,uj,spk_001,c5EgkTbau2o_0040
spk_001_utt_0042,yuum,spk_001,c5EgkTbau2o_0041
spk_001_utt_0043,úulum,spk_001,c5EgkTbau2o_0042
spk_001_utt_0044,k'u',spk_001,c5EgkTbau2o_0043
spk_001_utt_0045,k'u'k'um,spk_001,c5EgkTbau2o_0044
spk_002_utt_0001,chak,spk_002,VSC-pggBf2Y_0000
spk_002_utt_0002,cháak,spk_002,VSC-pggBf2Y_0001
spk_002_utt_0003,sak,spk_002,VSC-pggBf2Y_0002
spk_002_utt_0004,saak',spk_002,VSC-pggBf2Y_0003
spk_002_utt_0005,sáak',spk_002,VSC-pggBf2Y_0004
spk_002_utt_0006,saktal,spk_002,VSC-pggBf2Y_0005
spk_002_utt_0007,boox,spk_002,VSC-pggBf2Y_0006
spk_002_utt_0008,lela' juntúul box peek',spk_002,VSC-pggBf2Y_0007
spk_002_utt_0009,k'an,spk_002,VSC-pggBf2Y_0008
spk_002_utt_0010,k'ank'an,spk_002,VSC-pggBf2Y_0009
spk_002_utt_0011,kan,spk_002,VSC-pggBf2Y_0010
spk_002_utt_0012,kaan,spk_002,VSC-pggBf2Y_0011
spk_002_utt_0013,ka'an,spk_002,VSC-pggBf2Y_0012
spk_002_utt_0014,k'a'am,spk_002,VSC-pggBf2Y_0013
spk_002_utt_0015,k'áan,spk_002,VSC-pggBf2Y_0014
spk_002_utt_0016,ya'ax,spk_002,VSC-pggBf2Y_0015
spk_002_utt_0017,yáax,spk_002,VSC-pggBf2Y_0016
spk_002_utt_0018,ya'axche,spk_002,VSC-pggBf2Y_0017
spk_002_utt_0019,ch'ooj,spk_002,VSC-pggBf2Y_0018
spk_002_utt_0020,chak k'an,spk_002,VSC-pggBf2Y_0019
spk_002_utt_0021,sam chak,spk_002,VSC-pggBf2Y_0020
spk_002_utt_0022,samal chak,spk_002,VSC-pggBf2Y_0021
spk_002_utt_0023,ba'ax lelo'oba',spk_002,VSC-pggBf2Y_0022
spk_002_utt_0024,bix u boonil,spk_002,VSC-pggBf2Y_0023
spk_002_utt_0025,bix u boonilo'ob,spk_002,VSC-pggBf2Y_0024
spk_002_utt_0026,wíinkilal,spk_002,cKlAnBXWBcg_0000
spk_002_utt_0027,pool,spk_002,cKlAnBXWBcg_0001
spk_002_utt_0028,jo'ol,spk_002,cKlAnBXWBcg_0002
spk_002_utt_0029,tso'otsel pool,spk_002,cKlAnBXWBcg_0003
spk_002_utt_0030,chúuch kaal,spk_002,cKlAnBXWBcg_0004
spk_002_utt_0031,kaal,spk_002,cKlAnBXWBcg_0005
spk_002_utt_0032,keléembal,spk_002,cKlAnBXWBcg_0006
spk_002_utt_0033,tseem,spk_002,cKlAnBXWBcg_0007
spk_002_utt_0034,muuk' k'ab,spk_002,cKlAnBXWBcg_0008
spk_002_utt_0035,k'ab,spk_002,cKlAnBXWBcg_0009
spk_002_utt_0036,iim,spk_002,cKlAnBXWBcg_0010
spk_002_utt_0037,chuuchu',spk_002,cKlAnBXWBcg_0011
spk_002_utt_0038,pool iim,spk_002,cKlAnBXWBcg_0012
spk_002_utt_0039,tso'otsel tseem,spk_002,cKlAnBXWBcg_0013
spk_002_utt_0040,tso'otsel xiik',spk_002,cKlAnBXWBcg_0014
spk_002_utt_0041,xiik',spk_002,cKlAnBXWBcg_0015
spk_002_utt_0042,nak',spk_002,cKlAnBXWBcg_0016
spk_002_utt_0043,paach,spk_002,cKlAnBXWBcg_0017
spk_002_utt_0044,pu'uch,spk_002,cKlAnBXWBcg_0018
spk_002_utt_0045,báat k'ab,spk_002,cKlAnBXWBcg_0019
spk_002_utt_0046,t'o'olol paach,spk_002,cKlAnBXWBcg_0020
spk_002_utt_0047,tuuch,spk_002,cKlAnBXWBcg_0021
spk_002_utt_0048,chuun nak',spk_002,cKlAnBXWBcg_0022
spk_002_utt_0049,kúuk,spk_002,cKlAnBXWBcg_0023
spk_002_utt_0050,t'e'et',spk_002,cKlAnBXWBcg_0024
spk_002_utt_0051,kaal k'ab,spk_002,cKlAnBXWBcg_0025
spk_002_utt_0052,táan k'ab,spk_002,cKlAnBXWBcg_0026
spk_002_utt_0053,ch'ilbil k'ab,spk_002,cKlAnBXWBcg_0027
spk_002_utt_0054,aal k'ab,spk_002,cKlAnBXWBcg_0028
spk_002_utt_0055,paach k'ab,spk_002,cKlAnBXWBcg_0029
spk_002_utt_0056,u maamail k'ab,spk_002,cKlAnBXWBcg_0030
spk_002_utt_0057,tuuch'ub,spk_002,cKlAnBXWBcg_0031
spk_002_utt_0058,chúumukil,spk_002,cKlAnBXWBcg_0032
spk_002_utt_0059,ts'ipit,spk_002,cKlAnBXWBcg_0033
spk_002_utt_0060,t'uup,spk_002,cKlAnBXWBcg_0034
spk_002_utt_0061,íich'ak,spk_002,cKlAnBXWBcg_0035
spk_002_utt_0062,oot',spk_002,cKlAnBXWBcg_0036
spk_002_utt_0063,tso'ots,spk_002,cKlAnBXWBcg_0037
spk_002_utt_0064,bak'el iit,spk_002,cKlAnBXWBcg_0038
spk_002_utt_0065,p'u'uk iit,spk_002,cKlAnBXWBcg_0039
spk_002_utt_0066,muuk' ook,spk_002,cKlAnBXWBcg_0040
spk_002_utt_0067,t'óon,spk_002,cKlAnBXWBcg_0041
spk_002_utt_0068,p'úulil ook,spk_002,cKlAnBXWBcg_0042
spk_002_utt_0069,tselek,spk_002,cKlAnBXWBcg_0043
spk_002_utt_0070,kaal ook,spk_002,cKlAnBXWBcg_0044
spk_002_utt_0071,tu'uk' ook,spk_002,cKlAnBXWBcg_0045
spk_002_utt_0072,ook,spk_002,cKlAnBXWBcg_0046
spk_002_utt_0073,paach ook,spk_002,cKlAnBXWBcg_0047
spk_002_utt_0074,ch'ilbil ook,spk_002,cKlAnBXWBcg_0048
spk_002_utt_0075,aak ook,spk_002,cKlAnBXWBcg_0049
spk_002_utt_0076,táan ook,spk_002,cKlAnBXWBcg_0050
spk_002_utt_0077,tuunkuy,spk_002,cKlAnBXWBcg_0051
spk_002_utt_0078,táan ich,spk_002,cKlAnBXWBcg_0052
spk_002_utt_0079,ich,spk_002,cKlAnBXWBcg_0053
spk_002_utt_0080,xikin,spk_002,cKlAnBXWBcg_0054
spk_002_utt_0081,le' xikin,spk_002,cKlAnBXWBcg_0055
spk_002_utt_0082,táan pool,spk_002,cKlAnBXWBcg_0056
spk_002_utt_0083,táan jo'ol,spk_002,cKlAnBXWBcg_0057
spk_002_utt_0084,táan ich,spk_002,cKlAnBXWBcg_0058
spk_002_utt_0085,móojton,spk_002,cKlAnBXWBcg_0059
spk_002_utt_0086,sóol ich,spk_002,cKlAnBXWBcg_0060
spk_002_utt_0087,máatsab,spk_002,cKlAnBXWBcg_0061
spk_002_utt_0088,ich,spk_002,cKlAnBXWBcg_0062
spk_002_utt_0089,ni',spk_002,cKlAnBXWBcg_0063
spk_002_utt_0090,me'ex,spk_002,cKlAnBXWBcg_0064
spk_002_utt_0091,jool ni',spk_002,cKlAnBXWBcg_0065
spk_002_utt_0092,p'u'uk,spk_002,cKlAnBXWBcg_0066
spk_002_utt_0093,chi',spk_002,cKlAnBXWBcg_0067
spk_002_utt_0094,booxel chi',spk_002,cKlAnBXWBcg_0068
spk_002_utt_0095,koj,spk_002,cKlAnBXWBcg_0069
spk_002_utt_0096,aak',spk_002,cKlAnBXWBcg_0070
spk_002_utt_0097,tuux,spk_002,cKlAnBXWBcg_0071
spk_002_utt_0098,kama'ach,spk_002,cKlAnBXWBcg_0072
spk_002_utt_0099,no'och',spk_002,cKlAnBXWBcg_0073
spk_002_utt_0100,neek' ich,spk_002,cKlAnBXWBcg_0074
spk_002_utt_0101,suuy,spk_002,cKlAnBXWBcg_0075
spk_002_utt_0102,aax,spk_002,cKlAnBXWBcg_0076
spk_002_utt_0103,máaxen,spk_002,J2egflaIFzk_0000
spk_002_utt_0104,bix a k'aaba',spk_002,J2egflaIFzk_0001
spk_002_utt_0105,tu'ux síijech,spk_002,J2egflaIFzk_0002
spk_002_utt_0106,tu'ux a kaajal,spk_002,J2egflaIFzk_0003
spk_002_utt_0107,tu'ux a taal,spk_002,J2egflaIFzk_0004
spk_002_utt_0108,tu'ux ka yantal,spk_002,J2egflaIFzk_0005
spk_002_utt_0109,tu'uxilech,spk_002,J2egflaIFzk_0006
spk_002_utt_0110,wayileche',spk_002,J2egflaIFzk_0007
spk_002_utt_0111,jayp'éel ja'ab yaan tech',spk_002,J2egflaIFzk_0008
spk_002_utt_0112,ba'ax t'aanil a woojel,spk_002,J2egflaIFzk_0009
spk_002_utt_0113,a woojel maaya,spk_002,J2egflaIFzk_0010
spk_002_utt_0114,in woojel maaya,spk_002,J2egflaIFzk_0011
spk_002_utt_0115,kin na'atik,spk_002,J2egflaIFzk_0012
spk_002_utt_0116,ma',spk_002,J2egflaIFzk_0013
spk_002_utt_0117,mix táan in na'atik,spk_002,J2egflaIFzk_0014
spk_002_utt_0118,ka t'anik maaya,spk_002,J2egflaIFzk_0015
spk_002_utt_0119,kin t'anik,spk_002,J2egflaIFzk_0016
spk_002_utt_0120,yaan a patk'aaba',spk_002,J2egflaIFzk_0017
spk_002_utt_0121,bix u ya'ala'al tech,spk_002,J2egflaIFzk_0018
spk_002_utt_0122,ka meyaj,spk_002,J2egflaIFzk_0019
spk_002_utt_0123,kin meyaj,spk_002,J2egflaIFzk_0020
spk_002_utt_0124,chéen xoknáalen,spk_002,J2egflaIFzk_0021
spk_002_utt_0125,ba'ax meyajil ka meetik,spk_002,J2egflaIFzk_0022
spk_002_utt_0126,jka'ansajen,spk_002,J2egflaIFzk_0023
spk_002_utt_0127,mix táan in meyaj,spk_002,J2egflaIFzk_0024
spk_002_utt_0128,yaan,spk_002,J2egflaIFzk_0025
spk_002_utt_0129,mina'an,spk_002,J2egflaIFzk_0026
spk_002_utt_0130,ts'oka'an a beel,spk_002,J2egflaIFzk_0027
spk_002_utt_0131,ts'oka'an in beel,spk_002,J2egflaIFzk_0028
spk_002_utt_0132,mix ts'oka'an in beeli',spk_002,J2egflaIFzk_0029
spk_002_utt_0133,ba'ax ka xokik,spk_002,J2egflaIFzk_0030
spk_002_utt_0134,mix táan in xook,spk_002,J2egflaIFzk_0031
spk_003_utt_0001,áakach,spk_003,6STut51VHVU_0000
spk_004_utt_0001,áayim,spk_004,6STut51VHVU_0001
spk_003_utt_0002,baach,spk_003,6STut51VHVU_0002
spk_004_utt_0002,báalam,spk_004,6STut51VHVU_0003
spk_003_utt_0003,baj,spk_003,6STut51VHVU_0004
spk_004_utt_0003,ch'ejun,spk_004,6STut51VHVU_0005
spk_003_utt_0004,ch'ik,spk_003,6STut51VHVU_0006
spk_004_utt_0004,ch'och'lim,spk_004,6STut51VHVU_0007
spk_003_utt_0005,ch'omak,spk_003,6STut51VHVU_0008
spk_003_utt_0006,ch'amak,spk_003,6STut51VHVU_0009
spk_004_utt_0005,chab,spk_004,6STut51VHVU_0010
spk_003_utt_0007,chakts'íits'ib,spk_003,6STut51VHVU_0011
spk_004_utt_0006,chiiwol,spk_004,6STut51VHVU_0012
spk_003_utt_0008,chimes,spk_003,6STut51VHVU_0013
spk_004_utt_0007,i',spk_004,6STut51VHVU_0014
spk_003_utt_0009,k'áambul,spk_003,6STut51VHVU_0015
spk_004_utt_0008,k'éek'en,spk_004,6STut51VHVU_0016
spk_003_utt_0010,k'i'ix paach ooch,spk_003,6STut51VHVU_0017
spk_004_utt_0009,k'ili',spk_004,6STut51VHVU_0018
spk_003_utt_0011,k'oxol,spk_003,6STut51VHVU_0019
spk_004_utt_0010,k'uuruch,spk_004,6STut51VHVU_0020
spk_003_utt_0012,kaan,spk_003,6STut51VHVU_0021
spk_004_utt_0011,kaax,spk_004,6STut51VHVU_0022
spk_003_utt_0013,kéej,spk_003,6STut51VHVU_0023
spk_004_utt_0012,kisay,spk_004,6STut51VHVU_0024
spk_003_utt_0014,kitam,spk_003,6STut51VHVU_0025
spk_004_utt_0013,koj,spk_004,6STut51VHVU_0026
spk_003_utt_0015,kóokay,spk_003,6STut51VHVU_0027
spk_004_utt_0014,kosom,spk_004,6STut51VHVU_0028
spk_004_utt_0015,kusam,spk_004,6STut51VHVU_0029
spk_003_utt_0016,ku'uk,spk_003,6STut51VHVU_0030
spk_004_utt_0016,kuuts ja',spk_004,6STut51VHVU_0031
spk_003_utt_0017,lúukumkaan,spk_003,6STut51VHVU_0032
spk_004_utt_0017,máas,spk_004,6STut51VHVU_0033
spk_003_utt_0018,miis,spk_003,6STut51VHVU_0034
spk_004_utt_0018,mo',spk_004,6STut51VHVU_0035
spk_003_utt_0019,muuch,spk_003,6STut51VHVU_0036
spk_004_utt_0019,peech,spk_004,6STut51VHVU_0037
spk_003_utt_0020,peek',spk_003,6STut51VHVU_0038
spk_004_utt_0020,péepen,spk_004,6STut51VHVU_0039
spk_003_utt_0021,síinik,spk_003,6STut51VHVU_0040
spk_004_utt_0021,soots',spk_004,6STut51VHVU_0041
spk_003_utt_0022,t'eel,spk_003,6STut51VHVU_0042
spk_004_utt_0022,t'u'ul,spk_004,6STut51VHVU_0043
spk_003_utt_0023,taman,spk_003,6STut51VHVU_0044
spk_004_utt_0023,tooj,spk_004,6STut51VHVU_0045
spk_003_utt_0024,ts'aajwayak',spk_003,6STut51VHVU_0046
spk_004_utt_0024,tsíimin,spk_004,6STut51VHVU_0047
spk_003_utt_0025,tso',spk_003,6STut51VHVU_0048
spk_004_utt_0025,turix,spk_004,6STut51VHVU_0049
spk_003_utt_0026,uk',spk_003,6STut51VHVU_0050
spk_004_utt_0026,wech lu'um,spk_004,6STut51VHVU_0051
spk_003_utt_0027,xooch',spk_003,6STut51VHVU_0052
spk_004_utt_0027,ya'axkach,spk_004,6STut51VHVU_0053
spk_003_utt_0028,yik'el kaab,spk_003,6STut51VHVU_0054
spk_004_utt_0028,yúuyum,spk_004,6STut51VHVU_0055
spk_002_utt_0135,le missa',spk_002,qC4slX0zprw_0000
spk_002_utt_0136,le misso',spk_002,qC4slX0zprw_0001
spk_002_utt_0137,le che'obo',spk_002,qC4slX0zprw_0002
spk_002_utt_0138,le peek'o'oba',spk_002,qC4slX0zprw_0003
spk_002_utt_0139,in ti'al,spk_002,qC4slX0zprw_0004
spk_002_utt_0140,a ti'al,spk_002,qC4slX0zprw_0005
spk_002_utt_0141,u ti'al,spk_002,qC4slX0zprw_0006
spk_002_utt_0142,le leeko' a ti'ale'ex,spk_002,qC4slX0zprw_0007
spk_002_utt_0143,a ti'ale'ex,spk_002,qC4slX0zprw_0008
spk_002_utt_0144,le ka'ap'éel leek'a,spk_002,qC4slX0zprw_0009
spk_002_utt_0145,le t'eelo'obo',spk_002,qC4slX0zprw_0010
spk_002_utt_0146,u ti'alo'ob,spk_002,qC4slX0zprw_0011
spk_002_utt_0147,le kaaxo'oba',spk_002,qC4slX0zprw_0012
spk_002_utt_0148,a ti'al,spk_002,qC4slX0zprw_0013
spk_002_utt_0149,le p'aako',spk_002,qC4slX0zprw_0014
spk_002_utt_0150,in ti'alo'on,spk_002,qC4slX0zprw_0015
spk_002_utt_0151,in ti'al le ju'una',spk_002,qC4slX0zprw_0016
spk_002_utt_0152,le,spk_002,qC4slX0zprw_0017
spk_002_utt_0153,wakaxo',spk_002,qC4slX0zprw_0018
spk_002_utt_0154,a ti'ale'ex,spk_002,qC4slX0zprw_0019
spk_005_utt_0001,túumben kaaj,spk_005,z_CahiwyrK4_0000
spk_005_utt_0002,teetaane'ex,spk_005,z_CahiwyrK4_0001
spk_005_utt_0003,bejla'e' tin kanik,spk_005,z_CahiwyrK4_0002
spk_005_utt_0004,maayat'aan,spk_005,z_CahiwyrK4_0003
spk_005_utt_0005,ma'alob k'iin,spk_005,z_CahiwyrK4_0004
spk_005_utt_0006,ma'alob chíinil k'iin,spk_005,z_CahiwyrK4_0005
spk_005_utt_0007,ma'alob áak'ab,spk_005,z_CahiwyrK4_0006
spk_005_utt_0008,bix a beel,spk_005,z_CahiwyrK4_0007
spk_005_utt_0009,ki'imak in wóol,spk_005,z_CahiwyrK4_0008
spk_005_utt_0010,ba'ax ka beetik,spk_005,z_CahiwyrK4_0009
spk_005_utt_0011,tin meyaj,spk_005,z_CahiwyrK4_0010
spk_005_utt_0012,bix a k'aaba',spk_005,z_CahiwyrK4_0011
spk_005_utt_0013,tu'ux a kaajal,spk_005,z_CahiwyrK4_0012
spk_005_utt_0014,in kaajal,spk_005,z_CahiwyrK4_0013
spk_005_utt_0015,ni'ibóolal,spk_005,z_CahiwyrK4_0014
spk_001_utt_0046,jkaline',spk_001,UHSQXsuiFU0_0000
spk_001_utt_0047,tia'an te'e kaaja',spk_001,UHSQXsuiFU0_0001
spk_001_utt_0048,xkoonchae',spk_001,UHSQXsuiFU0_0002
spk_001_utt_0049,tia'an te'e kaaja',spk_001,UHSQXsuiFU0_0003
spk_001_utt_0050,in wíits'ine',spk_001,UHSQXsuiFU0_0004
spk_001_utt_0051,tia'an te'e kaaja',spk_001,UHSQXsuiFU0_0005
spk_001_utt_0052,jo' kajakbalen,spk_001,oLqLnAWwI7M_0000
spk_001_utt_0053,jo' kajakbalech,spk_001,oLqLnAWwI7M_0001
spk_006_utt_0001,jo' kajakbal in nool,spk_006,oLqLnAWwI7M_0002
spk_001_utt_0054,jo' kaja'an in chiich,spk_001,oLqLnAWwI7M_0003
spk_006_utt_0002,jo' kaja'ano'on,spk_006,oLqLnAWwI7M_0004
spk_001_utt_0055,kin jóok'ol k'íiwik,spk_001,mpMmC-vKBLE_0000
spk_001_utt_0056,ka jóok'ol k'íiwik,spk_001,mpMmC-vKBLE_0001
spk_001_utt_0057,a k'aj óol in wotoch,spk_001,BoOhyyV7wh4_0000
spk_001_utt_0058,in k'aj óole'ex,spk_001,BoOhyyV7wh4_0001
spk_001_utt_0059,weyilene',spk_001,Nd26k5DZfRk_0000
spk_001_utt_0060,weyileche',spk_001,Nd26k5DZfRk_0001
spk_001_utt_0061,weyile',spk_001,Nd26k5DZfRk_0002
spk_001_utt_0062,weyilo'one',spk_001,Nd26k5DZfRk_0003
spk_001_utt_0063,weyilo'one'exe',spk_001,Nd26k5DZfRk_0004
spk_006_utt_0003,weyile'exe',spk_006,Nd26k5DZfRk_0005
spk_006_utt_0004,weyilo'obe',spk_006,Nd26k5DZfRk_0006
spk_006_utt_0005,tu'uxilech,spk_006,Nd26k5DZfRk_0007
spk_006_utt_0006,tu'uxil,spk_006,Nd26k5DZfRk_0008
spk_006_utt_0007,tu'uxile'ex,spk_006,Nd26k5DZfRk_0009
spk_001_utt_0064,tu'uxile'ob,spk_001,Nd26k5DZfRk_0010
spk_001_utt_0065,taalen xíimbal,spk_001,Nd26k5DZfRk_0011
spk_001_utt_0066,taalech maan,spk_001,Nd26k5DZfRk_0012
spk_001_utt_0067,taal koonol,spk_001,Nd26k5DZfRk_0013
spk_001_utt_0068,taalo'on xíimbal,spk_001,Nd26k5DZfRk_0014
spk_001_utt_0069,k'íimbila',spk_001,Nd26k5DZfRk_0015
spk_006_utt_0008,taalo'one'ex xíimbal,spk_006,Nd26k5DZfRk_0016
spk_006_utt_0009,k'íimbila',spk_006,Nd26k5DZfRk_0017
spk_006_utt_0010,taale'ex maan íitsmal,spk_006,Nd26k5DZfRk_0018
spk_006_utt_0011,taalo'ob koonol jo',spk_006,Nd26k5DZfRk_0019
spk_006_utt_0012,taalen in xíimbalt,spk_006,Nd26k5DZfRk_0020
spk_006_utt_0013,in chiich x máaj kaas,spk_006,Nd26k5DZfRk_0021
spk_006_utt_0014,taalech a xíimbalt,spk_006,Nd26k5DZfRk_0022
spk_006_utt_0015,a láak'alal,spk_006,Nd26k5DZfRk_0023
spk_001_utt_0070,taal u xíimbalt,spk_001,Nd26k5DZfRk_0024
spk_001_utt_0071,u taata,spk_001,Nd26k5DZfRk_0025
spk_001_utt_0072,j beenoe',spk_001,Nd26k5DZfRk_0026
spk_001_utt_0073,taal u xíimbalt,spk_001,Nd26k5DZfRk_0027
spk_001_utt_0074,u kiik x tere,spk_001,Nd26k5DZfRk_0028
spk_001_utt_0075,taalo'on k xíimbalt,spk_001,Nd26k5DZfRk_0029
spk_001_utt_0076,a suku'un j beeto,spk_001,Nd26k5DZfRk_0030
spk_001_utt_0077,taalo'on k xíimbalte'ex,spk_001,Nd26k5DZfRk_0031
spk_001_utt_0078,a suku'un j beeto,spk_001,Nd26k5DZfRk_0032
spk_001_utt_0079,taalo'ob u xíimbalt,spk_001,Nd26k5DZfRk_0033
spk_001_utt_0080,in wíits'in x biicha,spk_001,Nd26k5DZfRk_0034
spk_006_utt_0016,tin wilaj jmaas,spk_006,M7uHw6gbksI_0000
spk_006_utt_0017,ta wilaj xpiil,spk_006,M7uHw6gbksI_0001
spk_006_utt_0018,tsikbalnajen jun súutuk',spk_006,M7uHw6gbksI_0002
spk_001_utt_0081,bix a beel,spk_001,TMo-drqtxM_0000
spk_001_utt_0082,bix u beel a kiik,spk_001,TMo-drqtxM_0001
spk_006_utt_0019,bix a beele'ex,spk_006,TMo-drqtxM_0002
spk_006_utt_0020,bix u beelo'ob,spk_006,TMo-drqtxM_0003
spk_006_utt_0021,ki'imak in wóol in wilikech,spk_006,TMo-drqtxM_0004
spk_006_utt_0022,ki'imak in wóol in wilike'ex,spk_006,TMo-drqtxM_0005
spk_006_utt_0023,tu'ux ka bin,spk_006,TMo-drqtxM_0006
spk_001_utt_0083,tu'ux ku bin a wíits'in,spk_001,TMo-drqtxM_0007
spk_001_utt_0084,tu'ux ka bine'ex,spk_001,TMo-drqtxM_0008
spk_001_utt_0085,tu'ux ku bino'ob,spk_001,TMo-drqtxM_0009
spk_001_utt_0086,táan in bin meyaj,spk_001,TMo-drqtxM_0010
spk_001_utt_0087,táan a bin páak,spk_001,TMo-drqtxM_0011
spk_006_utt_0024,táan u bin juuch' xmeech,spk_006,TMo-drqtxM_0012
spk_006_utt_0025,táan k bin xíimbal,spk_006,TMo-drqtxM_0013
spk_006_utt_0026,táan k bine'ex cha'an,spk_006,TMo-drqtxM_0014
spk_001_utt_0088,táan a bine'ex ts'oon,spk_001,TMo-drqtxM_0015
spk_001_utt_0089,táan u bino'ob si',spk_001,TMo-drqtxM_0016
spk_001_utt_0090,táan in wáalkab,spk_001,TMo-drqtxM_0017
spk_006_utt_0027,táan a wáalkab,spk_006,TMo-drqtxM_0018
spk_006_utt_0028,táan k áalkab,spk_006,TMo-drqtxM_0019
spk_006_utt_0029,táan k áalkabe'ex,spk_006,TMo-drqtxM_0020
spk_001_utt_0091,táan a wáalkabe'ex,spk_001,TMo-drqtxM_0021
spk_007_utt_0001,bix a beel,spk_007,MEix2spzlkc_0000
spk_007_utt_0002,jach ma'alob,spk_007,MEix2spzlkc_0001
spk_007_utt_0003,ma'alob,spk_007,MEix2spzlkc_0002
spk_007_utt_0004,chan ma'alob,spk_007,MEix2spzlkc_0003
spk_007_utt_0005,ma' ma'alobi',spk_007,MEix2spzlkc_0004
spk_007_utt_0006,bix anikech,spk_007,MEix2spzlkc_0005
spk_007_utt_0007,tooj in wóol,spk_007,MEix2spzlkc_0006
spk_007_utt_0008,k'oja'anen,spk_007,MEix2spzlkc_0007
spk_007_utt_0009,yaaj in pool,spk_007,MEix2spzlkc_0008
spk_007_utt_0010,yaaj in naak',spk_007,MEix2spzlkc_0009
spk_007_utt_0011,táan in chokwil,spk_007,MEix2spzlkc_0010
spk_007_utt_0012,yanten se'en,spk_007,MEix2spzlkc_0011
spk_007_utt_0013,bix a wanil,spk_007,MEix2spzlkc_0012
spk_007_utt_0014,luba'an in wóol,spk_007,MEix2spzlkc_0013
spk_007_utt_0015,ki'imak,spk_007,MEix2spzlkc_0014
spk_007_utt_0016,in wóol,spk_007,MEix2spzlkc_0015
spk_007_utt_0017,k'uuxen,spk_007,MEix2spzlkc_0016
spk_007_utt_0018,ts'íiken,spk_007,MEix2spzlkc_0017
spk_007_utt_0019,p'u'ujane,spk_007,MEix2spzlkc_0018
spk_007_utt_0020,ba'ax tun,spk_007,MEix2spzlkc_0019
spk_007_utt_0021,chen beya',spk_007,MEix2spzlkc_0020
spk_007_utt_0022,chen mixba'al,spk_007,MEix2spzlkc_0021
spk_007_utt_0023,ma'alob,spk_007,MEix2spzlkc_0022
spk_007_utt_0024,kanáantabaj,spk_007,MEix2spzlkc_0023
spk_007_utt_0025,tak samal,spk_007,MEix2spzlkc_0024
spk_007_utt_0026,tak tuláak' k'iin,spk_007,MEix2spzlkc_0025
spk_007_utt_0027,tak ka'akat,spk_007,MEix2spzlkc_0026
spk_007_utt_0028,xi'iktech uts,spk_007,MEix2spzlkc_0027
spk_001_utt_0092,jkaline' ku k'ajóoltik j saan,spk_001,ydoApQfbGiA_0000
spk_008_utt_0001,le tsikbala' ku yúuchul tu kaajil k'íimbila',spk_008,ydoApQfbGiA_0001
spk_008_utt_0002,jkaline' tia'an te'e kaaja',spk_008,ydoApQfbGiA_0002
spk_008_utt_0003,ba'ale' chéen u láak'al u k'ajóol tumeen leti'e' íitsmalil,spk_008,ydoApQfbGiA_0003
spk_008_utt_0004,ts'o'okole' jo' kajabal,spk_008,ydoApQfbGiA_0004
spk_008_utt_0005,ikil taalja'an u xíimbalt u chiiche',spk_008,ydoApQfbGiA_0005
spk_008_utt_0006,ku jóok'ol k'íiwik utia'al u k'ajóolt láak' máako'ob,spk_008,ydoApQfbGiA_0006
spk_009_utt_0001,bix túun a k'aaba' beya' xi'ipal,spk_009,ydoApQfbGiA_0007
spk_010_utt_0001,jsaan in k'aaba' kux túun tech,spk_010,ydoApQfbGiA_0008
spk_009_utt_0002,tene' j kalin,spk_009,ydoApQfbGiA_0009
spk_010_utt_0002,jach ki'imak in wóol in k'ajóoltikech,spk_010,ydoApQfbGiA_0010
spk_009_utt_0003,bey xan teen weyilech wáe',spk_009,ydoApQfbGiA_0011
spk_010_utt_0003,jaaj weyilene',spk_010,ydoApQfbGiA_0012
spk_010_utt_0004,kux túun teech tu'uxilech,spk_010,ydoApQfbGiA_0013
spk_009_utt_0004,tene' íitsmalilen chéen ba'ale' jo' kaja'anen,spk_009,ydoApQfbGiA_0014
spk_010_utt_0005,chéen wáa taalja'anech xíimbal wey kaaje',spk_010,ydoApQfbGiA_0015
spk_009_utt_0005,jaaj beyo' taalen in xíimbal in chiich x máaj kooncha,spk_009,ydoApQfbGiA_0016
spk_010_utt_0006,a chiich wáa le xmáaj koonchao',spk_010,ydoApQfbGiA_0017
spk_009_utt_0006,leti' a k'aj óol wáa,spk_009,ydoApQfbGiA_0018
spk_010_utt_0007,in k'aj óol,spk_010,ydoApQfbGiA_0019
spk_010_utt_0008,ba'ale' ma' in wojel ka'ach wáa yaan juntúul u yáabil íitsmalili',spk_010,ydoApQfbGiA_0020
spk_009_utt_0007,"yaan, tene' in taatae' don j poonso",spk_009,ydoApQfbGiA_0021
spk_010_utt_0009,leti'e' ma' in k'aj óoli',spk_010,ydoApQfbGiA_0022
spk_010_utt_0010,úuch wáa xí'ik kajtal te'e íitsmalo',spk_010,ydoApQfbGiA_0023
spk_009_utt_0008,ts'o'ok u yaantal k'iin,spk_009,ydoApQfbGiA_0024
spk_009_utt_0009,ma'alob túun,spk_009,ydoApQfbGiA_0025
spk_009_utt_0010,pa'atik in bin in wil in chiich,spk_009,ydoApQfbGiA_0026
spk_009_utt_0011,táan u chúunk'intal ten,spk_009,ydoApQfbGiA_0027
spk_010_utt_0011,ma'alob xi'ik tech utsil tu jeel k'iine' k ka'tsikbal,spk_010,ydoApQfbGiA_0028
spk_009_utt_0012,ma'alob tak ka'ate',spk_009,ydoApQfbGiA_0029
spk_001_utt_0093,ba'ax meyajil ka beetik,spk_001,UcvKB8DFzjQ_0000
spk_001_utt_0094,ba'ax meyajil ku beetik a wíicham,spk_001,UcvKB8DFzjQ_0001
spk_006_utt_0030,ba'ax meyajil ku beetik u yíicham a kiik,spk_006,UcvKB8DFzjQ_0002
spk_006_utt_0031,ba'ax meyajil ka beetike'ex,spk_006,UcvKB8DFzjQ_0003
spk_006_utt_0032,ba'ax meyajil ku beetiko'oba,spk_006,UcvKB8DFzjQ_0004
spk_006_utt_0033,kin koonol,spk_006,UcvKB8DFzjQ_0005
spk_006_utt_0034,ka koonol,spk_006,UcvKB8DFzjQ_0006
spk_001_utt_0095,ku koonol,spk_001,UcvKB8DFzjQ_0007
spk_001_utt_0096,jsiile' ku koonol,spk_001,UcvKB8DFzjQ_0008
spk_001_utt_0097,xmeelae' ku koonol,spk_001,UcvKB8DFzjQ_0009
spk_001_utt_0098,k koonol,spk_001,UcvKB8DFzjQ_0010
spk_001_utt_0099,xsees yéetel tene' k koonol,spk_001,UcvKB8DFzjQ_0011
spk_006_utt_0035,k koonele'ex,spk_006,UcvKB8DFzjQ_0012
spk_006_utt_0036,ka koonele'ex,spk_006,UcvKB8DFzjQ_0013
spk_006_utt_0037,jmuuyo yéetel teche' ka koonole'ex,spk_006,UcvKB8DFzjQ_0014
spk_006_utt_0038,ku konolo'ob,spk_006,UcvKB8DFzjQ_0015
spk_006_utt_0039,xteere yéetel xseelae' ku konolo'ob,spk_006,UcvKB8DFzjQ_0016
spk_001_utt_0100,jseeb yéetel jbaase' ku konolo'ob,spk_001,UcvKB8DFzjQ_0017
spk_001_utt_0101,ba'ax ka juch'ik,spk_001,UcvKB8DFzjQ_0018
spk_001_utt_0102,ba'ax ku xokik,spk_001,UcvKB8DFzjQ_0019
spk_001_utt_0103,ba'ax ku ts'onik a ja'an,spk_001,UcvKB8DFzjQ_0020
spk_001_utt_0104,ba'ax ka jaantike'ex,spk_001,UcvKB8DFzjQ_0021
spk_006_utt_0040,ba'ax ku tukliko'ob,spk_006,UcvKB8DFzjQ_0022
spk_006_utt_0041,kin konik iik,spk_006,UcvKB8DFzjQ_0023
spk_006_utt_0042,ka konik báaxal,spk_006,UcvKB8DFzjQ_0024
spk_006_utt_0043,ku konik kij,spk_006,UcvKB8DFzjQ_0025
spk_006_utt_0044,jsiile' ku konik bu'ul,spk_006,UcvKB8DFzjQ_0026
spk_001_utt_0105,xmeelae' ku konik tuk',spk_001,UcvKB8DFzjQ_0027
spk_001_utt_0106,k konik iis,spk_001,UcvKB8DFzjQ_0028
spk_001_utt_0107,xsees yéetel tene' k konik ch'ujuk waaj,spk_001,UcvKB8DFzjQ_0029
spk_001_utt_0108,k konike'ex nook',spk_001,UcvKB8DFzjQ_0030
spk_001_utt_0109,ka konike'ex ki'iwaj,spk_001,UcvKB8DFzjQ_0031
spk_006_utt_0045,jmuuyo yéetel teche' ka konike'ex u bak'el kéej,spk_006,UcvKB8DFzjQ_0032
spk_006_utt_0046,ku koniko'ob k'áan,spk_006,UcvKB8DFzjQ_0033
spk_006_utt_0047,xteere yéetel xseelae' ku koniko'ob abal,spk_006,UcvKB8DFzjQ_0034
spk_006_utt_0048,jseeb yéetel jbaase' ku koniko'ob pichi',spk_006,UcvKB8DFzjQ_0035
spk_006_utt_0049,j kaline' ku yilik j saan te'e bejo',spk_006,yDg8dLQpByg_0000
spk_008_utt_0007,ka'aj máan j kalin tu jool u yotoch yuum j siile' tu yilaj saan,spk_008,yDg8dLQpByg_0001
spk_008_utt_0008,ka'aj tsikbalnajo'ob jun súutuk,spk_008,yDg8dLQpByg_0002
spk_008_utt_0009,bey túun tu yojéeltil j kalin ba'ax meyajil ku beetik le jsaano',spk_008,yDg8dLQpByg_0003
spk_009_utt_0013,bix a beel j saan,spk_009,yDg8dLQpByg_0004
spk_010_utt_0012,ma'alob kux teech,spk_010,yDg8dLQpByg_0005
spk_009_utt_0014,ma'alob xan ki'imak in wóol in wilikech,spk_009,yDg8dLQpByg_0006
spk_010_utt_0013,bey xan teen,spk_010,yDg8dLQpByg_0007
spk_009_utt_0015,tu'ux ka bin,spk_009,yDg8dLQpByg_0008
spk_010_utt_0014,táan in bin meyaj,spk_010,yDg8dLQpByg_0009
spk_009_utt_0016,ba'ax túun meyajil ka beetik beya',spk_009,yDg8dLQpByg_0010
spk_010_utt_0015,kin koonol,spk_010,yDg8dLQpByg_0011
spk_009_utt_0017,ba'ax túun ka konik,spk_009,yDg8dLQpByg_0012
spk_010_utt_0016,bak' kin konik te'e k'íiwiko',spk_010,yDg8dLQpByg_0013
spk_009_utt_0018,wáa beyo' ma' káan in bin in man tech jump'íit bak' ka'akate',spk_009,yDg8dLQpByg_0014
spk_010_utt_0017,ma'alob je'el k i likba te'elo,spk_010,yDg8dLQpByg_0015
spk_009_utt_0019,ma'alob túun ka'akate',spk_009,yDg8dLQpByg_0016
spk_006_utt_0050,ma' káan in bini',spk_006,Qzv2ZkLl9b0_0000
spk_001_utt_0110,ma' káan a meyaji',spk_001,Qzv2ZkLl9b0_0001
spk_001_utt_0111,ma' káan a báaxali',spk_001,Qzv2ZkLl9b0_0002
spk_001_utt_0112,ma' káan k p'áatali',spk_001,Qzv2ZkLl9b0_0003
spk_001_utt_0113,ma' káan k janale'exi',spk_001,Qzv2ZkLl9b0_0004
spk_001_utt_0114,ma' káan a bine'exi,spk_001,Qzv2ZkLl9b0_0005
spk_006_utt_0051,ma' káan u meyajo'obi',spk_006,Qzv2ZkLl9b0_0006
spk_006_utt_0052,je'el in wilikech te'elo',spk_006,Qzv2ZkLl9b0_0007
spk_006_utt_0053,je'el a wiliken tolo',spk_006,Qzv2ZkLl9b0_0008
spk_006_utt_0054,je'el u yiliken jo'e',spk_006,Qzv2ZkLl9b0_0009
spk_006_utt_0055,je'el k ilikba ka'ate',spk_006,Qzv2ZkLl9b0_0010
spk_001_utt_0115,je'el k ilikbaex sáamale',spk_001,Qzv2ZkLl9b0_0011
spk_001_utt_0116,je'el a wilikabaex ka'abeje',spk_001,Qzv2ZkLl9b0_0012
spk_001_utt_0117,je'el u yilkubaob tuláak' k'iine',spk_001,Qzv2ZkLl9b0_0013
spk_001_utt_0118,kin meyaj ta wotoch,spk_001,afmq0ViVd2I_0000
spk_001_utt_0119,ka míis tin wotoch,spk_001,afmq0ViVd2I_0001
spk_001_utt_0120,ku yóok'ot jsaan,spk_001,afmq0ViVd2I_0002
spk_001_utt_0121,xpiluche' ku p'o' tu yotoch,spk_001,afmq0ViVd2I_0003
spk_001_utt_0122,k óok'ot sáansamal,spk_001,afmq0ViVd2I_0004
spk_006_utt_0056,k ts'íibe'ex ich maaya,spk_006,afmq0ViVd2I_0005
spk_006_utt_0057,ka wóok'ote'ex tu yotoch jgabuch,spk_006,afmq0ViVd2I_0006
spk_006_utt_0058,ku yóok'oto'ob chéen wáa ba'ax k'íin,spk_006,afmq0ViVd2I_0007
spk_006_utt_0059,suuk in meyaj,spk_006,afmq0ViVd2I_0008
spk_006_utt_0060,suuk a míis,spk_006,afmq0ViVd2I_0009
spk_001_utt_0123,suuk u yóok'ot jsaan,spk_001,afmq0ViVd2I_0010
spk_001_utt_0124,xpiluche' suuk u p'o',spk_001,afmq0ViVd2I_0011
spk_001_utt_0125,suuk k óok'ot weye',spk_001,afmq0ViVd2I_0012
spk_001_utt_0126,suuk k ts'íibe'ex,spk_001,afmq0ViVd2I_0013
spk_001_utt_0127,suuk a wóok'ote'ex tia'al byeernes,spk_001,afmq0ViVd2I_0014
spk_006_utt_0061,uuk u yóok'oto'ob walkila',spk_006,afmq0ViVd2I_0015
spk_006_utt_0062,ja'ak' in wóol,spk_006,afmq0ViVd2I_0016
spk_006_utt_0063,ja'ak' a wóol,spk_006,afmq0ViVd2I_0017
spk_006_utt_0064,ja'ak u yóol jkalin,spk_006,afmq0ViVd2I_0018
spk_006_utt_0065,xteeree' ja'ak' u yóol,spk_006,afmq0ViVd2I_0019
spk_001_utt_0128,ja'ak' k óol,spk_001,afmq0ViVd2I_0020
spk_001_utt_0129,ja'ak' k óole'ex,spk_001,afmq0ViVd2I_0021
spk_001_utt_0130,ja'ak' a wóole'ex,spk_001,afmq0ViVd2I_0022
spk_001_utt_0131,ja'ak' u yóolo'ob,spk_001,afmq0ViVd2I_0023
spk_001_utt_0132,ts'o'ok in taal in man tech chi'ikam,spk_001,SVeCM5fA31Q_0000
spk_006_utt_0066,ts'o'ok a taal a man tech ten chúuk,spk_006,SVeCM5fA31Q_0001
spk_006_utt_0067,ts'o'ok in taal in man chi'ikam tech,spk_006,SVeCM5fA31Q_0002
spk_006_utt_0068,ts'o'ok a taal a man chúuk ten,spk_006,SVeCM5fA31Q_0003
spk_006_utt_0069,ts'o'ok u taal u kon ten k'úum,spk_006,SVeCM5fA31Q_0004
spk_006_utt_0070,ts'o'ok u taal u kon k'úum ten,spk_006,SVeCM5fA31Q_0005
spk_001_utt_0133,ts'o'ok u taal u kon tech kaab,spk_001,SVeCM5fA31Q_0006
spk_001_utt_0134,ts'o'ok u taal u kon kaab tech,spk_001,SVeCM5fA31Q_0007
spk_001_utt_0135,ts'o'ok in taal in man p'aak ti',spk_001,SVeCM5fA31Q_0008
spk_001_utt_0136,ts'o'ok a taal a kon ts'íim ti',spk_001,SVeCM5fA31Q_0009
spk_001_utt_0137,¿ba'ax bak'el a k'áatij,spk_001,SVeCM5fA31Q_0010
spk_006_utt_0071,¿ba'ax bak'el u k'áatij,spk_006,SVeCM5fA31Q_0011
spk_006_utt_0072,¿ba'ax bak'el u k'áat a suku'un,spk_006,SVeCM5fA31Q_0012
spk_006_utt_0073,¿ba'ax bak'el a k'áate'ex,spk_006,SVeCM5fA31Q_0013
spk_006_utt_0074,¿ba'ax bak'el u k'áato'ob,spk_006,SVeCM5fA31Q_0014
spk_006_utt_0075,ts'áaj ten,spk_006,SVeCM5fA31Q_0015
spk_001_utt_0138,ts'áaj ti',spk_001,SVeCM5fA31Q_0016
spk_001_utt_0139,ts'áaj to'on,spk_001,SVeCM5fA31Q_0017
spk_001_utt_0140,ts'áaj ti'ob,spk_001,SVeCM5fA31Q_0018
spk_001_utt_0141,much ts'áaj ten jun p'íit ja',spk_001,SVeCM5fA31Q_0019
spk_001_utt_0142,much ts'áaj jun p'íit sa' ti',spk_001,SVeCM5fA31Q_0020
spk_006_utt_0076,much ts'áaj to'on jun p'íit chukwa',spk_006,SVeCM5fA31Q_0021
spk_006_utt_0077,much ts'áaj jun p'íit ta'ab ti'ob,spk_006,SVeCM5fA31Q_0022
spk_006_utt_0078,much síij ten jun p'íit ja',spk_006,SVeCM5fA31Q_0023
spk_006_utt_0079,much síij jun p'íit sa' ti',spk_006,SVeCM5fA31Q_0024
spk_006_utt_0080,much síij to'on jun p'íit chukwa',spk_006,SVeCM5fA31Q_0025
spk_001_utt_0143,much síij jun p'íit ta'ab ti'ob,spk_001,SVeCM5fA31Q_0026
spk_001_utt_0144,ka ts'áik ten,spk_001,dHr5twulYF0_0000
spk_001_utt_0145,ka ts'áik ti',spk_001,dHr5twulYF0_0001
spk_001_utt_0146,ka ts'áik to'on,spk_001,dHr5twulYF0_0002
spk_001_utt_0147,ka ts'áik ti'ob,spk_001,dHr5twulYF0_0003
spk_006_utt_0081,kin ts'áik tech meyaj,spk_006,dHr5twulYF0_0004
spk_006_utt_0082,kin ts'áik nook' ti',spk_006,dHr5twulYF0_0005
spk_006_utt_0083,kin ts'áik te'ex taak'in,spk_006,dHr5twulYF0_0006
spk_006_utt_0084,kin ts'áik jun p'éel k'áan ti'ob,spk_006,dHr5twulYF0_0007
spk_006_utt_0085,ku ts'áik ya'ab balo'ob ten,spk_006,dHr5twulYF0_0008
spk_001_utt_0148,ku ts'áik tech ts'aak,spk_001,dHr5twulYF0_0009
spk_001_utt_0149,ku ts'áik u yaabilaj to'on,spk_001,dHr5twulYF0_0010
spk_001_utt_0150,ku ts'áik u yaakunaj te'ex,spk_001,dHr5twulYF0_0011
spk_001_utt_0151,kex chéen jun p'éel kiilo,spk_001,dHr5twulYF0_0012
spk_001_utt_0152,kex chéen lelo',spk_001,dHr5twulYF0_0013
spk_006_utt_0086,kex chéen lela',spk_006,dHr5twulYF0_0014
spk_006_utt_0087,kex chéen bu'ul,spk_006,dHr5twulYF0_0015
spk_006_utt_0088,kex chéen buka'ajo',spk_006,dHr5twulYF0_0016
spk_006_utt_0089,kex chéen buka'aja',spk_006,dHr5twulYF0_0017
spk_006_utt_0090,tu ts'aj ten uts,spk_006,dHr5twulYF0_0018
spk_001_utt_0153,tu ts'aj uts ten,spk_001,dHr5twulYF0_0019
spk_001_utt_0154,tu ts'aj tech k'aas,spk_001,dHr5twulYF0_0020
spk_001_utt_0155,tu ts'aj k'aas tech,spk_001,dHr5twulYF0_0021
spk_001_utt_0156,tu ts'aj uts ti',spk_001,dHr5twulYF0_0022
spk_001_utt_0157,tu ts'aj uts ti' jkalin,spk_001,dHr5twulYF0_0023
spk_006_utt_0091,tu ts'aj uts ti' u yatan a suku'un,spk_006,dHr5twulYF0_0024
spk_006_utt_0092,tu ts'aj to'on uts,spk_006,dHr5twulYF0_0025
spk_006_utt_0093,tu ts'aj to'one'ex uts,spk_006,dHr5twulYF0_0026
spk_006_utt_0094,tu ts'aj k'aas to'on,spk_006,dHr5twulYF0_0027
spk_006_utt_0095,tu ts'aj k'aas to'one'ex,spk_006,dHr5twulYF0_0028
spk_001_utt_0158,tu ts'aj uts te'ex,spk_001,dHr5twulYF0_0029
spk_001_utt_0159,tu ts'aj te'ex k'aas,spk_001,dHr5twulYF0_0030
spk_001_utt_0160,tu ts'aj k'aas ti'ob,spk_001,dHr5twulYF0_0031
spk_001_utt_0161,ko'oj,spk_001,UIEXyC2mBfc_0000
spk_001_utt_0162,ma' ko'oji',spk_001,UIEXyC2mBfc_0001
spk_006_utt_0096,jach ko'oj,spk_006,UIEXyC2mBfc_0002
spk_006_utt_0097,ma' jach ko'oji',spk_006,UIEXyC2mBfc_0003
spk_006_utt_0098,jach ma' ko'oji',spk_006,UIEXyC2mBfc_0004
spk_006_utt_0099,wey kaaje',spk_006,UIEXyC2mBfc_0005
spk_006_utt_0100,wey tin wotoche',spk_006,UIEXyC2mBfc_0006
spk_001_utt_0163,wey ta wotoche',spk_001,UIEXyC2mBfc_0007
spk_001_utt_0164,wey tu yotoche',spk_001,UIEXyC2mBfc_0008
spk_001_utt_0165,wey tu yotoch a chiiche',spk_001,UIEXyC2mBfc_0009
spk_001_utt_0166,wey t otoche',spk_001,UIEXyC2mBfc_0010
spk_001_utt_0167,wey t otoche'exe',spk_001,UIEXyC2mBfc_0011
spk_006_utt_0101,wey ta wotoche'exe',spk_006,UIEXyC2mBfc_0012
spk_006_utt_0102,wey tu yotocho'obe',spk_006,UIEXyC2mBfc_0013
spk_006_utt_0103,beyili' u ko'onolo',spk_006,UIEXyC2mBfc_0014
spk_006_utt_0104,beyili' u beeta'alo',spk_006,UIEXyC2mBfc_0015
spk_006_utt_0105,beyili' u ts'íibta'alo',spk_006,UIEXyC2mBfc_0016
spk_001_utt_0168,beyili' u xo'okolo',spk_001,UIEXyC2mBfc_0017
spk_001_utt_0169,beyili' u ya'ala'alo',spk_001,UIEXyC2mBfc_0018
spk_001_utt_0170,beyili' u báaxta'alo',spk_001,UIEXyC2mBfc_0019
spk_001_utt_0171,beyili' u pak'achta'alo',spk_001,UIEXyC2mBfc_0020
spk_001_utt_0172,beyili' u yóok'osta'alo',spk_001,UIEXyC2mBfc_0021
spk_006_utt_0106,beyili' u jaanta'alo',spk_006,UIEXyC2mBfc_0022
spk_006_utt_0107,beyili' u yu'uk'ulo',spk_006,UIEXyC2mBfc_0023
spk_006_utt_0108,beyili'o',spk_006,UIEXyC2mBfc_0024
spk_006_utt_0109,beyili' in wotocho',spk_006,UIEXyC2mBfc_0025
spk_006_utt_0110,jkaline' táan u bin u man bak' k'íiwik,spk_006,nR_9dDI-Xmk_0000
spk_008_utt_0010,le ka'aj tu yojéeltaj jkalin ku koonol jsaan k'íiwike',spk_008,nR_9dDI-Xmk_0001
spk_008_utt_0011,ka'aj bin u man jump'íit bak' ti',spk_008,nR_9dDI-Xmk_0002
spk_008_utt_0012,ja'ak' u yóol jkalin ka'aj tu yu'ubaj bajux le bak'o',spk_008,nR_9dDI-Xmk_0003
spk_008_utt_0013,tumen jo'e' seen ko'oj,spk_008,nR_9dDI-Xmk_0004
spk_009_utt_0020,"jsaan, ts'o'ok in taal in man tech bak'",spk_009,nR_9dDI-Xmk_0005
spk_010_utt_0018,ba'ax bak'el a k'áatij,spk_010,nR_9dDI-Xmk_0006
spk_009_utt_0021,ba'ax seen yaan,spk_009,nR_9dDI-Xmk_0007
spk_010_utt_0019,u bak'el wakax yéetel jun p'íit u bak'el kéek'en p'aatal,spk_010,nR_9dDI-Xmk_0008
spk_009_utt_0022,ts'áaj ten ka'a p'éel kiilo u ch'ala'atel le k'éek'eno',spk_009,nR_9dDI-Xmk_0009
spk_010_utt_0020,ko'ox ilik wáa je'el u chúukpajal ka'a p'éel kiiloe',spk_010,nR_9dDI-Xmk_0010
spk_009_utt_0023,"wáa ma' tu chúukpajale', le buka'aj yane' ka ts'áik ten",spk_009,nR_9dDI-Xmk_0011
spk_010_utt_0021,kex chéen jun p'éel kiilo,spk_010,nR_9dDI-Xmk_0012
spk_009_utt_0024,"kex chéen, je'el a chúukpesik ten yéetel uláak' bak'e'",spk_009,nR_9dDI-Xmk_0013
spk_010_utt_0022,"tu ts'aj tech uts, jach ka'a p'éel kiilo yani'",spk_010,nR_9dDI-Xmk_0014
spk_009_utt_0025,bajux túun jsaan,spk_009,nR_9dDI-Xmk_0015
spk_010_utt_0023,"$50 pesos, tumeen jun p'éel kiiloe' $25",spk_010,nR_9dDI-Xmk_0016
spk_009_utt_0026,ma' ko'oji'; jo'e' maas ko'oj,spk_009,nR_9dDI-Xmk_0017
spk_010_utt_0024,wey kaaje' beyili' u ko'onolo',spk_010,nR_9dDI-Xmk_0018
spk_009_utt_0027,jaach jaaj,spk_009,nR_9dDI-Xmk_0019
spk_010_utt_0025,jaach jaaj: je'el a wo'och bak'a',spk_010,nR_9dDI-Xmk_0020
spk_009_utt_0028,"je'el xan le $50 pesosa'; ma'alob, dios bo'otik",spk_009,nR_9dDI-Xmk_0021
spk_010_utt_0026,"ma'alob, mix ba'al",spk_010,nR_9dDI-Xmk_0022
spk_006_utt_0111,bey u beeta'alo',spk_006,EbnkLNK7sZc_0000
spk_001_utt_0173,bey u ts'íibta'alo',spk_001,EbnkLNK7sZc_0001
spk_001_utt_0174,bey u xo'okolo',spk_001,EbnkLNK7sZc_0002
spk_001_utt_0175,bey u ya'ala'alo',spk_001,EbnkLNK7sZc_0003
spk_001_utt_0176,beyo',spk_001,EbnkLNK7sZc_0004
spk_001_utt_0177,bey in wotocho',spk_001,EbnkLNK7sZc_0005
spk_006_utt_0112,je'el a wo'och bak'a',spk_006,EbnkLNK7sZc_0006
spk_006_utt_0113,je'el a wo'och bak'o',spk_006,EbnkLNK7sZc_0007
spk_006_utt_0114,je'el a janala',spk_006,EbnkLNK7sZc_0008
spk_006_utt_0115,je'el a janalo',spk_006,EbnkLNK7sZc_0009
spk_006_utt_0116,je'el a janale'exa',spk_006,EbnkLNK7sZc_0010
spk_001_utt_0178,je'el a janale'exo',spk_001,EbnkLNK7sZc_0011
spk_001_utt_0179,je'el u janalo'oba',spk_001,EbnkLNK7sZc_0012
spk_001_utt_0180,je'el u janalo'obo',spk_001,EbnkLNK7sZc_0013
spk_001_utt_0181,mix ba'al,spk_001,EbnkLNK7sZc_0014
spk_001_utt_0182,mix máak,spk_001,EbnkLNK7sZc_0015
spk_006_utt_0117,mix tu'ux,spk_006,EbnkLNK7sZc_0016
spk_006_utt_0118,mix bik'in,spk_006,EbnkLNK7sZc_0017
spk_006_utt_0119,jkaline' taak u xíimbaltik jsaan,spk_006,j6FymOVEjVM_0000
spk_006_utt_0120,taak in wilik a kiik,spk_006,j6FymOVEjVM_0001
spk_006_utt_0121,taak a manik juntúul úulum,spk_006,j6FymOVEjVM_0002
spk_006_utt_0122,taak k jaantik píibil k'éek'en,spk_006,j6FymOVEjVM_0003
spk_006_utt_0123,jrooch yéetel tene' taak k ts'onik juntúul kéej,spk_006,j6FymOVEjVM_0004
spk_001_utt_0183,"teen, teech yéetel jraache' taak k ts'o'oksike'ex le meyajo'",spk_001,j6FymOVEjVM_0005
spk_001_utt_0184,taak a kanike'ex maaya,spk_001,j6FymOVEjVM_0006
spk_001_utt_0185,xkaat yéetel teche' taak a konike'ex jump'éel mayak che',spk_001,j6FymOVEjVM_0007
spk_001_utt_0186,taak u yóok'ostiko'ob jáarana,spk_001,j6FymOVEjVM_0008
spk_001_utt_0187,xtiina yéetel jmaate' taak u yuk'iko'ob k'eyem,spk_001,j6FymOVEjVM_0009
spk_006_utt_0124,ba'ale' ma' in wojel tu'ux yani',spk_006,j6FymOVEjVM_0010
spk_006_utt_0125,ba'ale' ma' u yojel tu'ux yanechi',spk_006,j6FymOVEjVM_0011
spk_006_utt_0126,ba'ale' ma' k ojel tu'ux yan a wotochi',spk_006,j6FymOVEjVM_0012
spk_006_utt_0127,ba'ale' ma' a wojele'ex tu'ux yaneni',spk_006,j6FymOVEjVM_0013
spk_006_utt_0128,ba'ale' ma' u yojelo'ob tu'ux yano'oni',spk_006,j6FymOVEjVM_0014
spk_001_utt_0188,ba'ale' ma' u yojelo'ob tu'ux yano'one'exi',spk_001,j6FymOVEjVM_0015
spk_001_utt_0189,ba'ale' ma'a wojel tu'ux yan in kaajali',spk_001,j6FymOVEjVM_0016
spk_001_utt_0190,ba'ale' jabuche' ma' u yojel tu'ux yan in wíits'ini',spk_001,j6FymOVEjVM_0017
spk_001_utt_0191,tin wilaj juntúul kaan,spk_001,j6FymOVEjVM_0018
spk_001_utt_0192,ta konaj ixi'im,spk_001,j6FymOVEjVM_0019
spk_006_utt_0129,tu manaj juntúul wakax,spk_006,j6FymOVEjVM_0020
spk_006_utt_0130,t kanaj ts'íib,spk_006,j6FymOVEjVM_0021
spk_006_utt_0131,t bisaje'ex jump'éel siibal,spk_006,j6FymOVEjVM_0022
spk_006_utt_0132,ta k'aj óoltaje'ex don jbiicho,spk_006,j6FymOVEjVM_0023
spk_006_utt_0133,tu ts'onajo'ob juntúul t'u'ul,spk_006,j6FymOVEjVM_0024
spk_001_utt_0193,tin wóok'ostaj k'ub pool,spk_001,j6FymOVEjVM_0025
spk_001_utt_0194,ta báaxtaj kíimboomba,spk_001,j6FymOVEjVM_0026
spk_001_utt_0195,jkaase' tu jaantaj chakbil nal,spk_001,j6FymOVEjVM_0027
spk_001_utt_0196,t bo'otaj k p'aax,spk_001,j6FymOVEjVM_0028
spk_001_utt_0197,t k'amaje'ex u'ulab,spk_001,j6FymOVEjVM_0029
spk_006_utt_0134,ta xíimbalte'ex xmáaj seeb,spk_006,j6FymOVEjVM_0030
spk_006_utt_0135,tu yuk'o'ob sa',spk_006,j6FymOVEjVM_0031
spk_006_utt_0136,tsikbalnajen ta wéetel,spk_006,JxyTduf-wFQ_0000
spk_006_utt_0137,tsikbalnajech tin wéetel,spk_006,JxyTduf-wFQ_0001
spk_006_utt_0138,tsikbalnaj ta wéetele'ex,spk_006,JxyTduf-wFQ_0002
spk_001_utt_0198,tsikbalnajo'on ta wéetele'ex,spk_001,JxyTduf-wFQ_0003
spk_001_utt_0199,tsikbalnajo'one'ex yéetel,spk_001,JxyTduf-wFQ_0004
spk_001_utt_0200,tsikbalnaj t éetele'ex,spk_001,JxyTduf-wFQ_0005
spk_001_utt_0201,tsikbalnaje'ex t éetel,spk_001,JxyTduf-wFQ_0006
spk_001_utt_0202,tsikbalnajo'ob t éetel,spk_001,JxyTduf-wFQ_0007
spk_006_utt_0139,tin k'áataj in wu'uy tech,spk_006,JxyTduf-wFQ_0008
spk_006_utt_0140,tin k'áataj in wu'uy ti',spk_006,JxyTduf-wFQ_0009
spk_006_utt_0141,tin k'áataj in wu'uy te'ex,spk_006,JxyTduf-wFQ_0010
spk_006_utt_0142,tin k'áataj in wu'uy ti'ob,spk_006,JxyTduf-wFQ_0011
spk_006_utt_0143,ta k'áataj a wu'uy ten,spk_006,JxyTduf-wFQ_0012
spk_001_utt_0203,ta k'áataj a wu'uy ti',spk_001,JxyTduf-wFQ_0013
spk_001_utt_0204,ta k'áataj a wu'uy to'on,spk_001,JxyTduf-wFQ_0014
spk_001_utt_0205,ta k'áataj a wu'uy ti'ob,spk_001,JxyTduf-wFQ_0015
spk_001_utt_0206,tu k'áataj u yu'ub ten,spk_001,JxyTduf-wFQ_0016
spk_001_utt_0207,tu k'áataj u yu'ub tech,spk_001,JxyTduf-wFQ_0017
spk_006_utt_0144,tu k'áataj u yu'ub to'on,spk_006,JxyTduf-wFQ_0018
spk_006_utt_0145,tu k'áataj u yu'ub to'one'ex,spk_006,JxyTduf-wFQ_0019
spk_006_utt_0146,tu k'áataj u yu'ub te'ex,spk_006,JxyTduf-wFQ_0020
spk_006_utt_0147,tu k'áataj u yu'ub ti'ob,spk_006,JxyTduf-wFQ_0021
spk_006_utt_0148,tu'ux kaja'anech,spk_006,JxyTduf-wFQ_0022
spk_001_utt_0208,tu'ux kaja'an jturix,spk_001,JxyTduf-wFQ_0023
spk_001_utt_0209,tu'ux kaja'ane'ex,spk_001,JxyTduf-wFQ_0024
spk_001_utt_0210,tu'ux kaja'ano'ob,spk_001,JxyTduf-wFQ_0025
spk_001_utt_0211,utia'al ka'aj páajchak in bin in wilech,spk_001,JxyTduf-wFQ_0026
spk_001_utt_0212,utia'al ka'aj páajchak a bin a wilej,spk_001,JxyTduf-wFQ_0027
spk_006_utt_0149,utia'al ka'aj páajchak u bin u yilo'on,spk_006,JxyTduf-wFQ_0028
spk_006_utt_0150,utia'al ka'aj páajchak u bin u yilo'one'ex,spk_006,JxyTduf-wFQ_0029
spk_006_utt_0151,utia'al ka'aj páajchak k bin ile'ex,spk_006,JxyTduf-wFQ_0030
spk_006_utt_0152,utia'al ka'aj páajchak a bin a wile'exo'ob,spk_006,JxyTduf-wFQ_0031
spk_006_utt_0153,utia'al ka'aj páajchak u bin u yileno'ob,spk_006,JxyTduf-wFQ_0032
spk_001_utt_0213,máaxech,spk_001,h0dyPubrKmY_0000
spk_001_utt_0214,máaxi',spk_001,h0dyPubrKmY_0001
spk_001_utt_0215,máaxe'ex,spk_001,h0dyPubrKmY_0002
spk_001_utt_0216,máaxo'ob,spk_001,h0dyPubrKmY_0003
spk_001_utt_0217,máax a suku'un,spk_001,h0dyPubrKmY_0004
spk_006_utt_0154,máax u yatan a suku'un,spk_006,h0dyPubrKmY_0005
spk_006_utt_0155,máax u yíicham a kiik,spk_006,h0dyPubrKmY_0006
spk_006_utt_0156,jkalinen,spk_006,h0dyPubrKmY_0007
spk_006_utt_0157,jkalinech,spk_006,h0dyPubrKmY_0008
spk_006_utt_0158,jkalin,spk_006,h0dyPubrKmY_0009
spk_001_utt_0218,yáax in wilikecha',spk_001,h0dyPubrKmY_0010
spk_001_utt_0219,yáax in wilika',spk_001,h0dyPubrKmY_0011
spk_001_utt_0220,yáax u yiliko'ona',spk_001,h0dyPubrKmY_0012
spk_001_utt_0221,yáax u yiliko'one'exa',spk_001,h0dyPubrKmY_0013
spk_001_utt_0222,yáax k ilike'exa',spk_001,h0dyPubrKmY_0014
spk_006_utt_0159,yáax a wilike'exo'oba,spk_006,h0dyPubrKmY_0015
spk_006_utt_0160,yáax u yilikeno'oba',spk_006,h0dyPubrKmY_0016
spk_006_utt_0161,úuch in wilech,spk_006,h0dyPubrKmY_0017
spk_006_utt_0162,úuch a wilej,spk_006,h0dyPubrKmY_0018
spk_006_utt_0163,úuch in wil u chiich in wíicham,spk_006,h0dyPubrKmY_0019
spk_001_utt_0223,úuch u yilo'on,spk_001,h0dyPubrKmY_0020
spk_001_utt_0224,úuch k ile'ex,spk_001,h0dyPubrKmY_0021
spk_001_utt_0225,úuch a wile'exo'ob,spk_001,h0dyPubrKmY_0022
spk_001_utt_0226,úuch u yileno'ob,spk_001,h0dyPubrKmY_0023
spk_001_utt_0227,úuch a wil u yíicham a chiich,spk_001,h0dyPubrKmY_0024
spk_006_utt_0164,tu'ux yanech,spk_006,DN4cR-f7svU_0000
spk_006_utt_0165,tu'ux yane'ex,spk_006,DN4cR-f7svU_0001
spk_006_utt_0166,tu'ux yan,spk_006,DN4cR-f7svU_0002
spk_006_utt_0167,tu'ux yano'ob,spk_006,DN4cR-f7svU_0003
spk_006_utt_0168,tu'ux yan a ts'aak,spk_006,DN4cR-f7svU_0004
spk_001_utt_0228,tu'ux yan u míis a chiich,spk_001,DN4cR-f7svU_0005
spk_001_utt_0229,toj in wóol,spk_001,DN4cR-f7svU_0006
spk_001_utt_0230,toj a wóol,spk_001,DN4cR-f7svU_0007
spk_001_utt_0231,toj u yóol,spk_001,DN4cR-f7svU_0008
spk_001_utt_0232,toj k óol,spk_001,DN4cR-f7svU_0009
spk_006_utt_0169,toj k óole'ex,spk_006,DN4cR-f7svU_0010
spk_006_utt_0170,toj a wóole'ex,spk_006,DN4cR-f7svU_0011
spk_006_utt_0171,toj u yóolo'ob,spk_006,DN4cR-f7svU_0012
spk_006_utt_0172,toj u yóol in kiik,spk_006,DN4cR-f7svU_0013
spk_006_utt_0173,toj u yóol a suku'un,spk_006,DN4cR-f7svU_0014
spk_001_utt_0233,xtiila u ya'ala'al ten,spk_001,DN4cR-f7svU_0015
spk_001_utt_0234,jtiilo u ya'ala'al tech,spk_001,DN4cR-f7svU_0016
spk_001_utt_0235,jraach u ya'ala'al ti',spk_001,DN4cR-f7svU_0017
spk_001_utt_0236,xweela u ya'ala'al ti',spk_001,DN4cR-f7svU_0018
spk_001_utt_0237,bey in k'aaba'o',spk_001,DN4cR-f7svU_0019
spk_006_utt_0174,bey a k'aaba'o',spk_006,DN4cR-f7svU_0020
spk_006_utt_0175,bey u k'aaba'o',spk_006,DN4cR-f7svU_0021
spk_006_utt_0176,bey k k'aaba'o',spk_006,DN4cR-f7svU_0022
spk_006_utt_0177,bey k k'aaba'exo',spk_006,DN4cR-f7svU_0023
spk_006_utt_0178,jkaline' taak u bin u xíimbalt jsaan,spk_006,sVhmtw2Vsio_0000
spk_008_utt_0014,jkaline' taak u bin u xíimbalt jsaan,spk_008,sVhmtw2Vsio_0001
spk_008_utt_0015,ba'ale' ma' u yojel tu'ux yan u yotochi',spk_008,sVhmtw2Vsio_0002
spk_008_utt_0016,ti' lelo' ka'aj tu yilaj xmáaj tiila,spk_008,sVhmtw2Vsio_0003
spk_008_utt_0017,tsikbalnaj túun tu yéetel,spk_008,sVhmtw2Vsio_0004
spk_008_utt_0018,ka'aj tu k'áataj xan u yu'ub ti' tu'ux kaja'an jsaan,spk_008,sVhmtw2Vsio_0005
spk_008_utt_0019,utia'al ka'aj páajchak u bin u yilej.,spk_008,sVhmtw2Vsio_0006
spk_009_utt_0029,"bix a beel, xunáan",spk_009,sVhmtw2Vsio_0007
spk_011_utt_0001,ma'alob máaxech beya' xi'ipal,spk_011,sVhmtw2Vsio_0008
spk_009_utt_0030,"jkalinen, in chiich xmáaj kooncha",spk_009,sVhmtw2Vsio_0009
spk_011_utt_0002,a chiich wáa le xmáaj koonchao',spk_011,sVhmtw2Vsio_0010
spk_009_utt_0031,"jaaj, leti'",spk_009,sVhmtw2Vsio_0011
spk_011_utt_0003,yáax in wilikecha',spk_011,sVhmtw2Vsio_0012
spk_009_utt_0032,"tene' jo' kaja'anen, tu yo'olal le je'elo' yáax a wilikena'",spk_009,sVhmtw2Vsio_0013
spk_011_utt_0004,"kux túun a maama yéetel a yuum, máaxo'ob",spk_011,sVhmtw2Vsio_0014
spk_009_utt_0033,"in maamae' xmáaj meech, in taatae' don jpoonso",spk_009,sVhmtw2Vsio_0015
spk_011_utt_0005,"in k'aj óolo'ob, ba'ale' úuch in wilo'ob, tu'ux yano'ob beya'",spk_011,sVhmtw2Vsio_0016
spk_009_utt_0034,"tia'ano'ob ítsmale', ti' kaja'ano'obi'",spk_009,sVhmtw2Vsio_0017
spk_011_utt_0006,"jaaj a t'aan, ti' kaja'ano'obi', bix u beelo'ob",spk_011,sVhmtw2Vsio_0018
spk_009_utt_0035,"ma'alob, toj u yóolo'ob; bix túun a k'aaba' xunáan",spk_009,sVhmtw2Vsio_0019
spk_011_utt_0007,"xdóomitila in k'aaba', chéen ba'ale' xtiila u ya'ala'al tene",spk_011,sVhmtw2Vsio_0020
spk_009_utt_0036,xmáaj tiila,spk_009,sVhmtw2Vsio_0021
spk_009_utt_0037,taak in bin in xíimbalt juntúul xi'ipal,spk_009,sVhmtw2Vsio_0022
spk_009_utt_0038,"jsaan u k'aaba', ba'ale' ma' in wojel tu'ux kaja'ani'",spk_009,sVhmtw2Vsio_0023
spk_009_utt_0039,a k'aj óool wáa,spk_009,sVhmtw2Vsio_0024
spk_011_utt_0008,tene' ka'atúul xi'ipal in k'aj óol bey u k'aaba'obo',spk_011,sVhmtw2Vsio_0025
spk_011_utt_0009,"ma' in wojel máakalmáak le ka wa'alik techo', máax u yuum",spk_011,sVhmtw2Vsio_0026
spk_009_utt_0040,ma ' in k'aj óol mix juntúul u láak'ali',spk_009,sVhmtw2Vsio_0027
spk_009_utt_0041,chéen ba'ax in wojele' ,spk_009,sVhmtw2Vsio_0028
spk_009_utt_0042,leti'e' ku konik bak' te'e k'íiwiko',spk_009,sVhmtw2Vsio_0029
spk_011_utt_0010,"wáa beyo' in wojel máaxi', ma' jach náach ti' in wotoch kaja'ani'",spk_011,sVhmtw2Vsio_0030
spk_009_utt_0043,bix je'el u páajtal in k'uchul tu yotoche',spk_009,sVhmtw2Vsio_0031
spk_011_utt_0011,táanile' xeen toj,spk_011,sVhmtw2Vsio_0032
spk_011_utt_0012,le kéen k'uchukech te'e tu'ux ku ko'onol le waajo',spk_011,sVhmtw2Vsio_0033
spk_011_utt_0013,"ka tséelel ta no'oj, jach míij tu yóok'ol óoxp'éel naje' ti'i'",spk_011,sVhmtw2Vsio_0034
spk_009_utt_0044,bix u yotoch le jsaano',spk_009,sVhmtw2Vsio_0035
spk_011_utt_0014,"jump'éel ya'ax pak'il naj, ma' jach nojochi'",spk_011,sVhmtw2Vsio_0036
spk_011_utt_0015,tu jáal u kootile' yaan junkúul nuxi' óoxi',spk_011,sVhmtw2Vsio_0037
spk_009_utt_0045,je'elo' kexi' ma' in sa'atale',spk_009,sVhmtw2Vsio_0038
spk_011_utt_0016,"ma' ta sa'atal, chéen ch'a'abil, u yuume' yuum jmiilo",spk_011,sVhmtw2Vsio_0039
spk_009_utt_0046,wáa ba'axe' je'el in k'áatik in wu'uy te'e bej tu'ux kaja'an le don jmiiloo',spk_009,sVhmtw2Vsio_0040
spk_011_utt_0017,beyi'istako'; aktáan ti' u yotoch le yuum jmiiloo' ti kaja'an in wáabil jleexoi',spk_011,sVhmtw2Vsio_0041
spk_009_utt_0047,tu yo'olal le je'elo' a wojel túun ma'alob,spk_009,sVhmtw2Vsio_0042
spk_011_utt_0018,"beyo', tene' ook'in in bin xíimbalt in wáabil, tumeen úuch in wilej",spk_011,sVhmtw2Vsio_0043
spk_009_utt_0048,"ma'alob túun xunáan, jach ya'abkach dios bo'otik",spk_009,sVhmtw2Vsio_0044
spk_011_utt_0019,ma'alob xi'ipal ko'ox ilik ba'ax k'iin,spk_011,sVhmtw2Vsio_0045
spk_011_utt_0020,u taalo'ob xíimbal a yuum yéetel a maama wey kaaje',spk_011,sVhmtw2Vsio_0046
spk_009_utt_0049,bey u ts'i' in wóol ka'abej u taalo'obe',spk_009,sVhmtw2Vsio_0047
spk_011_utt_0021,ka'aj a much a'al ti'ob ka'aj k'uchuk u xíimbal teno'ob,spk_011,sVhmtw2Vsio_0048
spk_011_utt_0022,taak in tsikbal yéetelo'ob,spk_011,sVhmtw2Vsio_0049
spk_009_utt_0050,je'el in wa'alik ti'obe',spk_009,sVhmtw2Vsio_0050
spk_011_utt_0023,ma'alob xi'ipal tak saabado túun,spk_011,sVhmtw2Vsio_0051
spk_009_utt_0051,"ma'alob, nika'aj in wil le jsaano'",spk_009,sVhmtw2Vsio_0052
spk_006_utt_0179,chéen ba'ax in wojele' leti'e' ku konik bak' te'e k'íiwiko',spk_006,y2IUqDI2vZA_0000
spk_006_utt_0180,chéen ba'ax a wojele' to'one k konik ja'as te'e k'íiwiko',spk_006,y2IUqDI2vZA_0001
spk_006_utt_0181,chéen ba'ax u yojele' te'exe' ka konike'ex juch'bil sikil te'e k'íiwiko',spk_006,y2IUqDI2vZA_0002
spk_006_utt_0182,chéen ba'ax k ojele' teche' ka konik ya' te'e k'íiwiko',spk_006,y2IUqDI2vZA_0003
spk_006_utt_0183,chéen ba'ax k ojele'exe' jkaase' ku konik janal te'e k'íiwiko',spk_006,y2IUqDI2vZA_0004
spk_001_utt_0238,chéen ba'ax a wojele'exe' leti'o'obe' ku koniko'ob chakal ja'as te'e k'íiwiko',spk_001,y2IUqDI2vZA_0005
spk_001_utt_0239,chéen ba'ax u yojelo'obe' tene' kin konik ya'ab ba'alo'ob te'e k'íiwiko',spk_001,y2IUqDI2vZA_0006
spk_001_utt_0240,"wáa beyo', in wojel",spk_001,y2IUqDI2vZA_0007
spk_001_utt_0241,"wáa beyo', a wojel tu'uxi'",spk_001,y2IUqDI2vZA_0008
spk_001_utt_0242,"wáa beyo', u yojel máaxi'",spk_001,y2IUqDI2vZA_0009
spk_006_utt_0184,"wáa beyo', k ojel bixij",spk_006,y2IUqDI2vZA_0010
spk_006_utt_0185,"wáa beyo', a wojele'ex máakalmáak",spk_006,y2IUqDI2vZA_0011
spk_006_utt_0186,"wáa beyo', u yojelo'ob ba'axi'",spk_006,y2IUqDI2vZA_0012
spk_006_utt_0187,wáa beyo' in wojel ba'ax k'iin,spk_006,y2IUqDI2vZA_0013
spk_006_utt_0188,wáa beyo' a wojel buka'aj,spk_006,y2IUqDI2vZA_0014
spk_001_utt_0243,"wáa beyo', jkaline' u yojel bajux",spk_001,y2IUqDI2vZA_0015
spk_001_utt_0244,"wáa beyo', k ojel ba'axten",spk_001,y2IUqDI2vZA_0016
spk_001_utt_0245,"wáa beyo', a k'aj óolene'ex",spk_001,y2IUqDI2vZA_0017
spk_001_utt_0246,wáa beyo' u k'aj óolecho'ob,spk_001,y2IUqDI2vZA_0018
spk_001_utt_0247,náach ti' in wotoch,spk_001,y2IUqDI2vZA_0019
spk_006_utt_0189,ma' náach ti' a wotochi',spk_006,y2IUqDI2vZA_0020
spk_006_utt_0190,jach náach ti' u yotoch,spk_006,y2IUqDI2vZA_0021
spk_006_utt_0191,ma' jach náach ti' k otochi',spk_006,y2IUqDI2vZA_0022
spk_006_utt_0192,jach ma' náach ti' a wotoche'exi',spk_006,y2IUqDI2vZA_0023
spk_006_utt_0193,naats' ti' a kaajale'ex,spk_006,y2IUqDI2vZA_0024
spk_001_utt_0248,jach naats' ti' u kaajalo'ob,spk_001,y2IUqDI2vZA_0025
spk_001_utt_0249,ma' jach naats' ti' in kaajali',spk_001,y2IUqDI2vZA_0026
spk_001_utt_0250,ma' naats' ti' a kaajali',spk_001,y2IUqDI2vZA_0027
spk_001_utt_0251,jach ma' naats' ti' u kaajali',spk_001,y2IUqDI2vZA_0028
spk_001_utt_0252,bix je'el in k'uchul tu yotoche',spk_001,a4nwNUPpd6k_0000
spk_006_utt_0194,bix je'el u k'uchul ta wotoche'exe'',spk_006,a4nwNUPpd6k_0001
spk_006_utt_0195,bix je'el k k'uchul tu yotocho'obe',spk_006,a4nwNUPpd6k_0002
spk_006_utt_0196,bix je'el k k'uchule'ex tu yotocho'obe',spk_006,a4nwNUPpd6k_0003
spk_006_utt_0197,bix je'el u páajtal in k'uchul ta wotoche',spk_006,a4nwNUPpd6k_0004
spk_006_utt_0198,bix je'el u páajtal u k'uchulo'ob ta wotoche',spk_006,a4nwNUPpd6k_0005
spk_001_utt_0253,táanile' xeen toj,spk_001,a4nwNUPpd6k_0006
spk_001_utt_0254,táanile' xeen xaman,spk_001,a4nwNUPpd6k_0007
spk_001_utt_0255,táanile' xeen nojol,spk_001,a4nwNUPpd6k_0008
spk_001_utt_0256,táanile' xeen lak'in,spk_001,a4nwNUPpd6k_0009
spk_001_utt_0257,táanile' xeen chik'in,spk_001,a4nwNUPpd6k_0010
spk_006_utt_0199,táanile' xeen ta no'oj,spk_006,a4nwNUPpd6k_0011
spk_006_utt_0200,táanile' xeen ta ts'íik,spk_006,a4nwNUPpd6k_0012
spk_006_utt_0201,xeene'ex tu xuul,spk_006,a4nwNUPpd6k_0013
spk_006_utt_0202,xeene'ex meyaj,spk_006,a4nwNUPpd6k_0014
spk_006_utt_0203,xeene'ex jo',spk_006,a4nwNUPpd6k_0015
spk_001_utt_0258,xeene'ex jun puli',spk_001,a4nwNUPpd6k_0016
spk_001_utt_0259,xeene'ex xíimbal okil,spk_001,a4nwNUPpd6k_0017
spk_001_utt_0260,xeene'ex yóok'ol tsíimin,spk_001,a4nwNUPpd6k_0018
spk_001_utt_0261,le kéen k'uchukech te'e tu'ux ku ko'onol le waajo' ka tséelel,spk_001,a4nwNUPpd6k_0019
spk_001_utt_0262,le kéen k'uchukech tu yotoch don jsiile' ka tséelel,spk_001,a4nwNUPpd6k_0020
spk_006_utt_0204,le kéen k'uchukech k'íiwike' ka tséelel,spk_006,a4nwNUPpd6k_0021
spk_006_utt_0205,tu yóok'ol ka'ap'éel naj,spk_006,a4nwNUPpd6k_0022
spk_006_utt_0206,tu yóok'ol óoxp'éel naj,spk_006,a4nwNUPpd6k_0023
spk_006_utt_0207,tu yóok'ol kamp'éel naj,spk_006,a4nwNUPpd6k_0024
spk_006_utt_0208,bix a wotoch,spk_006,ujRzFHq-zJA_0000
spk_001_utt_0263,bix u yotoch le jsaano',spk_001,ujRzFHq-zJA_0001
spk_001_utt_0264,bix u yotoch a kiiko',spk_001,ujRzFHq-zJA_0002
spk_001_utt_0265,bix a wotoche'ex,spk_001,ujRzFHq-zJA_0003
spk_001_utt_0266,bix u yotocho'ob,spk_001,ujRzFHq-zJA_0004
spk_001_utt_0267,jump'éel ya'ax pak'il naj,spk_001,ujRzFHq-zJA_0005
spk_006_utt_0209,jump'éel sak pak'il naj,spk_006,ujRzFHq-zJA_0006
spk_006_utt_0210,jump'éel chak pak'il naj,spk_006,ujRzFHq-zJA_0007
spk_006_utt_0211,jump'éel k'an pak'il naj,spk_006,ujRzFHq-zJA_0008
spk_006_utt_0212,ka'ap'éel su'ukil naj,spk_006,ujRzFHq-zJA_0009
spk_006_utt_0213,óoxp'éel xa'anil naj,spk_006,ujRzFHq-zJA_0010
spk_001_utt_0268,tu jáal u kootile' yaan ka'akúul pichi'i',spk_001,ujRzFHq-zJA_0011
spk_001_utt_0269,tu jáal u kootile' yaan óoxkúul chi'i',spk_001,ujRzFHq-zJA_0012
spk_001_utt_0270,tu jáal u kootile' yaan kankúul pak'áali',spk_001,ujRzFHq-zJA_0013
spk_001_utt_0271,tu jáal u kootile' yaan jo'okúul luuchi',spk_001,ujRzFHq-zJA_0014
spk_001_utt_0272,tu jáal u kootile' yaan junkúul k'óopte'i',spk_001,ujRzFHq-zJA_0015
spk_006_utt_0214,tu jáal u kootile' yaan ka'akúul abali',spk_006,ujRzFHq-zJA_0016
spk_006_utt_0215,tu jáal u kootile' yaan óoxkúul chaayi',spk_006,ujRzFHq-zJA_0017
spk_006_utt_0216,tu jáal u kootile' yaan kankúul ooni',spk_006,ujRzFHq-zJA_0018
spk_006_utt_0217,kexi' ma' in sa'atale',spk_006,ujRzFHq-zJA_0019
spk_006_utt_0218,kexi' ma' a sa'atale',spk_006,ujRzFHq-zJA_0020
spk_001_utt_0273,kexi' ma' u sa'atale',spk_001,ujRzFHq-zJA_0021
spk_001_utt_0274,kexi' ma' k sa'atale',spk_001,ujRzFHq-zJA_0022
spk_001_utt_0275,kexi' ma' k sa'atale'exe',spk_001,ujRzFHq-zJA_0023
spk_001_utt_0276,kexi' ma' a sa'atale'exe',spk_001,ujRzFHq-zJA_0024
spk_001_utt_0277,kexi' ma' u sa'atalo'obe',spk_001,ujRzFHq-zJA_0025
spk_006_utt_0219,ma' tin sa'atal,spk_006,ujRzFHq-zJA_0026
spk_006_utt_0220,ma' ta sa'atal,spk_006,ujRzFHq-zJA_0027
spk_006_utt_0221,ma' tu sa'atal,spk_006,ujRzFHq-zJA_0028
spk_006_utt_0222,ma' t sa'atal,spk_006,ujRzFHq-zJA_0029
spk_006_utt_0223,ma' t sa'atale'ex,spk_006,ujRzFHq-zJA_0030
spk_001_utt_0278,ma' ta sa'atale'ex,spk_001,ujRzFHq-zJA_0031
spk_001_utt_0279,ma' tu sa'atalo'ob,spk_001,ujRzFHq-zJA_0032
spk_001_utt_0280,ko'ox ilik,spk_001,ZQQ4AXy9e2o_0000
spk_001_utt_0281,ko'ox k'aay,spk_001,ZQQ4AXy9e2o_0001
spk_001_utt_0282,ko'one'ex tsikbal,spk_001,ZQQ4AXy9e2o_0002
spk_006_utt_0224,ko'ox meyaj,spk_006,ZQQ4AXy9e2o_0003
spk_006_utt_0225,ko'one'ex xook,spk_006,ZQQ4AXy9e2o_0004
spk_006_utt_0226,ko'ox báaxal,spk_006,ZQQ4AXy9e2o_0005
spk_006_utt_0227,ko'one'ex óok'ot,spk_006,ZQQ4AXy9e2o_0006
spk_006_utt_0228,ko'ox xíimbal,spk_006,ZQQ4AXy9e2o_0007
spk_001_utt_0283,bey u ts'i' in wóol ka'abej u taalo'obe',spk_001,ZQQ4AXy9e2o_0008
spk_001_utt_0284,bey u ts'i' in wóol saamal u taale',spk_001,ZQQ4AXy9e2o_0009
spk_001_utt_0285,much a'al ti'ob ka'aj k'uchuk u xíimbal teno'ob,spk_001,ZQQ4AXy9e2o_0010
spk_001_utt_0286,much a'al ti' ka'aj k'uchuk u xíimbal ten,spk_001,ZQQ4AXy9e2o_0011
spk_001_utt_0287,a'al ti' ka'aj k'uchuk u xíimbal to'on,spk_001,ZQQ4AXy9e2o_0012
spk_006_utt_0229,taak in wóok'ot ta wéetel,spk_006,ZQQ4AXy9e2o_0013
spk_006_utt_0230,taak in meyaj yéetel,spk_006,ZQQ4AXy9e2o_0014
spk_006_utt_0231,taak in janal ta wéetele'ex,spk_006,ZQQ4AXy9e2o_0015
spk_006_utt_0232,taak in tsikbal yéetelo'ob,spk_006,ZQQ4AXy9e2o_0016
spk_006_utt_0233,nika'aj in wil jsaan,spk_006,ZQQ4AXy9e2o_0017
spk_001_utt_0288,nika'aj in wilej,spk_001,ZQQ4AXy9e2o_0018
spk_001_utt_0289,naka'aj a wil xdaam,spk_001,ZQQ4AXy9e2o_0019
spk_001_utt_0290,naka'aj a wilej,spk_001,ZQQ4AXy9e2o_0020
spk_001_utt_0291,nuka'aj u yil jpoolo,spk_001,ZQQ4AXy9e2o_0021
spk_001_utt_0292,nuka'aj u yilej,spk_001,ZQQ4AXy9e2o_0022
spk_001_utt_0293,le ka'aj ts'o'ok in wok'ol,spk_001,0Fv2TJNBdy0_0000
spk_001_utt_0294,le ka'aj ts'o'ok a síit',spk_001,0Fv2TJNBdy0_0001
spk_001_utt_0295,le ka'aj ts'o'ok u yok'ol jabuch,spk_001,0Fv2TJNBdy0_0002
spk_001_utt_0296,le ka'aj ts'o'ok k t'aan,spk_001,0Fv2TJNBdy0_0003
spk_001_utt_0297,le ka'aj ts'o'ok k t'aane'ex,spk_001,0Fv2TJNBdy0_0004
spk_006_utt_0234,le ka'aj ts'o'ok a bo'ole'ex,spk_006,0Fv2TJNBdy0_0005
spk_006_utt_0235,le ka'aj ts'o'ok u che'ejo'ob,spk_006,0Fv2TJNBdy0_0006
spk_006_utt_0236,jáan binen in bo'ot u p'aax in suku'un,spk_006,0Fv2TJNBdy0_0007
spk_006_utt_0237,jáan binech a míist in wotoch,spk_006,0Fv2TJNBdy0_0008
spk_006_utt_0238,jáan bin u t'aan k íits'in,spk_006,0Fv2TJNBdy0_0009
spk_001_utt_0298,jáan bino'on k juch' k'eyem,spk_001,0Fv2TJNBdy0_0010
spk_001_utt_0299,jáan bino'on k sute'ex le taak'ino',spk_001,0Fv2TJNBdy0_0011
spk_001_utt_0300,jáan bine'ex a cha'ant pay wakax,spk_001,0Fv2TJNBdy0_0012
spk_001_utt_0301,jáan bin u ts'u'uts'o'ob chamal,spk_001,0Fv2TJNBdy0_0013
spk_001_utt_0302,kula'anech wáa,spk_001,0Fv2TJNBdy0_0014
spk_006_utt_0239,kula'an wáa u suku'un a watan,spk_006,0Fv2TJNBdy0_0015
spk_006_utt_0240,kula'ane'ex wáa,spk_006,0Fv2TJNBdy0_0016
spk_006_utt_0241,kula'ano'ob wáa,spk_006,0Fv2TJNBdy0_0017
spk_006_utt_0242,ma' kula'aneni',spk_006,0Fv2TJNBdy0_0018
spk_006_utt_0243,ma' kula'ano'oni',spk_006,0Fv2TJNBdy0_0019
spk_001_utt_0303,sáam xi'ik a ja'an,spk_001,0Fv2TJNBdy0_0020
spk_001_utt_0304,sáam taalaken,spk_001,0Fv2TJNBdy0_0021
spk_001_utt_0305,sáam jaanakech,spk_001,0Fv2TJNBdy0_0022
spk_001_utt_0306,sáam uk'ulnak le xi'ipalo',spk_001,0Fv2TJNBdy0_0023
spk_001_utt_0307,sáam ichkíilnako'on,spk_001,0Fv2TJNBdy0_0024
spk_006_utt_0244,sáam ts'o'ojko'one'ex,spk_006,0Fv2TJNBdy0_0025
spk_006_utt_0245,sáam u'uluke'ex,spk_006,0Fv2TJNBdy0_0026
spk_006_utt_0246,sáam suunako'ob,spk_006,0Fv2TJNBdy0_0027
spk_006_utt_0247,ma' sáam xi'iko'obi',spk_006,0Fv2TJNBdy0_0028
spk_006_utt_0248,ma' sáam ts'o'okok in wichkíili',spk_006,0Fv2TJNBdy0_0029
spk_001_utt_0308,ma' sáam ts'o'okok u yichkíili',spk_001,0Fv2TJNBdy0_0030
spk_001_utt_0309,te'eytak u suuto'ob wale',spk_001,0Fv2TJNBdy0_0031
spk_001_utt_0310,míij te'eytak u suut jjaas,spk_001,0Fv2TJNBdy0_0032
spk_009_utt_0052,"jsaan, jsaan kula'anech wáa",spk_009,JHvzHAYZLW4_0000
spk_012_utt_0001,"ma' kula'ani, bija'an tu yiknal in kiik xmaruch",spk_012,JHvzHAYZLW4_0001
spk_009_utt_0053,sáam wáa xi'ik,spk_009,JHvzHAYZLW4_0002
spk_012_utt_0002,"chan sáamij, te'eytak u suut wale'",spk_012,JHvzHAYZLW4_0003
spk_009_utt_0054,"taak in páa'tik lo'obal, ba'ale' kux túun wáa ku xáantal nal a kiiko'",spk_009,JHvzHAYZLW4_0004
spk_012_utt_0003,teech a wojel,spk_012,JHvzHAYZLW4_0005
spk_013_utt_0001,"máax yéetel ka tsikbal, xch'úupal",spk_013,JHvzHAYZLW4_0006
spk_012_utt_0004,yéetel juntúul xi'ipal taal u yil jsaan,spk_012,JHvzHAYZLW4_0007
spk_013_utt_0002,"a'al ti' ka'aj máanak, ma' tu xáantal ts'o'ok u k'uchul",spk_013,JHvzHAYZLW4_0008
spk_012_utt_0005,ooken bin,spk_012,JHvzHAYZLW4_0009
spk_009_utt_0055,bix a beel don jmiilo,spk_009,JHvzHAYZLW4_0010
spk_013_utt_0003,"ma'alob, je'el le k'áanche'o', kuleen",spk_013,JHvzHAYZLW4_0011
spk_009_utt_0056,"dios bo'otik, tene' jkalin in k'aaba', in taatae' don jpoonso witsíil, ma' in wojel wáa a k'aj óoli'",spk_009,JHvzHAYZLW4_0012
spk_013_utt_0004,"bix ma' in k'aj óoltik, in wéet xook ka'ach úuchij",spk_013,JHvzHAYZLW4_0013
spk_009_utt_0057,ma' in wojel ka'achi',spk_009,JHvzHAYZLW4_0014
spk_010_utt_0027,jaaj wáa tia'an jkalin weye',spk_010,JHvzHAYZLW4_0015
spk_013_utt_0005,je'el ku páa'tikech wey ich naje',spk_013,JHvzHAYZLW4_0016
spk_009_utt_0058,'ba'ax ka wa'alik jsaan,spk_009,JHvzHAYZLW4_0017
spk_010_utt_0028,"chéen beya', ma' ta wa'alaj ten wáa yaan a taali'",spk_010,JHvzHAYZLW4_0018
spk_009_utt_0059,"ts'o'ok in taal kex chéen junsúutuk, bix túun u beel a kiiko'",spk_009,JHvzHAYZLW4_0019
spk_010_utt_0029,"ma' jach ma'alobi', táan u chi'ibal u pool",spk_010,JHvzHAYZLW4_0020
spk_013_utt_0006,xuulul wáa táan u chi'ibal u pool a kiiko',spk_013,JHvzHAYZLW4_0021
spk_010_utt_0030,"xuulul, ba'ale' táan u chan máan kex beyo'",spk_010,JHvzHAYZLW4_0022
spk_010_utt_0031,kux teech jkalin yaan wáa a kiik,spk_010,JHvzHAYZLW4_0023
spk_009_utt_0060,"mina'an, chéen in suku'un yaan",spk_009,JHvzHAYZLW4_0024
spk_010_utt_0032,jaytúul a suku'un yaan,spk_010,JHvzHAYZLW4_0025
spk_009_utt_0061,jkalin. chéen ka'atúul,spk_009,JHvzHAYZLW4_0026
spk_010_utt_0033,bix u k'aaba'ob,spk_010,JHvzHAYZLW4_0027
spk_009_utt_0062,"juntúule' jpiil yéetel uláak'o' je'e bix u k'aaba' in taatao', ba'ale' jach jela'antako'ob",spk_009,JHvzHAYZLW4_0028
spk_010_utt_0034,ba'axten,spk_010,JHvzHAYZLW4_0029
spk_009_utt_0063,"le jpoonsoo' chíika'an ti' in maama, mulix, kaabal u bakel",spk_009,JHvzHAYZLW4_0030
spk_009_utt_0064,"bek'ech, ts'o'okole' ya'axtak u yich",spk_009,JHvzHAYZLW4_0031
spk_010_utt_0035,kux túun le jpiilo' bixij,spk_010,JHvzHAYZLW4_0032
spk_009_utt_0065,"leti'e' maas chan chíika'an ti' in taata, polok, ka'anal u bakel",spk_009,JHvzHAYZLW4_0033
spk_009_utt_0066,"piim u me'ex, le ku ts'o'okole' ch'eel xan",spk_009,JHvzHAYZLW4_0034
spk_010_utt_0036,"je'elo' jaaj a t'aan, jach jela'antako'ob. teche' chan chíika'anech ti' tu ka'atúulil",spk_010,JHvzHAYZLW4_0035
spk_010_utt_0037,"ka'anal a baakel, bek'echech, k'as mulixech, yaan xan a me'ex",spk_010,JHvzHAYZLW4_0036
spk_009_utt_0067,kin wilike' teche' chíika'anech ti' a kiik,spk_009,JHvzHAYZLW4_0037
spk_013_utt_0007,kex beyo'jach jela'antako'ob xan,spk_013,JHvzHAYZLW4_0038
spk_010_utt_0038,tene' jach uts tin wich in cha'antik le pay wakaxo'...,spk_010,JHvzHAYZLW4_0039
spk_013_utt_0008,ba'ale' le jáaranao' ma' uts tu t'aani',spk_013,JHvzHAYZLW4_0040
spk_010_utt_0039,"kin cha'antik, ba'ale' ma' tin wóok'ostik",spk_010,JHvzHAYZLW4_0041
spk_010_utt_0040,in kiiko'obe' jach táaj uts tu t'aan u yóok'ostiko'ob,spk_010,JHvzHAYZLW4_0042
spk_009_utt_0068,tene' ba'ax in p'eeke' xiib,spk_009,JHvzHAYZLW4_0043
spk_013_utt_0009,ba'axten,spk_013,JHvzHAYZLW4_0044
spk_009_utt_0069,"tumeen chéen ko'olel uts tin wich, ja, ja, ja lelo' tak teen",spk_009,JHvzHAYZLW4_0045
spk_009_utt_0070,"ma'alobe'ex túun, táan in bin tiknal in chiich, ts'o'ok in wi'ijtal",spk_009,JHvzHAYZLW4_0046
spk_013_utt_0010,"wáa wi'ijeche' p'áaten janal, mix jaanko'on xani'",spk_013,JHvzHAYZLW4_0047
spk_009_utt_0071,jach dios bo'otik don jmiilo,spk_009,JHvzHAYZLW4_0048
spk_009_utt_0072,ba'ale' tuláa'k'iin wale' tumeen táan u páa'tiken in chiich,spk_009,JHvzHAYZLW4_0049
spk_013_utt_0011,"ma'alob xi'ipal, kaláantaba",spk_013,JHvzHAYZLW4_0050
spk_010_utt_0041,"bix túun, yaan wáa a jóok'ol ka'akate'",spk_010,JHvzHAYZLW4_0051
spk_009_utt_0073,míij ma'. saabadoe' yaan k bin xíimbalt xmáaj tiila,spk_009,JHvzHAYZLW4_0052
spk_009_utt_0074,je'el wáa a taal t éetele' utia'al ka'aj máanako'on k ch'a'ech,spk_009,JHvzHAYZLW4_0053
spk_010_utt_0042,"je'ele, kex ba'ax oora",spk_010,JHvzHAYZLW4_0054
spk_009_utt_0075,kex chúumuk k'iin wale',spk_009,JHvzHAYZLW4_0055
spk_010_utt_0043,"je'elo' bey k p'áatalo', ma'alob",spk_010,JHvzHAYZLW4_0056
spk_009_utt_0076,"ma'alob, tak saabado",spk_009,JHvzHAYZLW4_0057
spk_001_utt_0311,a'al ti' ka'aj máanak u páa'ten,spk_001,o6k2wknL64o_0000
spk_001_utt_0312,a'al ti'ob ka'aj máanak u páa'teno'ob,spk_001,o6k2wknL64o_0001
spk_006_utt_0249,ma' tu xáantal ts'o'ok in suut,spk_006,o6k2wknL64o_0002
spk_006_utt_0250,ma' tu xáantal ts'o'ok u bin,spk_006,o6k2wknL64o_0003
spk_006_utt_0251,ma' tu xáantal ts'o'ok k kóojol,spk_006,o6k2wknL64o_0004
spk_006_utt_0252,ma' tu xáantal ts'o'ok k ts'o'oksike'ex,spk_006,o6k2wknL64o_0005
spk_006_utt_0253,ma' tu xáantal ts'o'ok u k'uchulo'ob,spk_006,o6k2wknL64o_0006
spk_001_utt_0313,xooknen,spk_001,o6k2wknL64o_0007
spk_001_utt_0314,xokej,spk_001,o6k2wknL64o_0008
spk_001_utt_0315,máanen,spk_001,o6k2wknL64o_0009
spk_001_utt_0316,ooken,spk_001,o6k2wknL64o_0010
spk_001_utt_0317,jóok'en,spk_001,o6k2wknL64o_0011
spk_006_utt_0254,xooknene'ex,spk_006,o6k2wknL64o_0012
spk_006_utt_0255,xoke'ex,spk_006,o6k2wknL64o_0013
spk_006_utt_0256,máanene'ex,spk_006,o6k2wknL64o_0014
spk_006_utt_0257,ookene'ex,spk_006,o6k2wknL64o_0015
spk_006_utt_0258,jóok'ene'ex,spk_006,o6k2wknL64o_0016
spk_001_utt_0318,jóok'en bin,spk_001,o6k2wknL64o_0017
spk_001_utt_0319,kuleen bin,spk_001,o6k2wknL64o_0018
spk_001_utt_0320,jóok'ene'ex bin,spk_001,o6k2wknL64o_0019
spk_001_utt_0321,kuleene'ex bin,spk_001,o6k2wknL64o_0020
spk_001_utt_0322,je'el le nook'o',spk_001,o6k2wknL64o_0021
spk_006_utt_0259,je'el le nook'a',spk_006,o6k2wknL64o_0022
spk_006_utt_0260,ma' in wojel wáa u k'aj óolechi',spk_006,kmZ843k3Pcw_0000
spk_006_utt_0261,ma' u yojel wáa in k'aj óolechi',spk_006,kmZ843k3Pcw_0001
spk_006_utt_0262,ma' u yojel wáa a k'aj óoleni',spk_006,kmZ843k3Pcw_0002
spk_001_utt_0323,in wéet xooko'ob,spk_001,kmZ843k3Pcw_0003
spk_001_utt_0324,u yéet kaajal xmaruch,spk_001,kmZ843k3Pcw_0004
spk_001_utt_0325,ma' in k'aj óole'exi',spk_001,kmZ843k3Pcw_0005
spk_001_utt_0326,ma in k'aj óole'ex ka'achi',spk_001,kmZ843k3Pcw_0006
spk_001_utt_0327,ma' in wili',spk_001,kmZ843k3Pcw_0007
spk_006_utt_0263,ma' in wil ka'achi',spk_006,kmZ843k3Pcw_0008
spk_006_utt_0264,jaaj wáa tia'anech weye',spk_006,kmZ843k3Pcw_0009
spk_006_utt_0265,jaaj wáa tia'ane'ex weye',spk_006,kmZ843k3Pcw_0010
spk_006_utt_0266,jaaj wáa tia'ano'ob weye',spk_006,kmZ843k3Pcw_0011
spk_006_utt_0267,ma' wáa tu ya'alaj tech wáa yaan suuti',spk_006,kmZ843k3Pcw_0012
spk_001_utt_0328,ma' ta wa'alaj to'on wáa yaan a bini',spk_001,kmZ843k3Pcw_0013
spk_001_utt_0329,ma' t a'alaj tech ma' t bini',spk_001,kmZ843k3Pcw_0014
spk_001_utt_0330,ts'o'ok in míis,spk_001,kmZ843k3Pcw_0015
spk_001_utt_0331,ts'o'ok a p'o',spk_001,kmZ843k3Pcw_0016
spk_001_utt_0332,ts'o'ok u meyaj jpaancho,spk_001,kmZ843k3Pcw_0017
spk_006_utt_0268,ts'o'ok k janal,spk_006,kmZ843k3Pcw_0018
spk_006_utt_0269,to'one'exe' ts'o'ok k uk'ul,spk_006,kmZ843k3Pcw_0019
spk_006_utt_0270,xpaancha yéetel teche' ts'o'ok a je'elele'ex,spk_006,kmZ843k3Pcw_0020
spk_006_utt_0271,jnaando yéetel u yatane' ts'o'ok u bino'ob,spk_006,kmZ843k3Pcw_0021
spk_006_utt_0272,táan u chi'ibal in pool,spk_006,PrX2FSYd0b8_0000
spk_001_utt_0333,táan u chi'ibal u nak' in wíicham,spk_001,PrX2FSYd0b8_0001
spk_001_utt_0334,táan u chi'ibal k xikin,spk_001,PrX2FSYd0b8_0002
spk_001_utt_0335,táan u chi'ibal k koje'ex,spk_001,PrX2FSYd0b8_0003
spk_001_utt_0336,táan u chi'ibal u nak'o'ob,spk_001,PrX2FSYd0b8_0004
spk_001_utt_0337,yaan wáa a kiik,spk_001,PrX2FSYd0b8_0005
spk_006_utt_0273,yaan wáa a suku'une'ex,spk_006,PrX2FSYd0b8_0006
spk_006_utt_0274,yaan wáa a láak'al,spk_006,PrX2FSYd0b8_0007
spk_006_utt_0275,mina'an in suku'un,spk_006,PrX2FSYd0b8_0008
spk_006_utt_0276,yaan a kiik,spk_006,PrX2FSYd0b8_0009
spk_006_utt_0277,mina'an u láak'al,spk_006,PrX2FSYd0b8_0010
spk_001_utt_0338,jaytúul a kiik yaan,spk_001,PrX2FSYd0b8_0011
spk_001_utt_0339,jaytúul a suku'une'ex yaan,spk_001,PrX2FSYd0b8_0012
spk_001_utt_0340,jaytúul u láak'al yaan,spk_001,PrX2FSYd0b8_0013
spk_001_utt_0341,chéen juntúul in suku'un yaan,spk_001,PrX2FSYd0b8_0014
spk_001_utt_0342,mix juntúul u kiik yaan,spk_001,PrX2FSYd0b8_0015
spk_006_utt_0278,"kin wóok'ostik, ba'ale' ma' tin k'ayik",spk_006,PrX2FSYd0b8_0016
spk_006_utt_0279,"ka xokik, ba'ale' ma' ta ts'íibtik",spk_006,PrX2FSYd0b8_0017
spk_006_utt_0280,"ku k'ayik, ba'ale' ma' tu paxik",spk_006,PrX2FSYd0b8_0018
spk_006_utt_0281,"k wenel, ba'ale' ma' t náay",spk_006,PrX2FSYd0b8_0019
spk_006_utt_0282,"k tuklike'ex, ba'ale' ma' t beetke'ex",spk_006,PrX2FSYd0b8_0020
spk_001_utt_0343,táan u páa'tiken jmaando,spk_001,PrX2FSYd0b8_0021
spk_001_utt_0344,táan in páa'tike'ex,spk_001,PrX2FSYd0b8_0022
spk_001_utt_0345,táan u páa'tko'one'exo'ob,spk_001,PrX2FSYd0b8_0023
spk_001_utt_0346,yaan in bin konol,spk_001,PrX2FSYd0b8_0024
spk_001_utt_0347,yaan a bin a kon bak',spk_001,PrX2FSYd0b8_0025
spk_006_utt_0283,jpiile' yaan u paax sáamal,spk_006,PrX2FSYd0b8_0026
spk_006_utt_0284,yaan k paxik jáarana ka'abej,spk_006,PrX2FSYd0b8_0027
spk_006_utt_0285,yaan k óok'ostike'ex jáarana byeernes,spk_006,PrX2FSYd0b8_0028
spk_006_utt_0286,yaan u k'ayiko'ob jáarana ka'akate',spk_006,PrX2FSYd0b8_0029
spk_006_utt_0287,uti'al ka'aj múul meyajnako'on,spk_006,441OglMZCY0_0000
spk_006_utt_0288,uti'al ka'aj múul xíimbalnako'one'ex,spk_006,441OglMZCY0_0001
spk_006_utt_0289,uti'al ka'aj múul xooknake'ex,spk_006,441OglMZCY0_0002
spk_006_utt_0290,uti'al ka'aj múul tsikbalnako'ob,spk_006,441OglMZCY0_0003
spk_006_utt_0291,tin juunal binen,spk_006,441OglMZCY0_0004
spk_001_utt_0348,ta juunal suunajech,spk_001,441OglMZCY0_0005
spk_001_utt_0349,tu juunal meyajnajij,spk_001,441OglMZCY0_0006
spk_001_utt_0350,t juunal áalkabnajo'on,spk_001,441OglMZCY0_0007
spk_001_utt_0351,t juunal p'áato'one'ex,spk_001,441OglMZCY0_0008
spk_001_utt_0352,tu juunal báabnajo'ob,spk_001,441OglMZCY0_0009
spk_006_utt_0292,yéetel máax kajakbalech,spk_006,441OglMZCY0_0010
spk_006_utt_0293,yéetel máax kajakbal,spk_006,441OglMZCY0_0011
spk_006_utt_0294,yéetel máax kajakbale'ex,spk_006,441OglMZCY0_0012
spk_006_utt_0295,yéetel máax kajakbalo'ob,spk_006,441OglMZCY0_0013
spk_006_utt_0296,jach ki'ichpam a wáabil,spk_006,441OglMZCY0_0014
spk_001_utt_0353,jach ki'ichkelem u yáabilo'ob,spk_001,441OglMZCY0_0015
spk_001_utt_0354,ts'oka'an wáa a beel,spk_001,441OglMZCY0_0016
spk_001_utt_0355,ts'oka'an wáa u beel a kiik,spk_001,441OglMZCY0_0017
spk_001_utt_0356,ts'oka'an wáa u beel le xi'ipalo',spk_001,441OglMZCY0_0018
spk_001_utt_0357,ts'oka'an wáa a beele'ex,spk_001,441OglMZCY0_0019
spk_006_utt_0297,ts'oka'an wáa u beelo'ob,spk_006,441OglMZCY0_0020
spk_006_utt_0298,ts'oka'an in beel,spk_006,441OglMZCY0_0021
spk_006_utt_0299,ts'oka'an u beel,spk_006,441OglMZCY0_0022
spk_006_utt_0300,ts'oka'an k beel,spk_006,441OglMZCY0_0023
spk_006_utt_0301,ts'oka'an k beele'ex,spk_006,441OglMZCY0_0024
spk_001_utt_0358,ts'oka'an u beelo'ob,spk_001,441OglMZCY0_0025
spk_001_utt_0359,ma' ts'oka'an in beeli',spk_001,441OglMZCY0_0026
spk_001_utt_0360,ts'oka'an u beel ka'achij,spk_001,441OglMZCY0_0027
spk_001_utt_0361,ma' ts'oka'an k beel ka'achi',spk_001,441OglMZCY0_0028
spk_001_utt_0362,ma' ts'oka'an k beele'exi',spk_001,441OglMZCY0_0029
spk_006_utt_0302,ts'oka'an u beelo'ob ka'achij,spk_006,441OglMZCY0_0030
spk_006_utt_0303,ts'o'ok wáa u ts'o'okol a beel,spk_006,441OglMZCY0_0031
spk_006_utt_0304,ts'o'ok wáa u ts'o'okol u beel a suku'un,spk_006,441OglMZCY0_0032
spk_006_utt_0305,ts'o'ok wáa u ts'o'okol a beele'ex,spk_006,441OglMZCY0_0033
spk_006_utt_0306,ts'o'ok wáa u ts'o'okol u beelo'ob,spk_006,441OglMZCY0_0034
spk_001_utt_0363,ts'o'ok u ts'o'okol in beel,spk_001,441OglMZCY0_0035
spk_001_utt_0364,ma' ts'o'okok u beeli',spk_001,441OglMZCY0_0036
spk_001_utt_0365,ma' ts'o'okok k beel ka'achi',spk_001,441OglMZCY0_0037
spk_001_utt_0366,ma' ts'o'okok k beele'exi',spk_001,441OglMZCY0_0038
spk_001_utt_0367,ma' ts'o'okok u beelo'ob ka'achi',spk_001,441OglMZCY0_0039
spk_006_utt_0307,ba'ax úuchij,spk_006,oQfP-E9l8AI_0000
spk_006_utt_0308,ba'ax úuch tech,spk_006,oQfP-E9l8AI_0001
spk_006_utt_0309,ba'ax úuch te'ex,spk_006,oQfP-E9l8AI_0002
spk_006_utt_0310,ba'ax úuch ti'ob,spk_006,oQfP-E9l8AI_0003
spk_006_utt_0311,mixba'al úuchij,spk_006,oQfP-E9l8AI_0004
spk_001_utt_0368,mixba'al úuch ten,spk_001,oQfP-E9l8AI_0005
spk_001_utt_0369,mixba'al úuch ti',spk_001,oQfP-E9l8AI_0006
spk_001_utt_0370,mixba'al úuch to'on,spk_001,oQfP-E9l8AI_0007
spk_001_utt_0371,mixba'al úuch to'one'ex,spk_001,oQfP-E9l8AI_0008
spk_001_utt_0372,mixba'al úuch ti'ob,spk_001,oQfP-E9l8AI_0009
spk_006_utt_0312,ba'ax ku beetik jtiino,spk_006,oQfP-E9l8AI_0010
spk_006_utt_0313,ba'ax ka beetike'ex,spk_006,oQfP-E9l8AI_0011
spk_006_utt_0314,ba'ax ku beetiko'ob,spk_006,oQfP-E9l8AI_0012
spk_006_utt_0315,táan in p'o' nook',spk_006,oQfP-E9l8AI_0013
spk_006_utt_0316,táan in p'o'ik in nook',spk_006,oQfP-E9l8AI_0014
spk_001_utt_0373,táan a míistik u yotoch a suku'un,spk_001,oQfP-E9l8AI_0015
spk_001_utt_0374,táan u k'ayik jump'éel jats'uts k'aay,spk_001,oQfP-E9l8AI_0016
spk_001_utt_0375,táan k kanik maaya,spk_001,oQfP-E9l8AI_0017
spk_001_utt_0376,táan k payal chi'ex,spk_001,oQfP-E9l8AI_0018
spk_001_utt_0377,táan a tuklikene'ex,spk_001,oQfP-E9l8AI_0019
spk_006_utt_0317,táan u yokliko'ob juntúul úulum,spk_006,oQfP-E9l8AI_0020
spk_006_utt_0318,"lep' a wóol, xi'ipal",spk_006,oQfP-E9l8AI_0021
spk_006_utt_0319,lep' a wóole'ex,spk_006,oQfP-E9l8AI_0022
spk_006_utt_0320,ba'ax a k'iin a bin meyaj,spk_006,pbkNWN7jZ4U_0000
spk_006_utt_0321,ba'ax k'iin u bin xíimbal ja'an,spk_006,pbkNWN7jZ4U_0001
spk_001_utt_0378,ba'ax k'iin a meyaje'ex,spk_001,pbkNWN7jZ4U_0002
spk_001_utt_0379,ba'ax k'iin a bine'ex meyaj,spk_001,pbkNWN7jZ4U_0003
spk_001_utt_0380,ba'ax k'iin u yóok'ostiko'ob chan wakax,spk_001,pbkNWN7jZ4U_0004
spk_001_utt_0381,na'aken tu yóok'ol le tsíimino',spk_001,pbkNWN7jZ4U_0005
spk_001_utt_0382,na'akech tu yóok'ol le najo',spk_001,pbkNWN7jZ4U_0006
spk_006_utt_0322,na'ak tu yóok'ol le kooto',spk_006,pbkNWN7jZ4U_0007
spk_006_utt_0323,na'ako'on tu yóok'ol mooto,spk_006,pbkNWN7jZ4U_0008
spk_006_utt_0324,na'ako'one'ex te' tsíimin k'áak'o',spk_006,pbkNWN7jZ4U_0009
spk_006_utt_0325,na'ake'ex te' péepen k'áak'o',spk_006,pbkNWN7jZ4U_0010
spk_006_utt_0326,na'ako'ob te' kis buuts'o',spk_006,pbkNWN7jZ4U_0011
spk_001_utt_0383,anchaj in jaantik kex ma' ki' tin chi'i',spk_001,pbkNWN7jZ4U_0012
spk_001_utt_0384,anchaj a manik kex ko'oj,spk_001,pbkNWN7jZ4U_0013
spk_001_utt_0385,anchaj u beetik kex ma' u k'áati',spk_001,pbkNWN7jZ4U_0014
spk_001_utt_0386,anchaj u bo'otiko'ob kex seen ko'oj,spk_001,pbkNWN7jZ4U_0015
spk_001_utt_0387,syeen pesos tu bineltaj,spk_001,pbkNWN7jZ4U_0016
spk_006_utt_0327,jump'éel kilo tu bineltaj ten,spk_006,pbkNWN7jZ4U_0017
spk_006_utt_0328,ka'amuut tu bineltaj tech,spk_006,pbkNWN7jZ4U_0018
spk_006_utt_0329,óoxwuuts' tu bineltaj ti',spk_006,pbkNWN7jZ4U_0019
spk_006_utt_0330,kanlúub tu bineltaj to'on,spk_006,pbkNWN7jZ4U_0020
spk_006_utt_0331,ba'ax tu bineltaj te'ex,spk_006,pbkNWN7jZ4U_0021
spk_001_utt_0388,buka'aj tu bineltaj ti'ob,spk_001,pbkNWN7jZ4U_0022
spk_001_utt_0389,ba'ax u bin tech,spk_001,pbkNWN7jZ4U_0023
spk_001_utt_0390,mixba'al u bin ten,spk_001,pbkNWN7jZ4U_0024
spk_001_utt_0391,buka'aj u bin ti',spk_001,pbkNWN7jZ4U_0025
spk_001_utt_0392,ya'ab u bin ti',spk_001,pbkNWN7jZ4U_0026
spk_006_utt_0332,ma' ya'ab u bin ti'i',spk_006,pbkNWN7jZ4U_0027
spk_006_utt_0333,chéen jump'íit u bin ti'obi',spk_006,pbkNWN7jZ4U_0028
spk_006_utt_0334,jkaline' ku bin u yil xmáaj tiila,spk_006,7f7zF-ohGHc_0000
spk_008_utt_0020,jkaline máan u ch'a' jsaan utia'al ka'aj múul xi'iko'ob u yil xmáaj tiila,spk_008,7f7zF-ohGHc_0001
spk_008_utt_0021,ti' lelo' jkaline' ku ya'alik ti'ob táan u bin kajtal íitsmal jayp'éel k'iin,spk_008,7f7zF-ohGHc_0002
spk_009_utt_0077,ko'ox jsaan,spk_009,7f7zF-ohGHc_0003
spk_010_utt_0044,"ko'ox, ta juunal wáa taalech",spk_010,7f7zF-ohGHc_0004
spk_009_utt_0078,"tin juunal, ma' taal in maama mix in taatai', p'áato'ob íitsmal wale'",spk_009,7f7zF-ohGHc_0005
spk_010_utt_0045,"ko'ox, naats' u yotoch le xmáaj tiilao'",spk_010,7f7zF-ohGHc_0006
spk_009_utt_0079,yéetel máax túun kajakbal le xmáaj tiilao',spk_009,7f7zF-ohGHc_0007
spk_010_utt_0046,"yéetel juntúul u yáabil, jach ki'ichpam",spk_010,7f7zF-ohGHc_0008
spk_009_utt_0080,ts'oka'an wáa túun u beel,spk_009,7f7zF-ohGHc_0009
spk_010_utt_0047,"ts'okan ka'achij, ba'ale' kimeen u yíicham",spk_010,7f7zF-ohGHc_0010
spk_009_utt_0081,ba'ax úuch ti',spk_009,7f7zF-ohGHc_0011
spk_010_utt_0048,bin ts'on kéeje' ka'aj xí'ik ts'onta'abij,spk_010,7f7zF-ohGHc_0012
spk_010_utt_0049,le ba'al je'ela' ma' seen úuchi',spk_010,7f7zF-ohGHc_0013
spk_010_utt_0050,yaan kex jump'éel ja'ab wale',spk_010,7f7zF-ohGHc_0014
spk_009_utt_0082,yaan wáa túun u paalal,spk_009,7f7zF-ohGHc_0015
spk_010_utt_0051,"mina'an, ma' úuch ts'o'okok u beelo'ob ka'achi'",spk_010,7f7zF-ohGHc_0016
spk_009_utt_0083,ma' wáa túun ka ts'o'ok u beeli',spk_009,7f7zF-ohGHc_0017
spk_010_utt_0052,"ma' tak be'ooraa' ma', ba'ale' ma' k ojel wáa ichil jump'íit k'iine'",spk_010,7f7zF-ohGHc_0018
spk_010_utt_0053,"ku ka' ts'o'okol u beel tu ka'a téen, ba'axten",spk_010,7f7zF-ohGHc_0019
spk_009_utt_0084,chéen tumen; buka'aj u bin k kóojol,spk_009,7f7zF-ohGHc_0020
spk_010_utt_0054,ts'o'ok k k'uchul leti' le su'ukil naja',spk_010,7f7zF-ohGHc_0021
spk_009_utt_0085,"xmáaj tiila, ba'ax ka beetik beya'",spk_009,7f7zF-ohGHc_0022
spk_011_utt_0024,"táan in jóoyabtil in paak'al, taalo'ob wáa a yuum yéetel a maamao'",spk_011,7f7zF-ohGHc_0023
spk_009_utt_0086,"ma' taalo'obi'. xmáaj tiila, chéen taalen in wa'al teche' bejla'ab in bin íitsmale'",spk_009,7f7zF-ohGHc_0024
spk_009_utt_0087,ti' bíin kajlaken jayp'éel k'iini',spk_009,7f7zF-ohGHc_0025
spk_011_utt_0025,táan a bin a wilo'ob,spk_011,7f7zF-ohGHc_0026
spk_009_utt_0088,jaaj,spk_009,7f7zF-ohGHc_0027
spk_010_utt_0055,ba'ax oora a bin,spk_010,7f7zF-ohGHc_0028
spk_009_utt_0089,be'oorae',spk_009,7f7zF-ohGHc_0029
spk_010_utt_0056,"lep' a wóol túuni', te'eytak u máan le waawáo'",spk_010,7f7zF-ohGHc_0030
spk_009_utt_0090,tu'ux ku máan,spk_009,7f7zF-ohGHc_0031
spk_011_utt_0026,aktáan ti' le ch'e'en kaajo',spk_011,7f7zF-ohGHc_0032
spk_009_utt_0091,"ma'alob, pa'atik in bin",spk_009,7f7zF-ohGHc_0033
spk_010_utt_0057,ba'ax k'iin a suut,spk_010,7f7zF-ohGHc_0034
spk_009_utt_0092,"wáa ba'axe' tak juulio wale', je'el in taal in xíimbalteche'",spk_009,7f7zF-ohGHc_0035
spk_009_utt_0093,chéen ta juunal kaja'anech máasima',spk_009,7f7zF-ohGHc_0036
spk_011_utt_0027,"ma', yéetel in wáabil, ma' bakáan ta k'aj óoltaji'",spk_011,7f7zF-ohGHc_0037
spk_009_utt_0094,"mixba'al ti'e', je'elili' in k'aj óoltik le kéen suunakene'",spk_009,7f7zF-ohGHc_0038
spk_011_utt_0028,"ma'alob túun, xi'ikech yéetel ya'abkach uts",spk_011,7f7zF-ohGHc_0039
spk_010_utt_0058,kaláantaba wale',spk_010,7f7zF-ohGHc_0040
spk_010_utt_0059,wáa ba'ax xane' je'el in k'uchul in wilech tolo',spk_010,7f7zF-ohGHc_0041
spk_009_utt_0095,"ma'alob, bix ma'il, ti' kin in páa'techi'",spk_009,7f7zF-ohGHc_0042
spk_009_utt_0096,"ma'alob túun, je'el ku taal le waawáo'",spk_009,7f7zF-ohGHc_0043
spk_008_utt_0022,"bey túuno', jkaline' na'ak te' waawáo' ka'aj bin íitsmal.",spk_008,7f7zF-ohGHc_0044
spk_008_utt_0023,yéetel yaj óolal binij tumeen kex ma' u k'áate',spk_008,7f7zF-ohGHc_0045
spk_008_utt_0024,anchaj u p'atik máaxo'ob tu k'aj óoltaj tu kaajil k'íimbila';,spk_008,7f7zF-ohGHc_0046
spk_008_utt_0025,"ba'ale' ki'imak xan u yóol tumen tu k'aj óoltaj le kaajo',",spk_008,7f7zF-ohGHc_0047
spk_008_utt_0026,uláak' máako'ob bey xan uláak' ya'abkach ba'alo'ob,spk_008,7f7zF-ohGHc_0048
spk_008_utt_0027,"chéen juntúulili' máax tu bineltaj u k'aj óoltik: u yáabil xmáaj tiila,",spk_008,7f7zF-ohGHc_0049
spk_008_utt_0028,"ba'ale' tu ya'alal yaan u béeytal, le kéen suunak",spk_008,7f7zF-ohGHc_0050
spk_008_utt_0029,"bejla'ab túune' jkaline' óoxp'éel u kaajal yaan: jo', íitsmal yéetel k'íimbila'.",spk_008,7f7zF-ohGHc_0051
spk_014_utt_0001,bix a k'aaba',spk_014,ana_grabacion_1_0000
spk_014_utt_0002,in k'aaba'e',spk_014,ana_grabacion_2_0000
spk_014_utt_0003,bix a beel,spk_014,ana_grabacion_3_0000
spk_014_utt_0004,ki'imak in wóol,spk_014,ana_grabacion_4_0000
spk_014_utt_0005,k'uuxen,spk_014,ana_grabacion_5_0000
spk_014_utt_0006,luba'an in wóol,spk_014,ana_grabacion_6_0000
spk_014_utt_0007,k'oja'anen,spk_014,ana_grabacion_7_0000
spk_014_utt_0008,wi'ijen,spk_014,ana_grabacion_8_0000
spk_014_utt_0009,uk'ajen,spk_014,ana_grabacion_9_0000
spk_014_utt_0010,ba'ax ka beetik,spk_014,ana_grabacion_10_0000
spk_014_utt_0011,tu'ux ka bin,spk_014,ana_grabacion_11_0000
spk_014_utt_0012,taak in bin,spk_014,ana_grabacion_12_0000
spk_014_utt_0013,taak in wenel,spk_014,ana_grabacion_13_0000
spk_014_utt_0014,ko'oten waye',spk_014,ana_grabacion_14_0000
spk_014_utt_0015,ko'ox xíimbal,spk_014,ana_grabacion_15_0000
spk_014_utt_0016,jach níib óolal,spk_014,ana_grabacion_16_0000
spk_014_utt_0017,mixba'al,spk_014,ana_grabacion_17_0000
spk_014_utt_0018,ka anaktech jump'éel jats'uts k'iin,spk_014,ana_grabacion_18_0000
spk_014_utt_0019,ka xi'iktech utsil,spk_014,ana_grabacion_19_0000
spk_014_utt_0020,je'el k-ilikba'e',spk_014,ana_grabacion_20_0000
spk_015_utt_0001,bix a k'aaba',spk_015,magdalena_grabacion_1_0000
spk_015_utt_0002,in k'aaba'e',spk_015,magdalena_grabacion_2_0000
spk_015_utt_0003,bix a beel,spk_015,magdalena_grabacion_3_0000
spk_015_utt_0004,ki'imak in wóol,spk_015,magdalena_grabacion_4_0000
spk_015_utt_0005,k'uuxen,spk_015,magdalena_grabacion_5_0000
spk_015_utt_0006,luba'an in wóol,spk_015,magdalena_grabacion_6_0000
spk_015_utt_0007,k'oja'anen,spk_015,magdalena_grabacion_7_0000
spk_015_utt_0008,wi'ijen,spk_015,magdalena_grabacion_8_0000
spk_015_utt_0009,uk'ajen,spk_015,magdalena_grabacion_9_0000
spk_015_utt_0010,ba'ax ka beetik,spk_015,magdalena_grabacion_10_0000
spk_015_utt_0011,tu'ux ka bin,spk_015,magdalena_grabacion_11_0000
spk_015_utt_0012,taak in bin,spk_015,magdalena_grabacion_12_0000
spk_015_utt_0013,taak in wenel,spk_015,magdalena_grabacion_13_0000
spk_015_utt_0014,ko'oten waye',spk_015,magdalena_grabacion_14_0000
spk_015_utt_0015,ko'ox xíimbal,spk_015,magdalena_grabacion_15_0000
spk_015_utt_0016,jach níib óolal,spk_015,magdalena_grabacion_16_0000
spk_015_utt_0017,mixba'al,spk_015,magdalena_grabacion_17_0000
spk_015_utt_0018,ka anaktech jump'éel jats'uts k'iin,spk_015,magdalena_grabacion_18_0000
spk_015_utt_0019,ka xi'iktech utsil,spk_015,magdalena_grabacion_19_0000
spk_015_utt_0020,je'el k-ilikba'e',spk_015,magdalena_grabacion_20_0000
spk_016_utt_0001,bix a k'aaba',spk_016,manuel_grabacion_1_0000
spk_016_utt_0002,in k'aaba'e',spk_016,manuel_grabacion_2_0000
spk_016_utt_0003,bix a beel,spk_016,manuel_grabacion_3_0000
spk_016_utt_0004,ki'imak in wóol,spk_016,manuel_grabacion_4_0000
spk_016_utt_0005,k'uuxen,spk_016,manuel_grabacion_5_0000
spk_016_utt_0006,luba'an in wóol,spk_016,manuel_grabacion_6_0000
spk_016_utt_0007,k'oja'anen,spk_016,manuel_grabacion_7_0000
spk_016_utt_0008,wi'ijen,spk_016,manuel_grabacion_8_0000
spk_016_utt_0009,uk'ajen,spk_016,manuel_grabacion_9_0000
spk_016_utt_0010,ba'ax ka beetik,spk_016,manuel_grabacion_10_0000
spk_016_utt_0011,tu'ux ka bin,spk_016,manuel_grabacion_11_0000
spk_016_utt_0012,taak in bin,spk_016,manuel_grabacion_12_0000
spk_016_utt_0013,taak in wenel,spk_016,manuel_grabacion_13_0000
spk_016_utt_0014,ko'oten waye',spk_016,manuel_grabacion_14_0000
spk_016_utt_0015,ko'ox xíimbal,spk_016,manuel_grabacion_15_0000
spk_016_utt_0016,jach níib óolal,spk_016,manuel_grabacion_16_0000
spk_016_utt_0017,mixba'al,spk_016,manuel_grabacion_17_0000
spk_016_utt_0018,ka anaktech jump'éel jats'uts k'iin,spk_016,manuel_grabacion_18_0000
spk_016_utt_0019,ka xi'iktech utsil,spk_016,manuel_grabacion_19_0000
spk_016_utt_0020,je'el k-ilikba'e',spk_016,manuel_grabacion_20_0000
spk_017_utt_0001,bix a k'aaba',spk_017,mauricio_grabacion_1_0000
spk_017_utt_0002,in k'aaba'e',spk_017,mauricio_grabacion_2_0000
spk_017_utt_0003,bix a beel,spk_017,mauricio_grabacion_3_0000
spk_017_utt_0004,ki'imak in wóol,spk_017,mauricio_grabacion_4_0000
spk_017_utt_0005,k'uuxen,spk_017,mauricio_grabacion_5_0000
spk_017_utt_0006,luba'an in wóol,spk_017,mauricio_grabacion_6_0000
spk_017_utt_0007,k'oja'anen,spk_017,mauricio_grabacion_7_0000
spk_017_utt_0008,wi'ijen,spk_017,mauricio_grabacion_8_0000
spk_017_utt_0009,uk'ajen,spk_017,mauricio_grabacion_9_0000
spk_017_utt_0010,ba'ax ka beetik,spk_017,mauricio_grabacion_10_0000
spk_017_utt_0011,tu'ux ka bin,spk_017,mauricio_grabacion_11_0000
spk_017_utt_0012,taak in bin,spk_017,mauricio_grabacion_12_0000
spk_017_utt_0013,taak in wenel,spk_017,mauricio_grabacion_13_0000
spk_017_utt_0014,ko'oten waye',spk_017,mauricio_grabacion_14_0000
spk_017_utt_0015,ko'ox xíimbal,spk_017,mauricio_grabacion_15_0000
spk_017_utt_0016,jach níib óolal,spk_017,mauricio_grabacion_16_0000
spk_017_utt_0017,mixba'al,spk_017,mauricio_grabacion_17_0000
spk_017_utt_0018,ka anaktech jump'éel jats'uts k'iin,spk_017,mauricio_grabacion_18_0000
spk_017_utt_0019,ka xi'iktech utsil,spk_017,mauricio_grabacion_19_0000
spk_017_utt_0020,je'el k-ilikba'e',spk_017,mauricio_grabacion_20_0000
spk_018_utt_0001,bix a k'aaba',spk_018,amigo_de_camacho_grabacion_1_0000
spk_018_utt_0002,in k'aaba'e',spk_018,amigo_de_camacho_grabacion_2_0000
spk_018_utt_0003,bix a beel,spk_018,amigo_de_camacho_grabacion_3_0000
spk_018_utt_0004,ki'imak in wóol,spk_018,amigo_de_camacho_grabacion_4_0000
spk_018_utt_0005,k'uuxen,spk_018,amigo_de_camacho_grabacion_5_0000
spk_018_utt_0006,luba'an in wóol,spk_018,amigo_de_camacho_grabacion_6_0000
spk_018_utt_0007,k'oja'anen,spk_018,amigo_de_camacho_grabacion_7_0000
spk_018_utt_0008,wi'ijen,spk_018,amigo_de_camacho_grabacion_8_0000
spk_018_utt_0009,uk'ajen,spk_018,amigo_de_camacho_grabacion_9_0000
spk_018_utt_0010,ba'ax ka beetik,spk_018,amigo_de_camacho_grabacion_10_0000
spk_018_utt_0011,tu'ux ka bin,spk_018,amigo_de_camacho_grabacion_11_0000
spk_018_utt_0012,taak in bin,spk_018,amigo_de_camacho_grabacion_12_0000
spk_018_utt_0013,taak in wenel,spk_018,amigo_de_camacho_grabacion_13_0000
spk_018_utt_0014,ko'oten waye',spk_018,amigo_de_camacho_grabacion_14_0000
spk_018_utt_0015,ko'ox xíimbal,spk_018,amigo_de_camacho_grabacion_15_0000
spk_018_utt_0016,jach níib óolal,spk_018,amigo_de_camacho_grabacion_16_0000
spk_018_utt_0017,mixba'al,spk_018,amigo_de_camacho_grabacion_17_0000
spk_018_utt_0018,ka anaktech jump'éel jats'uts k'iin,spk_018,amigo_de_camacho_grabacion_18_0000
spk_018_utt_0019,ka xi'iktech utsil,spk_018,amigo_de_camacho_grabacion_19_0000
spk_018_utt_0020,je'el k-ilikba'e',spk_018,amigo_de_camacho_grabacion_20_0000
spk_002_utt_0155,bix a beele'ex láak'tsile'ex,spk_002,mydn6E0gPWw_0000
spk_019_utt_0001,xtakumbil xunáan le tsikbalo u k'aaba'e xta'akumbil xunáan xta'akumbil xunáane u k'áat u ya'ale tu'ux ta'aka'an jump'éel ko'olel,spk_019,01_Anatolio_Pech_1
spk_019_utt_0002,jaaj ta'akumbil xunáano le xunáano jump'éel ko'olel le u k'áat u ya'al beyo lelo yaan jump'éel le chan kaajo,spk_019,01_Anatolio_Pech_2
spk_019_utt_0003,u k'aaba'e ya'axche palomeke u ya'ala'al ti u k'aaba le chan kaajo entonkes beyo lelo le ko'olelo sáansamale yaan u bin xíinxíimbal ti le chan kaajo,spk_019,01_Anatolio_Pech_3
spk_019_utt_0004,káan u yila tu bin tu taal u yáa'biltale ku yokol ti le chan kaajo ku máan u k'áat tu'ux u yaantal je'el máax iknale,spk_019,01_Anatolio_Pech_4
spk_019_utt_0005,pero leti'e u tuukul beyo le káan weenek le u yuumil le najo ku yokoltik jump'éel paal wáaj jump'éel jun nojoch máak wáaj bix beyo,spk_019,01_Anatolio_Pech_5
spk_019_utt_0006,pero yaan u tsa'aysik k'oja'anil ti ku k'áatik u páajtalil ti jump'éel máak tu yotoche,spk_019,01_Anatolio_Pech_6
spk_019_utt_0007,ma wáaj táan a k'amiken ti le noche in wenel ta wéetela tumen tene mixtu'ux in yaantal,spk_019,01_Anatolio_Pech_7
spk_019_utt_0008,mixmáak in k'ajóol weye wa ka a k'amen ta wotoche kin wenel sáamale kin bin,spk_019,01_Anatolio_Pech_8
spk_019_utt_0009,pues komo ma u yojel máake ka wa'alik ti'e  pues oken ko'oten le káan weenekeche,spk_019,01_Anatolio_Pech_9
spk_019_utt_0010,ku beetik u ba'ala u ts'áaj teech a wúuts'bentej uti'al ka k'aasak a tuukul ka sa'atak a na'at beyo pues lela sáansamale beyo,spk_019,01_Anatolio_Pech_10
spk_019_utt_0011,juntúul máak ku sa'atal tu yotoch sáansamale juntúul máak ku sa'atal tu yotoch,spk_019,01_Anatolio_Pech_11
spk_019_utt_0012,jump'éel u k'iinile yaan juntúul le máako ku ya'ala'al ti le máak je'elo ku tsayik suum de xchi'ichi'ibej,spk_019,01_Anatolio_Pech_12
spk_019_utt_0013,de le xchi'ichi'ibejo le ku jit'ik beya ku beetik jump'éel suume pero yaan u payalchi'il ikil u ya'alik bey uti'al u meentiko ka tu ya'alaje  pues tene yaan in chukik le ko'olelo,spk_019,01_Anatolio_Pech_13
spk_019_utt_0014,yaan in wilik bix ken in chukik ka tu machaj le ta'ano ka jmáan u tos bey tu jool u taanaj kada máak beyo kada máak túune tu tosik le ta'an beya,spk_019,01_Anatolio_Pech_14
spk_019_utt_0015,le tu'ux kun u yil chíika'an tu'ux pe'echak'naj tu bine ku seguir ku bin tu paach,spk_019,01_Anatolio_Pech_15
spk_019_utt_0016,bey tu chukil le ko'olelo ka jok ti jump'éel nojoch áaktun le nojoch áaktun tu'ux oko ka bin beya míin kex jumpuul ch'iinil beya,spk_019,01_Anatolio_Pech_16
spk_019_utt_0017,ti ku náakale ku beeta'al jump'éel xk'atabche uti'al u yéemel máak beya,spk_019,01_Anatolio_Pech_17
spk_019_utt_0018,ku ts'o'okole ku ka ch'i'ik uláak bej beya uti'al u bine hasta káan k'uchukech ti jump'éel jool bin nojoch jool beya,spk_019,01_Anatolio_Pech_18
spk_019_utt_0019,bey a wa'alik ma tu yutstal u yokol máake tumen mixba'al yaan a machikabáaj mixtu'ux pero leti'e ka jtaale le suum tu beetaj de le chi'ichi'ibejo ka tu k'axaj,spk_019,01_Anatolio_Pech_19
spk_019_utt_0020,ti jump'éel tuunich yaan u joolil beya ka tu jalk'esubáaj beya ka tu jalk'esubae,spk_019,01_Anatolio_Pech_20
spk_019_utt_0021,ka jk'uch tu'ux yaan le ko'olelo le xunáano ka tu yilaje de ke ts'apakbal le u pool u baakel u pool le máako'ob ku bisiko,spk_019,01_Anatolio_Pech_21
spk_019_utt_0022,ku jaantik wale wa kesa'ab tu'uxe chéen u baakel ch'ejekbal u baakelo'ob beya,spk_019,01_Anatolio_Pech_22
spk_019_utt_0023,ka tu yilaje ti chila'ani tu weenel ka tu mache ka tu k'axaj yéetel le xchi'ichi'ibej tu yook beya tu k'axaj tu ka'ap'éelil u yooke ka tu k'axaj te'ela k'axaj te'ela,spk_019,01_Anatolio_Pech_23
spk_019_utt_0024,jaaj le ka jaaj le ko'olelo tu p'isbal u wach'ikubáaj tu p'isbal u kotsik le,spk_019,01_Anatolio_Pech_24
spk_019_utt_0025,suum beeta'ano ma utschaji entonkes leti'e ka tu yilaj túun beyo,spk_019,01_Anatolio_Pech_25
spk_019_utt_0026,ka tu yilaj ma tu yutstal u kotsik le suumo ka jo'op u yok'ol tu táan le máako ka tu ya'alaj ti'e  ba'axten ka meentik teen beya ma waáj ta wilike tene,spk_019,01_Anatolio_Pech_26
spk_019_utt_0027,kin bin in ch'a le máako'obo pero uti'al in kuxtal tumen tene mixba'al uláak je u yustal in jaantike chéen leti le máako'ob beyo entonkes letene kin bin in ch'a'e uti'al in jaantej bejla ts'a k'axikene bíin ken in beetik,spk_019,01_Anatolio_Pech_27
spk_019_utt_0028,pues ka a'ala'ab ti tumen le máako pues ma'alob bejla'e wey náak teche,spk_019,01_Anatolio_Pech_28
spk_019_utt_0029,ma tan suut a bin a ch'a mixmáak a jaantej wey kun ts'o'okol a k'iine teche te kan p'áatal te'ela nika'aj in sutech tuunichil,spk_019,01_Anatolio_Pech_29
spk_019_utt_0030,tuunich kan p'áatale uti'al tak tu ts'ook k'iin mina'an uti'al a ka jaantik mixmáak te túun,spk_019,01_Anatolio_Pech_30
spk_019_utt_0031,yiknal áaktuno ti p'áat te tu'ux u sen jaantmaj le máako'obo le ba'ax tu beet le máak tu'ux oko tu tselaj,spk_019,01_Anatolio_Pech_31
spk_019_utt_0032,bejla'e wa a k'áat okole je u yutstal a wokole pero yaan a kaxtik túune suum suum chowak uti'al ka páatak a wokoli,spk_019,01_Anatolio_Pech_32
spk_019_utt_0033,to'one bino'on ilej tene bino'on ilej oko'on te'elo,spk_019,01_Anatolio_Pech_33
spk_019_utt_0034,pero ma jk'ucho'on xan te jach tu'ux yaan le ko'olel su'ut tuunichilo tumen xu'up to'on suum mina'an to'on u maasil suume ti jnáako'on te'elo ma k'ucho'on tu yiknali le,spk_019,01_Anatolio_Pech_34
spk_019_utt_0035,je'elo yaan míin kex junk'aalil beya tia'an jump'éel jool buka'aja ku ya'alik le máako'obo,spk_019,01_Anatolio_Pech_35
spk_019_utt_0036,de ke tu tojil tu'ux yaan le joolo tia'an bin le xunáano le ko'olelo jaaj pues te'elo wa ka xi'ik máak wa ma sajakeche,spk_019,01_Anatolio_Pech_36
spk_019_utt_0037,wa yaan suume ka woksik tumen le t bisaj to'ono noventa metros pero ma jk'ucho'on ka xu'ul le suumo jaan ma kóojo'oni,spk_019,01_Anatolio_Pech_37
spk_019_utt_0038,chéen ka wilik chika'an beya chika'an ba'alo'ob bey tuuniche bey ma in wojele wa leti le u pool le máako'obo waáj jach tuunicho'ob xan jaaj,spk_019,01_Anatolio_Pech_38
spk_019_utt_0039,pero ma k'ucho'oni jaa bey ts'o'okiko,spk_019,01_Anatolio_Pech_39
spk_020_utt_0001,juan t'u'ul leéken a tsikbalto jaaj  je'elo le chan konejoo le xnuk kojo ka jo'op u taal u taal te bejo,spk_020,02_Liboria_May_1
spk_020_utt_0002,ka enkontrarta'ab tumen le chan t'u'ulo leti le chan t'u'ulo xíimbalil u taal ku ya'ala'al bin ti'e  tu'un ka bin  tene chéen tin máan  ki bin  kux túun teech  tene te chak'an kin bina  ki bin  nika'aj in,spk_020,02_Liboria_May_2
spk_020_utt_0003,wil in mejen paalal in p'atmaji ku chan a'alik bin óotsil xnuk koj  je'elo ko'ox  pues si ma tu yutstal in taal  ki bin  wa ka a ki kuchene je k bine  ki bin  je'elo ma'alob  ki bin,spk_020,02_Liboria_May_3
spk_020_utt_0004,je'elo na'aken tin pu'uch síit'naj le chan ba'alo tu pu'uch le xnuk kojo ka jo'op u bin u bin tu bino'ob u k'uchulo'ob te chak'an túun bino,spk_020,02_Liboria_May_4
spk_020_utt_0005,ku ya'alik bine  je wáaj a ki bisik teen jump'éel karga aake  ki bin  uti'al in meentik in chan taanaj uti'al in mejen paalal  ku chan a'alik bin le chan konejoo  le aako xíiwul xíiw wáaj sakate ba'ax  jaaj je'elo ka jo'op ku ya'alik bine  ma táan  ki bin  ,spk_020,02_Liboria_May_5
spk_020_utt_0006,bueno ki bis teen  ki bin  bueno bix túun kéen k meentej  pues yaan in k'axik ta pu'uch  ku ya'ala'al bin ka bin k'a'ax yéetel aak aak jóol wáaj ba'ax ken u kaxt beyo ku k'axaj ka síit'naje,spk_020,02_Liboria_May_6
spk_020_utt_0007,jaan ka síit'naje tu pu'uch le xnuk kojo ka jo'op u bino'ob ku ya'alik bine  wa ka a ki cha'e jin ts'u'uts'e  ki bin  táaj taak in ts'u'uts  ki bin  mare ma táan  ki bin  bik a tóoken  ki bin  ma  ki bin,spk_020,02_Liboria_May_7
spk_020_utt_0008,je'elo ka konseguirta'abe ka jo'op u bino'ob je'elo ka bin,spk_020,02_Liboria_May_8
spk_020_utt_0009,ku ya'alik bine ka bin ki bine ka bin tu ki t'ab le aak tu'ux ki yaano leti'e ka ki púuts'e bin tu meentaj,spk_020,02_Liboria_May_9
spk_020_utt_0010,le bin le óotsil xnuk koje eyaj je túun bin ku chilaankil lu'um beya ka u yil u kotsik le ba'ax ku yelel tu pu'ucho,spk_020,02_Liboria_May_10
spk_020_utt_0011,ka tu síijaj dios bin u yela'aj le aak bey ka lúubo ej ka jo'op u bin je'elo ka túun júup tu paach u kaxtej,spk_020,02_Liboria_May_11
spk_020_utt_0012,je'elo tu kaxtaj je'elo ka bin ka túun tu yil le jun jene le ts'arbayo,spk_020,02_Liboria_May_12
spk_020_utt_0013,ka ki ok leti'i ka jo'op u ya'alik beyo  je'abáaj ts'arbay nup'abáaj ts'arbay je'abáaj ts'arbay ti ki ch'uya'ani ku ya'alik bin le óotsil xnuk kojo  je'el in puuts'o  ki bin  leti lela  ki bin,spk_020,02_Liboria_May_13
spk_020_utt_0014,taal bine ku ya'alik bine  ba'an ka kaxtik te'elo  ku ya'ala'al bin  mixba'al  ki bin  dios tene desde ku ts'a'abal yóok'ol kaab weye kaj ki ts'a'aben te'ela tene tia'aneni  aah ma jaaji  ki bin,spk_020,02_Liboria_May_14
spk_020_utt_0015,teech le ta tóokene  ki bin je'elo ka bin ka bin a'ala'ab ti beyo je'elo  oken ka kan le k'aay kin meentika  ki bin ka jo'op u k'aay xan,spk_020,02_Liboria_May_15
spk_020_utt_0016,je'elo ts'a kanik pa'at in jáan bin janal oora kin suute  ki bin aay dios óotsil xnuk koje kaj ki p'áatij,spk_020,02_Liboria_May_16
spk_020_utt_0017,tia'ani tia'ani ma wáaj bin ka tu'ub ti bine ku ya'alik bine  nup'abáaj ts'arbay nup'abáaj ts'arbay ku yu'ub bine ts'o'okij tu je'ep'el ku ya'alik bine  bix túun ken in ki meentik dios mío  ki bin,spk_020,02_Liboria_May_17
spk_020_utt_0018,ku chéen kulukbal bey te ich le ba'axo je'elo k'a'aj túun ti bin beyo ka jo'op u ya'alik  je'abáaj ts'arbay je'abáaj ts'arbay je'abáaj ts'arbay ka bin tu yilaje ts'o'okij chan jóok u yáalkab bine dios bin tu meentaj,spk_020,02_Liboria_May_18
spk_020_utt_0019,je'elo ku k'uchul túun bin le chan konejo bino ka jok ti jump'éel sajkab ok te sajkab bino chéen u xakla'am u chan ooke chéen láat'maj bin u nak le sajkab beya ku ya'alik bine,spk_020,02_Liboria_May_19
spk_020_utt_0020,jay leti le in puuts'o  ki bin ok bin te sajkabo  yaan in jaantik bejla'e  ki bin ok te sajkab bino ka bin  hola juanito  ku ya'ala'al bin  teech le ta tusene  ku ya'alik,spk_020,02_Liboria_May_20
spk_020_utt_0021,ay dios  ki bin  tene desde ku ts'a'abal yóok'ol kaab ka jts'a'aben te sajkaba  ki bin  ta wilik bix yaanilen jump'éel u yook u mejen ooko'ob bin beya u chéen láat'maj bin,spk_020,02_Liboria_May_21
spk_020_utt_0022,ja'alibe  ku ya'alik bine  ts'in séet ka'anal  ki bin  wa ka a ki wóote  ki bin  ja ki áantikene  ki bin taal bin le óotsil xnuk kojo ka tu chéen láat'aj bin xan le sajkabo,spk_020,02_Liboria_May_22
spk_020_utt_0023,u chen xachla'amaj bin u yook ku ya'alik bine  pa'at in jáan bin janal oora kin suute kin suute ka bin  aa ma'alob,spk_020,02_Liboria_May_23
spk_020_utt_0024,je'elo p'áat bin te sajkabo ka bin binij je'elo tia'an bini u láat'maj bin túun bin le xnuk koj le sajkab beya,spk_020,02_Liboria_May_24
spk_020_utt_0025,ku chan péeksik u k'abe ku yu'ubike ku júutule ku ka láat'ik náak bin ti'e ku ya'alik bine  pues lela chéen tu tusen  ki bin ma,spk_020,02_Liboria_May_25
spk_020_utt_0026,ka bin tu lu'us u k'abe ku yilik bix kun jéen le ba'axo bey leti'e una piesa yaanil jaaj je'elo ka jóok u yáalkab bin xane binij ka jo'op u bin le bej ku bisiko tu bin k'uchul túun bine ka bin tu,spk_020,02_Liboria_May_26
spk_020_utt_0027,yilaje le túun le xta'aka'anilo ka bin ki oke  ba'ax xta'aka'anil  míin de le ba'alo míin bey aak'e,spk_020,02_Liboria_May_27
spk_020_utt_0028,chéen kin wu'uyik ku ya'ala'al beyo tumen bin ku sáats'al le ken u t'íincha'at bin le lu'umo ku bin le ba'alo ts'o'okole ku ka suut ku ka bin a'ala'ab bin ti'e  teech,spk_020,02_Liboria_May_28
spk_020_utt_0029,ma teen tene dios buka'aj tiempo ts'a'abaken te'ela ma tin páajt in p'atik ba'axe ko'oten,spk_020,02_Liboria_May_29
spk_020_utt_0030,kulen a wil ba'ax ken in meentej pero ken u ya'al le beyo t'íin ku bin bin le chan ba'alo ku ka'antal ts'o'okole ku ka suut ku ka'antal ku ka suut,spk_020,02_Liboria_May_30
spk_020_utt_0031,je'elo ti ch'uya'an bini ka tu ka konseguirt le xnuk kojo ka p'áatak u kanant le chan ba'ax tu'ux yaano,spk_020,02_Liboria_May_31
spk_020_utt_0032,le ka bin jóok chan t'u'ul túun bine ay dios bin tu meentaj k'uchul túun bin ti jump'éel jaltun bin beya,spk_020,02_Liboria_May_32
spk_020_utt_0033,ti jump'éel nojoch jaltun ka bin na'ak u yáalkab u chan konejoil bin te bey tu k'ab le che'o ti bin chéen noka'ani óotsil xnuk koje ka bin taale ku ya'alik bine  dios mío u'ujen  ki bin,spk_020,02_Liboria_May_33
spk_020_utt_0034,ka bin tu xóon yuk le ja'o ku yilik bine tia'an u foto le chan t'u'ul te ich le ja'o pero ma tumen wa te ich le ja yaano bey leti'o ka'anal yaan ajan le u foto beya,spk_020,02_Liboria_May_34
spk_020_utt_0035,chika'an ich le ja'o aja ku ya'alik bine  yaan in láaj uk'ik le ja'a ka in jaantej bejla'e mina'an salvakión ti  ki bin júup u yuk bin le ja'o ku yu'ubike ts'u na'ajtale ku ka túubik,spk_020,02_Liboria_May_35
spk_020_utt_0036,ma chéen le bin ku ki meentik óotsile ka bin ki wáak u chan nak'e ka jkíim óotsil xnuk koj,spk_020,02_Liboria_May_36
spk_020_utt_0037,le bin le t'u'ulo ti noka'ani ba'ax kun kíinsik leti'e ka'anal yaan  tu k'ab che aja,spk_020,02_Liboria_May_37
spk_020_utt_0038,óotsil bine bey túun bin ki xu'ulik ti óotsilo jaaj beyo,spk_020,02_Liboria_May_38
spk_021_utt_0001,le wa a k'áat ka in tsikbalt teech maaya leti'e le ba'ax úuch ti le k nuukilo'obo lela le ka júuch ti le k nuukilo'obo úuche jach táaj yaan ja'asajáóol,spk_021,03_Eligio_Uicab_Jatswooj_1
spk_021_utt_0002,ja'asajáóol je'elo ku jook'olo'ob k'áaxo yaan u k'aaba jump'éel u k'aaba'e báalam koj báalam koj,spk_021,03_Eligio_Uicab_Jatswooj_2
spk_021_utt_0003,ku báalantikuba'ob tu paach le che xano utia'al a k'áatale ku jáats'k'atikeche uti'al a k'áatale ku jáats'k'a'btikech uti'al u bis u bak'el ti u mejenil u mejenil,spk_021,03_Eligio_Uicab_Jatswooj_3
spk_021_utt_0004,je'elo le túun le óotsil máako'obo leti'obe komo mina'an rifle ti'obe chéen yéetel yúuntun yúuntun yéetel lansa,spk_021,03_Eligio_Uicab_Jatswooj_4
spk_021_utt_0005,yúuntun le yúuntune le ku pi'ik'tiko'obe ku tsa'ayal ti'e ku kíinsiko'ob pero le túun le ba'alche'o ku ta'akikubáaj,spk_021,03_Eligio_Uicab_Jatswooj_5
spk_021_utt_0006,ka k'áatal tu tséele ma ta wilik ma ta wilik pero le je'elo jach táaj chéen bey traikioneroe p'áat ku k'aatik u ku náaysik u yóol máak ku náaysik u yóol máake le uti'al túun a máane komo yaan u mejenilo'obe ken u,spk_021,03_Eligio_Uicab_Jatswooj_6
spk_021_utt_0007,jáampaytech beya le a bak'elo ku ch'a'ik le ken u lúubsecho ku kíinsikech,spk_021,03_Eligio_Uicab_Jatswooj_7
spk_021_utt_0008,le túun le ken un kíinsech beyo leti'e u na'atike leti'e a táamanil yéetel a puksi'ik'alo ku ch'a'ike ku bisik ku bisik bey le u janalo'ob leti'obo,spk_021,03_Eligio_Uicab_Jatswooj_8
spk_021_utt_0009,ka túun tu ya'alaj le nukuch máako'obo lela ma chéen ku meento'obi  ki  yaan uláak  ki  yaan uláak leti túune ku máan bey ku kulampaachil beya ku bin beyo ma ta na'atike tu'ux binij,spk_021,03_Eligio_Uicab_Jatswooj_9
spk_021_utt_0010,leti túun lelo u k'aaba le jats'wo'oj jats'wo'ojo'obo a wojel wáaj ba'axten jats'wo'ojo'obo yaan u jáats'k'a'btikech beya yaan u jáats'k'a'btikech uti'al u p'uchikech,spk_021,03_Eligio_Uicab_Jatswooj_10
spk_021_utt_0011,je'elo túun le jats'wo'ojo beyo leti'obe ku yaantalo'obe puro tu paach che,spk_021,03_Eligio_Uicab_Jatswooj_11
spk_021_utt_0012,komo le úucho nukuch k'áaxo'ob ti ku baláantikuba'obi je'elo le túun ka tu ya'alajo'ob le máako'oba  ko'ox much'kabáaj  ki,spk_021,03_Eligio_Uicab_Jatswooj_12
spk_021_utt_0013,ko'ox much'kabáaj ka páatak il le ba'ax ken k meent ti le ba'alche'o tumen ya'ab éet láak'alo'obe ts'u kíinsa'alo'ob ka túun tu ya'alaje leti le uláak juntúulo ki  p'atej  ki  p'atej  ki,spk_021,03_Eligio_Uicab_Jatswooj_13
spk_021_utt_0014,ma téen jáan beet mixba'al pa'atik ilike tu'ux yaan u sajkabo'ob u sajkabo'ob le túun le sajkabo tu'ux u yokolo'ob wenel yéetel u mejenilo'ob,spk_021,03_Eligio_Uicab_Jatswooj_14
spk_021_utt_0015,wa ken u kaxto'ob le u bak'el máake ti ku bisa'ali ti ku bisa'ali ken okokech te tu sajkabo'obo yaan u baakel máaki,spk_021,03_Eligio_Uicab_Jatswooj_15
spk_021_utt_0016,yaan u baak u baakel te'elo u baakelo'ob te'ela u baakelo'ob beya láaj tia'ani,spk_021,03_Eligio_Uicab_Jatswooj_16
spk_021_utt_0017,pues chéen le ku meentiko'ob túune ka tu yojelto'obe de ke le ba'alo'obo tu ya'abtal le jats'wojo'obo tu ya'abtal le jats'wojo'obo,spk_021,03_Eligio_Uicab_Jatswooj_17
spk_021_utt_0018,tu ya'abtalo'ob ka tu ya'alajo'obe  wa k p'atik le ba'ala je k ch'éejele ku ya'alik  ken ch'éejeko'on beyo bíinij  ki  bíin ken ya'abtal  ki,spk_021,03_Eligio_Uicab_Jatswooj_18
spk_021_utt_0019,je'el túun ku bin u ch'a'ob u paach le jats'wo'ojo ku yokol p'úujbile,spk_021,03_Eligio_Uicab_Jatswooj_19
spk_021_utt_0020,le ken u yu'ub tu p'úujul beyo ku yu'ubik bey tu taal le áawato leti'e ku ch'enxikintike  ba'axten ba'axten ku yáawata'al,spk_021,03_Eligio_Uicab_Jatswooj_20
spk_021_utt_0021,es ke leti'e ba'axten ku yáawata'ale uti'al u jo'osa'al tu'ux yaan uláak máako'ob leti'e le ku ch'úuko'obo ch'úuk ch'úuk tu ch'úuktiko'obe ba'ax kun taal,spk_021,03_Eligio_Uicab_Jatswooj_21
spk_021_utt_0022,lelo ku takikubáaj ku báalantikubáaj le ba'alche'o pero leti'e ma chéen ku jáan pulubáaje ma yaan u cha'ik a náats'al tu'ux yaan yaan u,spk_021,03_Eligio_Uicab_Jatswooj_22
spk_021_utt_0023,cha'ik a náats'al tu'ux yaan le ken taak u don ma'alob ken u jáats'k'abtech beya leten a'ala'abe jats'wo'oj,spk_021,03_Eligio_Uicab_Jatswooj_23
spk_021_utt_0024,jats'wo'oj je'elo le túune beyo yaan túune leti'e jump'éel máak jach joven beyo jach paalil tu ka'aje ka tu ya'alaje  p'at tin k'ab  ki  p'at tin k'ab teen kin in na'atinbáaj yéetel  ki,spk_021,03_Eligio_Uicab_Jatswooj_24
spk_021_utt_0025,ba'ax teech kan a na'atabáaj si le ba'axo ma le ka tuklike leti'e yaanal ba'ax ku tuklik leti'e tu tuklike u kíinsikech,spk_021,03_Eligio_Uicab_Jatswooj_25
spk_021_utt_0026,leti'e le ken u kíinseche u yojel ba'axten u yojel ba'axten je'elo le ka tu ya'alaj le máak beya  p'ate'ex teen teen kin in na'atinbáaj yéetel,spk_021,03_Eligio_Uicab_Jatswooj_26
spk_021_utt_0027,pero leti le k'iino'obo tu bin u ya'abtal tu bin u avansare pero mientras leti'obe tu bin u ch'e'ejelo'ob ikil u kíinsa'alo'ob,spk_021,03_Eligio_Uicab_Jatswooj_27
spk_021_utt_0028,pues jump'éel u k'iinal túune ka tu ya'alajo'obe  le ba'ala  ki  wa k p'atik lela,spk_021,03_Eligio_Uicab_Jatswooj_28
spk_021_utt_0029,tia'an ken ts'o'oke ich ik najil ts'o'ok u yokol le jats'wo'ojo'obo  ki  le ken okok ich naje bíin tuláakale wa paalal yaan u láaj ch'ejik,spk_021,03_Eligio_Uicab_Jatswooj_29
spk_021_utt_0030,ka tu ya'alajo'obe  bejla'e ma  ki  bejla'e ma táan  ki  bejla'e ko'ox wa'akúuntik juntúul máake uti'al,spk_021,03_Eligio_Uicab_Jatswooj_30
spk_021_utt_0031,wa tu taale ka u yawato'on  ki  wa tu taale ka u yawato'one de ke ts'u taal leti le jats'wo'ojo le ba'axo yaan u na'at xan,spk_021,03_Eligio_Uicab_Jatswooj_31
spk_021_utt_0032,yaan u na'ate tumen leti'e bey a wóole leti'e jach náayal u yóol pero leti'e ma tu náayal u yóol leti'e maantats'e beyo,spk_021,03_Eligio_Uicab_Jatswooj_32
spk_021_utt_0033,tu ch'enxiki'intik tu ch'enxiki'intik u yu'ub ba'ax péeko'ob wa awate u yojelo'ob ba'axij,spk_021,03_Eligio_Uicab_Jatswooj_33
spk_021_utt_0034,pues jump'éel túun u k'iinale ka tu ya'alaje leti le máako'obo  pues lela k ojel ba'ax ken k beetej  ki,spk_021,03_Eligio_Uicab_Jatswooj_34
spk_021_utt_0035,ko'ox ts'aik u léechil u léechil le léech kun u beeto'obo ku ts'aiko'ob u yich le suumo ku ts'aiko'ob te tu beelo,spk_021,03_Eligio_Uicab_Jatswooj_35
spk_021_utt_0036,ka tu ts'ajo'ob te tu beel le tu taalo ti ku júupuli ti ku júupuli je'ex u léechta'al juuje,spk_021,03_Eligio_Uicab_Jatswooj_36
spk_021_utt_0037,beyo je'elo ka taal túun leti le ba'al beyo letie ma u yojel wa ts'aba'an u léechil ma u yojeli u taal beyo tu su'usu'utik u yich tu jawik u yich,spk_021,03_Eligio_Uicab_Jatswooj_37
spk_021_utt_0038,ku jajay ch'e'enejtik tu yáanal k'áaxe pues chéen ikil u jajay ch'e'enejtike ma tu yilaje ka léech ti le suum ti beya ja pero je túun ku p'uchikubáaj,spk_021,03_Eligio_Uicab_Jatswooj_38
spk_021_utt_0039,lela ka jila'ab túun bey tu p'uchikubáaj ka ok tatajats'bil le ka tataj jats'ta'abo leti'e tu p'uchikubáaj,spk_021,03_Eligio_Uicab_Jatswooj_39
spk_021_utt_0040,pero ba'ax túune le máako'obo en ves bakáan u k'axiko'ob ma'alo'ob le suum ikil u p'uchikubaj ka jwáach le suumo bin yéetel le u suumilo,spk_021,03_Eligio_Uicab_Jatswooj_40
spk_021_utt_0041,binij binij ka tu ya'alaje  le ba'al je'ela  ki  ti te'ex bini ma ta k'axe'ex u suumilo le je'exe léechpajik ka'acho ti naj u p'áatali pero le tu'ux,spk_021,03_Eligio_Uicab_Jatswooj_41
spk_021_utt_0042,le tu'ux k'axa'an beya leti'e le jwáach je'ela le yaan te'ela jaaj léechpaja'an pero le jela'an le jwáach'e yéet binak u suumil,spk_021,03_Eligio_Uicab_Jatswooj_42
spk_021_utt_0043,pues bey ts'o'oko leti le jats'wo'ojo binij ts'a'ab sajkil ti'e bejla'e ma tu jach e'esikubáaj,spk_021,03_Eligio_Uicab_Jatswooj_43
spk_021_utt_0044,a wojel ba'axten ma tu ye'esikubáaj tumen leti'e tu tsikbaltaj ba'ax úuchij tu tsikbaltaj ba'ax úuch ti le jáats'wo'ojo,spk_021,03_Eligio_Uicab_Jatswooj_44
spk_021_utt_0045,bik xi'ik úuchul te'ex xan beyo anak a na'ate'ex tene mina'an in na'ate ka tin lech in kaal ti le léecho  ki ti léech leti le ku beeta'al u yich le suumo uti'al u léechta'al máak,spk_021,03_Eligio_Uicab_Jatswooj_45
spk_021_utt_0046,pues leti túun le je'elo le ba'al je'elo jach sajbe'entsil sajbe'entsile tumen leti'e ma a wojel tu'ux yaani ma a wojel tumen leti'e u ta'akmubáaj tu paach che'e leti'e le ken taakeche,spk_021,03_Eligio_Uicab_Jatswooj_46
spk_021_utt_0047,ta juun ka bin a k'ubabáaj u yiknale tumen ma ta wilik pues le ka jmáanen sáame le ba'al je'elo leyli'e u ch'éenxiki'intik ba'ax kun úuchule,spk_021,03_Eligio_Uicab_Jatswooj_47
spk_022_utt_0001,bix túun u k'aaba le tsikbala nojoch máak juan t'ot'lin u káajal u tsikbalta'ale beya,spk_022,04_Alfonso_Tamay_1
spk_022_utt_0002,yaan túun bin úuche jump'éel xi'ipal jach ya'ab u máan chéen tu ts'u k'áax ku máan jump'éel u k'iinile táan u bin tu bin tu bin ka sa'ate chéen ichil u ts'u le k'áaxo'obo,spk_022,04_Alfonso_Tamay_2
spk_022_utt_0003,ka jo'op u p'áatal leti'e aaj ku p'áatal leti beyo sajak sajakkúunta'an ku sajakkúunta'al ka t'a'anij ku ya'ala'al ti'e  ba'an ucha'an teech chan paal  aan ma ba'an ucha'an teni tene saatalen,spk_022,04_Alfonso_Tamay_3
spk_022_utt_0004,tu'ux a taal  ti in taal ti jump'éel chan naajil pero ma in wojel tu'ux p'aatali  a k'áat kin jo'osech tu yóok bej  in k'áat ka jo'osen te yóok bej,spk_022,04_Alfonso_Tamay_4
spk_022_utt_0005,ma'alob muts a wich chéen ba'ale yaan a ejéentike ba'ax ken in wa'al teech  ba'ax túun ken a wa'al teen ba'ax ken a wa'al tene,spk_022,04_Alfonso_Tamay_5
spk_022_utt_0006,kin meentik  ma mixba'al ken a meentej chéen ba'ax in k'áate ka a jach u'uy ba'ax ken in wa'al teech tuláakal le ba'ax ken in ts'a techa uti'al a máanbal mixbik'in bíin sa'atakech,spk_022,04_Alfonso_Tamay_6
spk_022_utt_0007,in ka'aj in ts'a teech jump'éel chan kuuch y le ken a kaxante ti ken a ts'a ba'al uti'al a jaantej,spk_022,04_Alfonso_Tamay_7
spk_022_utt_0008,pues ma'alob jin akeptartike ka ma'ache ka ts'a'ab jump'éel chan ba'as tu paach ts'a'ab le chan ba'as tu paacho ka jo'op u bin,spk_022,04_Alfonso_Tamay_8
spk_022_utt_0009,chéen tu bine ka tu yilaje u yook jach ma'alob bo'obo'os láaj suunaj kúulpachil ti ku ya'alike  ba'anten úuch teen le ba'al beya ma ba'axten úuch teni aaj in wojel uti'al min kaxanta'al,spk_022,04_Alfonso_Tamay_9
spk_022_utt_0010,ka jo'op u máan beyo suunaj u yooko'ob paachil p'áat u xka túun tuunkuyo táanil ti ku yu'ubike wi'ij táan túun u bine ka tu yilaj jump'éel chan kéej,spk_022,04_Alfonso_Tamay_10
spk_022_utt_0011,ka tu ya'alaje  chan ba'alche yaan in jaantikech tene wi'ijen uk'ajen a k'i'ik'el le ken in wuk'ej a bak'el le ken in jaante kin na'ajtal,spk_022,04_Alfonso_Tamay_11
spk_022_utt_0012,ka jo'op u máan ka tu mach le chan kéejo tu chuke ka tu wak u paach yaan u muuk nuxib ka'anal baakel p'áatik leti chan xi'ipal sa'ato,spk_022,04_Alfonso_Tamay_12
spk_022_utt_0013,tu mache tu ki'insaje tu ts'aj tu chan baul le baulo leti le ku ya'ala'al ba'as ti ba'as ti jump'éel maleta bix uláak ku ya'ala'al ti beyo ajan ich español lelo ka páatak a na'atik ts'o'okole ka wutskíintike'ex ma'alob le chan tsikbala,spk_022,04_Alfonso_Tamay_13
spk_022_utt_0014,bien táan u bin tu bin tu bin ka tu yóotaj kutal mare ku yilike ma tu páajtal u kutal totojkil u yook y chowakchaj u k'abo'ob,spk_022,04_Alfonso_Tamay_14
spk_022_utt_0015,ku ya'alike  ba'an úuch teen ba'an ba'ax úuch teen ma'alob le ba'ax tin akeptarte ts'ab teen pero tene kuxa'anen siempre kin wu'uyik,spk_022,04_Alfonso_Tamay_15
spk_022_utt_0016,ka jo'op u bin tu bin ku ka'anale ku tak'tal ti che ma tu yutstal u wúuts'ul u paach ma tu yutstal u wúuts'ul u yooko'ob ka kulak,spk_022,04_Alfonso_Tamay_16
spk_022_utt_0017,ku yáak'alal ku tak'tal ti che bey u p'áatal yéetel u xanabo ku yu'ubik wi'ijile ku jo'osik u chan janal tu chan ba'as tu jaantik tu yuk'ik,spk_022,04_Alfonso_Tamay_17
spk_022_utt_0018,k'i'ik le bey ts'a'ab ti leti'o ku sáastale tu bin tu bin tu bin pero chéen ti lelo ka ila'abij tumen uláak máako'ob ku ya'ala'al le máako'oba  máax túun le chan ba'ax je'ela,spk_022,04_Alfonso_Tamay_18
spk_022_utt_0019,aan lela in k'ajóol in k'ajóol leti le chan xi'ipal saatale pero komo chowaktak u yooko'obe le káan xi'ike tu bin ma ta chukik,spk_022,04_Alfonso_Tamay_19
spk_022_utt_0020,ku ts'aik tu ts'aj jump'éel pirinsuut ti buka'aj lugare ku sa'atal teche ta máan a kaxantej a wil tu'ux bin u xíimbal pero ka wilik u tuunkuye táanil bey ku bina teche ka suut paachil,spk_022,04_Alfonso_Tamay_20
spk_022_utt_0021,tumen ta wilik u bin leti'e ma je'ex k máan to'ono pues to'one k bine yéetel k ooko'ob táan pero leti'e wa ku t'u'uta'al u paache paache mixbik'in kaxanta'abij tumen kúulpaach p'áatik u yook,spk_022,04_Alfonso_Tamay_21
spk_022_utt_0022,p'áatij sa'atij sa'atij sa'atij ka túun k'uchpaj ti jump'éel u jáa'bisáalke,spk_022,04_Alfonso_Tamay_22
spk_022_utt_0023,ka jo'op u tuklik  bix kin suut tene in k'áat in wil in yuum in na in láak'o'ob,spk_022,04_Alfonso_Tamay_23
spk_022_utt_0024,bíin kin suut leti'e tu bine leti'e chéen tu ts'u k'áax tu ts'u k'áax tu ts'u k'áax bine ba'alo'ob ku chukik u jaantej chéen ka u'uya'abe chuup túun u ba'as,spk_022,04_Alfonso_Tamay_24
spk_022_utt_0025,ka u'uya'abe tu máan leti'e tu máan taan taan taan taan taan taan taan bey tu yúuchul paaxe,spk_022,04_Alfonso_Tamay_25
spk_022_utt_0026,leti ku taal yéetel le u ba'as u kuchmo le ku taal u k'olon ku ya'ala'al  máan ku taal ba'an ku taalo  u ba'alche'il k'áax u ba'alche'il k'áax tuláakal máak ku ta'akikubáaj ti tumen ts'u yojéelta'ale de ke leti'e u k'aasil ba'al beyo,spk_022,04_Alfonso_Tamay_26
spk_022_utt_0027,ka jo'op u máan óotsil jwaan tu máan óotsil jwaan ti lelo ka k'uch ti jump'éel kaaj,spk_022,04_Alfonso_Tamay_27
spk_022_utt_0028,tu k'uchul te kaajo ku yila'al jwaan ku yáalkab le máako'ob ti'o mixmáak ku p'áatal ti naj tuláakal ku púuts'ulo'ob ku yáalkabo'ob,spk_022,04_Alfonso_Tamay_28
spk_022_utt_0029,bix túun kin p'áatal teen yéetel máax kin p'áatal ka tu tuklaj jwaane  ts'o'ok in kuxtalil yaan in suut tu'ux luk'en mixmáak u k'áaten,spk_022,04_Alfonso_Tamay_29
spk_022_utt_0030,láaj sajak le máako'ob ti'o jwaan t'ot'lin ka suunajij suunaj k'áax,spk_022,04_Alfonso_Tamay_30
spk_022_utt_0031,ti sa'at u kuxtali bey ts'o'okik u chan kuentoile jwaan t'ot'lin,spk_022,04_Alfonso_Tamay_31
spk_022_utt_0032,juum kux túun le tsikbal le síimsimitoo jela'an  le síimsimitoo u jela'anil leti'e u wáayil ti síisis tunich es el duende,spk_022,04_Alfonso_Tamay_32
spk_022_utt_0033,del hielo,spk_022,04_Alfonso_Tamay_33
spk_022_utt_0034,jáan ki tsikbalt to'on  ma ma maas in wojel lelo ma maas in wojeli ba'ax kin wojel xane leti le wáay wakaxo ka in tsikbalt te'ex le wáay wakaxa,spk_022,04_Alfonso_Tamay_34
spk_022_utt_0035,lela u tsikbalta'al u tsikbalil don benito tsul chable núunk'ini'il le máaka,spk_022,04_Alfonso_Tamay_35
spk_022_utt_0036,yaan túun ej jump'éel wáay wakax ku jóok'ol pues kan u ya'ala'al chúumuk áak'abile ku jóok'ol bej le máako'ob ku taalo'ob tu bino'ob meyajo ku yáakab'sik,spk_022,04_Alfonso_Tamay_36
spk_022_utt_0037,ku yáakab'sik chéen uts tu t'aane u meentik ya'abach ba'alo'ob ti uláak máak ka tsikbalta'ab ti don benito,spk_022,04_Alfonso_Tamay_37
spk_022_utt_0038,don benito che'eje ka tu ya'alaj  wa jaaj jach yaan le ba'ax ku ya'ala'alo tene bejla ken in bin in chuke,spk_022,04_Alfonso_Tamay_38
spk_022_utt_0039,ka tu kaxantaj aak'o'ob ka tu jit'láantaj ts'u jit'ik tuláakale ka tu ki meentaj jump'éel u suumil,spk_022,04_Alfonso_Tamay_39
spk_022_utt_0040,ka na'ak yóok'ol u balak'che tu ts'aj u tsíimin ka jo'op u bin u jíita'al,spk_022,04_Alfonso_Tamay_40
spk_022_utt_0041,tu k'uchaj ti jump'éel u toojil beje ka tu yilaje yaan jun nuxib wakaxi pero tu chan pa'as,spk_022,04_Alfonso_Tamay_41
spk_022_utt_0042,tu chan pa'as  jay chan wakax teech wáaj ku ya'ala'al ka wáaka'sik máaka,spk_022,04_Alfonso_Tamay_42
spk_022_utt_0043,ka jo'op u bin le chan tsíimino óoli sajak le chan tsíimino ka tu yil u taal le wakaxo ku tséelch'intubáaj je túun ku bino'obo tu bin tu bin chéen jaajil u yáalkab le wakaxo tsaayal tu paacha,spk_022,04_Alfonso_Tamay_43
spk_022_utt_0044,don benito tu mache ka tu léej le wakaxo ts'u léejik le wakaxo ka tu ya'alaj  bejle le suuma ma ten a tep'ej tumen xta'aka'anil bey u k'aaba le aak'o xta'aka'anil  teech wey ka p'áatale,spk_022,04_Alfonso_Tamay_44
spk_022_utt_0045,ka tu láank'axt u suumil le xta'aka'an te karreterao tu bin u jiri'ixtik le wakaxe ts'o'okij tu taalbil u sáastal,spk_022,04_Alfonso_Tamay_45
spk_022_utt_0046,ichil u taal u sáastale ka jo'op u yok'ol le wakaxo ka jo'op u yok'ol le wakaxo  máaxechi,spk_022,04_Alfonso_Tamay_46
spk_022_utt_0047,jach nojoch don benito in k'ajóolech  ku ya'al ku t'aan le wakaxo  máaxech túun techi  tene xhildaen  teech xhilda bíin ta suutilabáaj beyo,spk_022,04_Alfonso_Tamay_47
spk_022_utt_0048,chéen uts tin t'aan in jóok'ol báaxal yéetel le máako'obo  uti'al kin jach il wa jaaj teche sutabáaj máakil  ma'alob,spk_022,04_Alfonso_Tamay_48
spk_022_utt_0049,ka wa'ach le suumo ka ma'achij wirin suunajij nueve u bolantin tu ch'ikaj al revesil ka tu wa'akuntubáaj jump'éel xch'úupal chaknuul ti u mas ja'atsilo xnúuk'ni'ilo leti'o bin,spk_022,04_Alfonso_Tamay_49
spk_022_utt_0050,ba'an a k'áat kin meentej xch'úupal ya'ab ba'ax ka meentik ya'ab paalalo'ob ts'a kachik u k'abo'ob tu lúubsa'al tumen u tsíimino'ob,spk_022,04_Alfonso_Tamay_50
spk_022_utt_0051,don benito je'el ba'alak úuch a k'áat a meente meent teen pero ma a'alik ma takik in jo'ol ti le máako'obo ju kíinsiken le máako'obo  ma ta kíinsbil,spk_022,04_Alfonso_Tamay_51
spk_022_utt_0052,ko'ox bisa'ab te kaajo ka ch'úuyk'axta'ab chúumuk k'íiwik chaknuul ka a'ala'abe  je le wáay wakaxo lej jump'éel xch'úupal de kinke años,spk_022,04_Alfonso_Tamay_52
spk_022_utt_0053,bix a wilik  aaj pues yaan k tóokik tóokbil tóokbil tóokbil je túun ku taasa'al si'obo che'ob ka tu ts'a'abal tu yiknal don benitoe chéen tu yilik ba'ax ku yúuchul,spk_022,04_Alfonso_Tamay_53
spk_022_utt_0054,ts'o'ok u ts'a'apal le si'o tu t'a'abale ka náats'e ka tu ya'alaje  ba'anten ken a tóoke'ex le máaka,spk_022,04_Alfonso_Tamay_54
spk_022_utt_0055,te'ela mixmáak ku tóoka'al u kastigoe ma kastigoi u si'ipile yaan u li'isa'al ti,spk_022,04_Alfonso_Tamay_55
spk_022_utt_0056,xch'úupal a si'ipile leti le máako'ob ken u ts'a'ob techa juntartaba'ex je le aak in meentma,spk_022,04_Alfonso_Tamay_56
spk_022_utt_0057,ka'aka'apuul jaats ken a ts'aex ti hilda ti buka'aj máake je'ex u máane ka'aka'apuul u ts'a'abal ti tu orden don benito si ya'ab ba'ax u meentmaj ti le máako'obo,spk_022,04_Alfonso_Tamay_57
spk_022_utt_0058,ts'o'ok u sen ja'ats'ale ka ma'ache ka a'alab ti'e  láaj si'ipil ts'u li'isa'al teech pero ma suut a meentej ka suut a meente uláak ba'al ken u ts'áabil teech,spk_022,04_Alfonso_Tamay_58
spk_022_utt_0059,sóolch'intubáaj tu k'áataj jump'éel si'ipil ti le máako'obo,spk_022,04_Alfonso_Tamay_59
spk_022_utt_0060,ka tu ya'alaje  tene ts'o'ok a ts'aike'ex teen ba'ax in k'áatij pero ma chéen in wóolili in meenti in k'áat báaxal ta wéetele'ex ka p'áat túun beyo,spk_022,04_Alfonso_Tamay_60
spk_022_utt_0061,xhilda le ku méentik u wáay wakaxil bey túun u ts'o'okol le chan tsikbala u chakil u u chakilil p'áate beyo wa a k'áat kin jáan k'ay teche jump'éel chan,spk_022,04_Alfonso_Tamay_61
spk_022_utt_0062,úuchben k'aay tin kanaj ujum chan chan k'éek'en je ku chan taal a wu'uya ku ya'alik túun bey le chan kankiona,spk_022,04_Alfonso_Tamay_62
spk_022_utt_0063,chan k'éek'en yaan teech ta wotoch juntúul chan k'éek'en ku jaantik ixi'im bey ku yuk'ik ja tumen chan polok,spk_022,04_Alfonso_Tamay_63
spk_022_utt_0064,wa uk'aj chan xíimbal ku jo'op'ol yok'ol kin chalk'al ku suut kaxtik teen báaxal,spk_022,04_Alfonso_Tamay_64
spk_022_utt_0065,bey jump'éel chan paal sen ki'imak u yóol ku máan u yáalkab,spk_022,04_Alfonso_Tamay_65
spk_022_utt_0066,yéetel u p'iite u pool chan k'éek'en,spk_022,04_Alfonso_Tamay_66
spk_023_utt_0001,bejla'e diekiséis ti julio,spk_023,05_Felipe_May_1
spk_023_utt_0002,tu ja'abil dos mil treke tia'ano'o'n tu chan kaajil kilometro trainta y seis le je'ela u méek'tankaajile eskarkega tu nojlu'umil kaampech,spk_023,05_Felipe_May_2
spk_023_utt_0003,yaan k jáan tsikbal yéetel juntúul nojoch máak yo'olal jejeláas ba'alo'ob u yojel yaan u chan beetik to'on jump'éel chan tsikbal xan le súutukil je'ela bix túun a k'aaba nojoch máak felipe may k'oyok  jayp'éel años yaan teech  jayp'éel año yaan teen setenta y tres años,spk_023,05_Felipe_May_3
spk_023_utt_0004,sí  tu'ux siijilech  aaj tene síijene k'óoben registrarta'abene hambolon pegado le chan kaajo'obo ti registrarta'abeni,spk_023,05_Felipe_May_4
spk_023_utt_0005,luego ka éensa'abene hekelchakan tumen in maama tumen kíim in papa tene ma tin k'ajóoltaj in papai,spk_023,05_Felipe_May_5
spk_023_utt_0006,ocho meses yaan teen bin ka jkíim in papa ya ke ka ka éensa'aben hekelchakan ti nojochchajeni chéen yiknal in abuelo pues,spk_023,05_Felipe_May_6
spk_023_utt_0007,ti'i  jayp'éel año taalakech wey kilometro  weye jayp'éel año chiko  kuarenta  kuarenta ma ts'u máan  kuarenta ma kuarentai  kuarenta si tene fundadoren te ejidoa,spk_023,05_Felipe_May_7
spk_023_utt_0008,fundadoren le ka tu meentaj u gobiernoil ortis avila jayp'éel año beoraa jaan ortis avilae leti tu prometerm u meentik le ch'e'en yaan je'elo,spk_023,05_Felipe_May_8
spk_023_utt_0009,le ka jtaalo'on weya treinta y seis ku ya'ala'ale to paachilo jump'éel viejo treinta y seis,spk_023,05_Felipe_May_9
spk_023_utt_0010,chéen ts'u montaña ma náach weye pero komo mina'an ja'e tiempo yáax k'iin táan k máan kaxant ja mina'an ti áak'al k kaxtik jump'íit ja mina'an ja,spk_023,05_Felipe_May_10
spk_023_utt_0011,korte kamiono'ob k ch'a'ik ja entonkes ka jtaal ortis ávila lela gobierno le ka tu ya'alaje wa tumen ka jóok'ole'ex,spk_023,05_Felipe_May_11
spk_023_utt_0012,ka meentike'ex a ejido'ex te jáal karretera ku meenchaj le ch'e'ena wa ma'e te'ela ma tu yutstal u meenta'al ch'e'en te'ela,spk_023,05_Felipe_May_12
spk_023_utt_0013,ka anjij u jóok'ol le yaano'ob tolo ka jóok'o'ob weye pero le weya montaña montaña yaan nukuch ya beya nukuch ya'ob maata ya,spk_023,05_Felipe_May_13
spk_023_utt_0014,puro yéetel báat t lúubsaj puro yéetel báat pukte tuláakal t,spk_023,05_Felipe_May_14
spk_023_utt_0015,limpiartaj le kentroo uti'al u meenta'al le eskuela yaano teen púutmajil u ladrilloil yéetel in animáas in kuñadoil,spk_023,05_Felipe_May_15
spk_023_utt_0016,mina'an eskuela todavía tu ya'ala'al je u meenta'ale ka jtaasa'ab le ladrillo uti'al le eskuelao ma utschaj u yokol le kamión tak te kaabala,spk_023,05_Felipe_May_16
spk_023_utt_0017,to karretera ti éensa'abi le karretera ku bin bejla le karreteraa tene in wilmaj u meenta'al ka'ach tin taal eskarkegae yáax in taal eskarkegae chéen but'bil chéen sajkab,spk_023,05_Felipe_May_17
spk_023_utt_0018,le karretera ti kamión k taal ti uti'al tu'ux ku jo'osa'al che  bey káajik weya  beyo,spk_023,05_Felipe_May_18
spk_023_utt_0019,ti k taali  kux túun le chan tsikbal ka wa'alik teen sáamake nojoch máak le yo'olal le jwáay kooto ya'ab le tsikbalo  aaa le wáay kooto lelo ku tsikbaltik teen animáas in abueloile,spk_023,05_Felipe_May_19
spk_023_utt_0020,beya yaan oorae táan k je'elel tumen in abueloe kampesino xan ku bisiken k'áax tene desde chichanene ok'oltbil in meentik ka bisa'aken k'áax míin in suerte uti'al in meyaj k'áax,spk_023,05_Felipe_May_20
spk_023_utt_0021,beya táan k je'elel beya ti jump'éel chan naj beya chéen ts'u k'áax náach tu banda kaaj hekelchakano tu baanda bolonch'e'en kasi k jóok'ol,spk_023,05_Felipe_May_21
spk_023_utt_0022,k meent k kool náach te kaaj k náachtal yaske ku jo'opol u tsikbaltik teen beyo,spk_023,05_Felipe_May_22
spk_023_utt_0023,kin wa'alik ti'e abuelo ba'ax túun le ku ya'ala'alo wáay koot  lelo wáay koot lelo wáay,spk_023,05_Felipe_May_23
spk_023_utt_0024,ku volar ku xik'nal ku bin chúumuk k'a'anab bine ti ku je'eleli,spk_023,05_Felipe_May_24
spk_023_utt_0025,ku ya'alik ku ya'ala'al le kan líik'ike bueno le uti'al u chumpal u líik'ilo kan u ya'al ku bine le te yaan oora mix múunyal yaane ka wu'uyike táan tóosja u tóosja'il bin le tu'ux ku bin le wáay kooto,spk_023,05_Felipe_May_25
spk_023_utt_0026,ku yaantal u tóosja'il ts'o'okole mina'an múunyal ku bin lelo ku bin pues bey u tsikbaltik teeno ku taasik bin merkankía,spk_023,05_Felipe_May_26
spk_023_utt_0027,ku taasik bin merkankía uti'al óotsil uti'al u t'ox ti óotsilo'obo,spk_023,05_Felipe_May_27
spk_023_utt_0028,kién sabe tu'ux ku ch'a'ik ku yáantik óotsil yaan jump'éel ts'uul te'elo ku ya'aliko'obe mina'an mix juntéen ku yila'al,spk_023,05_Felipe_May_28
spk_023_utt_0029,bey u sen éens merkankiao pero u tiendae pero mira ma'alob anil  aa juntúul máak  ujum sí leti le ayuda ku ts'aiko,spk_023,05_Felipe_May_29
spk_023_utt_0030,ma ojéela'an tu'uxi  ma ojéela'ane tu'ux ku ch'a'ik náach ku ch'a'ik wale klaro  mun beetik k'aas túun ti máak  ma leti ma tu meentik k'aas,spk_023,05_Felipe_May_30
spk_023_utt_0031,entonkes yaan juntúul anjile ku ya'alike lelo semana'ob ku ya'alik,spk_023,05_Felipe_May_31
spk_023_utt_0032,kin wa'alik ti'e  ba'axten ku ya'ala'al ti semana  tumen ku bisa'alo'ob meyaj  tu'un ku bisa'alo'ob meyaj  ti jump'éel fuerte pero ma in wojele wa estado kaampech ma in wojel tu'uxi,spk_023,05_Felipe_May_32
spk_023_utt_0033,kada semana yaan u bisa'al kuatro personas  bix u ya'alik teen le káan núup'uk le semanao ku ya'alik le ts'uulo  mina'an le chambeadoro'ob le meyajo'ob bino'obo mina'an bino'ob bin,spk_023,05_Felipe_May_33
spk_023_utt_0034,pero bix kun bino'ob tu'un kun bino'ob si óotsilo'ob mina'an uti'al u bino'ob mas náach tu'ux kun ts'o'okolo'ob,spk_023,05_Felipe_May_34
spk_023_utt_0035,si no ke ku bisik lelo lete túun le ku ya'ala'al u wáay póopil  aan lelo wáay póop  wáay póop wáay bix u ya'ala'al ti láayli ch'íich'e,spk_023,05_Felipe_May_35
spk_023_utt_0036,entonkes ku bisik túun bin u kon le semana'obo  bix u k'aaba le wáayo  wáay wáay póop,spk_023,05_Felipe_May_36
spk_023_utt_0037,ku konik bin le genteo lete ku meenta'al u jabonilo úuch ku ya'ala'alo,spk_023,05_Felipe_May_37
spk_023_utt_0038,ya ke ka tokarnaj ti jump'éel kampesino beyo ka a'ala'ab ti yaan a bine'ex le semanao kada semanae k'abéet persona ti kuatro,spk_023,05_Felipe_May_38
spk_023_utt_0039,uti'al limpiar bin u huerto ich pak'alo'ob  tu'ux túun ku bisa'alo'ob beyo tumen le máako  náach sabe dios tu'ux ku bisa'alo'ob le máak túuno,spk_023,05_Felipe_May_39
spk_023_utt_0040,ka tokarnaj ti bey u bino yéetel u kompadre ka tu ya'alaje  kompadre ts'o'ok u tokar to'on le semana yaan k bin bin  pero kompadre ku ya'ala'ale ku bisa'al le semana'ob ma suuto'ob ma k ojele tu'ux ku ts'o'okolo'ob ku,spk_023,05_Felipe_May_40
spk_023_utt_0041,kíinsa'alob wáaj ma k ojeli  pues ni modo kompadre ordene orden komo jump'éel esklavo anilo'ob,spk_023,05_Felipe_May_41
spk_023_utt_0042,le tiempo je'elo le tiempo je'elo esklavo baj esklavitud porke máanja'an esklavitud ku ya'alik animáas in abueloe,spk_023,05_Felipe_May_42
spk_023_utt_0043,mina'an ba'ax kan je'elel je'ex in je'elel bejla'a jump'íit oora nomás chéen a jaanale ta ka bin meyaj,spk_023,05_Felipe_May_43
spk_023_utt_0044,mandarbil a meenta'al tumen ts'uulo'ob tumen le nukuch ts'uulo'obo  le semana'ob túuno u ts'uulilo'ob túuxtiko'ob  leti ku bisa'alo'ob,spk_023,05_Felipe_May_44
spk_023_utt_0045,ka jbisa'ab le kompadreo kompadre'ob beyo ka ok le nocheo ka jk'usa'abo'ob te'elo tséenta'abo'ob bin sí ku tséenta'alo'ob,spk_023,05_Felipe_May_45
spk_023_utt_0046,ka a'ala'ab ti'obe  sáamal las kinkoe listo te kan meyaje'ex te'ela jan  aan oko'ob tu'ux ku ts'a'abalo'ob te najo,spk_023,05_Felipe_May_46
spk_023_utt_0047,ts'o'okij tu yáa'bital tu yáa'bitale ku ya'alik bin le ts'uulo yéetel le xunáan tu'ux ku meyajo'obo  pues taal le gentea,spk_023,05_Felipe_May_47
spk_023_utt_0048,pa'at u t'úubul u wenelo'ob kan t'úubuk u weenelo'obe táanile k bisiko'obe,spk_023,05_Felipe_May_48
spk_023_utt_0049,le kompadreo ku yu'ubik bine ku ya'alik bine  tu'un ken k bisbil pues lela jaaj le ku ko'onol le k semana'oba tu'ux ts'o'ok tu'ux ku ts'o'okol,spk_023,05_Felipe_May_49
spk_023_utt_0050,pues ts'o'okij le máako ku ya'alik bin ti u kompadreo  ma wenel ma wenele'ex,spk_023,05_Felipe_May_50
spk_023_utt_0051,ma a wenel pero komo taak u wenelo'ob wale wáaj tu pu'ulul wenel ti'ob beyo úuch ku ya'ala'ale ku pu'ulul teech wenele ka wenel t'úubul a wenel yaskee,spk_023,05_Felipe_May_51
spk_023_utt_0052,ka jweeno'ob bin le ka'atúulo le juntúul le kompadreo leti'e terko ma tu wenel ma tu wenel ma túun aa ka jtaal le ts'uulo tu je le joonajo,spk_023,05_Felipe_May_52
spk_023_utt_0053,ka tu yilaje tu wenelo'ob  aj tu wenelo'ob ts'u t'úubul u wenelo'ob ts'o'okij ts'u áa'bil xan la una áa'bil teen,spk_023,05_Felipe_May_53
spk_023_utt_0054,pues jo'osej jo'oso'ob bin le xunáan je ku jo'osik le ka'atúul máako jach tokarnaj xane leti le kompadre'ob jbisa'abo'obo,spk_023,05_Felipe_May_54
spk_023_utt_0055,jo'osa'abe jáala pues u suutikubáaj ch'íich'il wáay póop suutubáaj ma'alob ka jkapkúunta'ab le máako'obo tu xiik,spk_023,05_Felipe_May_55
spk_023_utt_0056,jáan kóocha'taj lu'ume piiiix bin tu meentaj binij le máake le kompadre desde ka jna'ak le ch'íich ka'analo ka tu p'ilaj u yich u yile tu'ux ku bin,spk_023,05_Felipe_May_56
spk_023_utt_0057,tu bin tu bin jáala tu bin le ch'íich'o tu bin jach jaaj chúumuk k'a'anab beya míin jump'éel maata che'i ti ku je'elo'obi,spk_023,05_Felipe_May_57
spk_023_utt_0058,je'elij ti jáan je'eli ts'u ka'anal volar despuese,spk_023,05_Felipe_May_58
spk_023_utt_0059,náach ku ya'alik le máako ku ya'alik bino náach tu'ux bisa'abo'obo láayli yóok'ol ja ku bin le ch'íich'o xuul tu krusart le ja'o,spk_023,05_Felipe_May_59
spk_023_utt_0060,bueno ka jkúul te tu'ux yaan u k'uchulo ka jt'aanajij,spk_023,05_Felipe_May_60
spk_023_utt_0061,tu pa'ata'al ka a'ala'ab ti'e  jaytúul ta taasaji  ka'atúul  aah bueno máanso'ob,spk_023,05_Felipe_May_61
spk_023_utt_0062,máansa'abo'ob te kuartoa tu xo'okoles le taak'ino puro plata  tu oorail  ku ya'alik le máak bino entonkes le ka tu yu'ubaj le máako,spk_023,05_Felipe_May_62
spk_023_utt_0063,silenkio  pues tin bin  le juntúule le biso'obo  ma'alob jáala,spk_023,05_Felipe_May_63
spk_023_utt_0064,bin tu ka'atéen pues ka tu ya'alaj bin le máak le kompadre xano ku ya'alik bine  pij ni modos ku yilik bine uláak'o'ob le semanao bisa'ano'obo mina'an u k'abo'ob mina'an u yooko'ob,spk_023,05_Felipe_May_64
spk_023_utt_0065,láaj xota'ano'ob jaaj ku tséenta'alo'ob pero ts'o'ok u láaj xo'otol u yooko'ob jan ka jbino'ob leti le kompadreo ku ya'alik bine  kompadre bix túun kéen k meentik,spk_023,05_Felipe_May_65
spk_023_utt_0066,yaan wáaj túun k p'áatal weye  bix túun kompadre tu'un kin bin si lela ts'oka'an lela wey kin kíimil bey kin ts'o'okol je'ex u ts'o'okol lelo'oba  pues ma táan a ts'o'okol beyo kompadre,spk_023,05_Felipe_May_66
spk_023_utt_0067,ko'ox beora táan k bin  pero kompadre bix kin bin bix kin bin  jan kompadre beora táan k bina,spk_023,05_Felipe_May_67
spk_023_utt_0068,si léeyli xan tene léeyli je in páajtal xane ka bin tu kóocha't le techo le máako je'paj le techoo  ko'ox kompadre jo'os waba'axe jo'os teen juntúul le móocho,spk_023,05_Felipe_May_68
spk_023_utt_0069,jan pues ko'ox jo'oso'on yóok'ol le techo yaano'ono kuchaj xan jáalale xik'nalnaj xan le máako leti'e léeyli xan yaan poder ti'e,spk_023,05_Felipe_May_69
spk_023_utt_0070,yaan poder ti chéen leti'e ma'atech u ye'esik  ma'atech u ye'esik  klaro jáala ka jtaalo'ob bin jan jan ti le tu'ux je'el le ts'uul bine ti je'elo'ob xani,spk_023,05_Felipe_May_70
spk_023_utt_0071,jump'íit oora je'eleko'obe jan ka jkúulo'ob te tu joonaj ti le ts'uule le ts'uule ts'o'ok u k'uchul táant u k'uchul xane,spk_023,05_Felipe_May_71
spk_023_utt_0072,ku ya'ala'al bin ti'e  sáam in wu'uy a k'uchul  ku ya'ala'al bakáan ti ts'uulo  sáam in wu'uy a k'uchul  bix a wa'alik  sáam tin wu'uy a kúulul te joonaja pero despuese tin pa'atik a t'aane ma  aaj míin chéen in pixan,spk_023,05_Felipe_May_72
spk_023_utt_0073,je'elo leti le uláak bakáan jk'ucho ganarta'abij maas chich binik  táanil k'uch uláak'o  ajan,spk_023,05_Felipe_May_73
spk_023_utt_0074,entonkes ka joko'ob te tu'uxano'obo ka jsáasil las kinko de la mañanae tu ch'a'aj u nu'ukul u meyajo'ob jáala ka jo'op u meyajo'ob u meyajo'ob,spk_023,05_Felipe_May_74
spk_023_utt_0075,míistiko'ob tak te joonaj ku tsa'ayal le basuraso'obo ka aaj le ts'uulo ku ya'alike  bueno tu'ux ku sen meyaj le máako'oba pues jaytúul ku meyaji,spk_023,05_Felipe_May_75
spk_023_utt_0076,ka tu ya'alaj bine  ba'ax ku yúuchul máax ku meyaj  pues to'on ts'uul jáak u yóol ka tu yilaje  si lela leti le tin biso'oba,spk_023,05_Felipe_May_76
spk_023_utt_0077,ba'ax ku yúuchul pues tu'ux ba'an  ba'ax ku yúuchul taalo'on meyaj ka ok bin te tu naajilo ka tu k'alajubae ka tu ya'alaj ti xunáano ku ya'alik bine  le máako'ob tin biso'obe suunajo'obij,spk_023,05_Felipe_May_77
spk_023_utt_0078,bix u suuto'ob  suunajo'obij  pero bix tu'ux ta ts'ajo'ob  pues si tene tin biso'ob tolo suunajo'obij lela yaan u ya'aliko'ob yaan u ya'aliko'ob ba'ax úuchij,spk_023,05_Felipe_May_78
spk_023_utt_0079,ajan ka tu k'alajuba'ob mina'an modo tene mina'an pues wey ku xu'ulule,spk_023,05_Felipe_May_79
spk_023_utt_0080,ka tu kíinsuba'ob ya ke le máako'ob le semana'obe ka tu ts'ajo'ob bin parte de ke le semana'ob ku sa'atalo'obo kíinsbil u meenta'alo'ob,spk_023,05_Felipe_May_80
spk_023_utt_0081,aj bey xu'ulik semana ku ya'alik animáas in abueloilo,spk_023,05_Felipe_May_81
spk_024_utt_0001,yaan jump'éel máak bine u k'aaba bine k'ankabil ook,spk_024,06_Gricelda_Pech_1
spk_024_utt_0002,lela maaya ken in wa'alik teech tumen to'one maaya k t'anik kasi españole ma k ojeli pues tu tiempoe paalalo'one lela úuch in kanej ma táant in kanike le máak bino jump'éel máake jach óotsil,spk_024,06_Gricelda_Pech_2
spk_024_utt_0003,óotsil bin mina'an u chan taanaj ma'alob chéen jump'éel chan naj bin de chan xa'an kajakbal tu chan taanaj beya chéen de chan kolóoxche,spk_024,06_Gricelda_Pech_3
spk_024_utt_0004,yaan u yatan yaan juntúul u chan hijo bin yaan bin juntúul u chan k'éek'en u chan alak peek u chan alak miis,spk_024,06_Gricelda_Pech_4
spk_024_utt_0005,je'elo ku ya'alik bin ti u yatano ko'olel jach táaj óotsilo'on bix kéen kuxtal bix kéen in tséentik in chan hijo todavía chichan,spk_024,06_Gricelda_Pech_5
spk_024_utt_0006,nika'ajen in chuk le kayo ka k konej je'elo ka túun bin bini ka bin k'uch te jáal le ja bino,spk_024,06_Gricelda_Pech_6
spk_024_utt_0007,ku ya'alik bine  dios  ki bin  ts'a teen uti'al in chukik le kayo uti'al in kuxtal yéetel in watan yéetel in chan hijo,spk_024,06_Gricelda_Pech_7
spk_024_utt_0008,je'elo ka bin kulaji bin bey tu bo'oy le che'a chéen bin ka bin tu yil u jóok'ol bin jump'éel xch'úupaal bin chúumuk le ja'o,spk_024,06_Gricelda_Pech_8
spk_024_utt_0009,pero jach táaj jats'uts bin le xch'úupaalo ka bin t'a'anij ka bin a'ala'ab ti'e  k'ankabil ook ba'axten tristeech ba'ax ka tuklik ka bin tu ya'alaje  pues tene tin tuklik mina'an ba'al in jaantej,spk_024,06_Gricelda_Pech_9
spk_024_utt_0010,taalen in chuk le kayo pero mina'an ku ya'ala'al bin ti'e  ma a tuklik  ku ya'ala'al bin ti'e  wa ka a prometert ti teen ka wa'alik teen de ke je'el a ts'aik tene le ba'ax yaan ich a taanajo,spk_024,06_Gricelda_Pech_10
spk_024_utt_0011,kin ts'aik teech kay uti'al a chuk sáansamal uti'al a konej yaan a ayik'altal yaan a meentik a taanaj ma'alob ka tu ya'alaj bin beya  aay xunáan  ki bin,spk_024,06_Gricelda_Pech_11
spk_024_utt_0012,pero ba'ax túun le ka k'áatik teno yaan teen jump'éel chan k'éek'én yaan teen jump'éel chan miis  ma leti  yaan teen jump'éel chan peek  ma leti xane,spk_024,06_Gricelda_Pech_12
spk_024_utt_0013,yaan teen jump'éel chan nene  leti je'elo  ki bin le ch'úupalo  wa ka taas teen le chan nene'o ka ayik'altal uti'al tuláakal a kuxtal,spk_024,06_Gricelda_Pech_13
spk_024_utt_0014,ka bin k'uch tu taanaje ka bin tu ya'alaj ti u yatan ka bin tu ya'alaj le ko'olelo  pues ba'an mas,spk_024,06_Gricelda_Pech_14
spk_024_utt_0015,yo'olal in wóotsilile yaan in perdertik in nene bisej ka yaanak ba'al k jaantej ka tu macho'ob bin le chan xi'ipalo ka tu biso'ob ti,spk_024,06_Gricelda_Pech_15
spk_024_utt_0016,le túun bin le xch'úupalo u sirena bin le ja'o u nojochil yuumil le ja'o,spk_024,06_Gricelda_Pech_16
spk_024_utt_0017,ka bin tu k'ubjot ti je'elo le túun le chan xi'ipaalo ka jma'ach bine ka bin bisa'ab tu taamil le ja'o,spk_024,06_Gricelda_Pech_17
spk_024_utt_0018,chen ka tu yilaj bin u papae tu yaantal u taak'in tu yaantal u alkansart u taanaj tuláakal ayik'alchajij,spk_024,06_Gricelda_Pech_18
spk_024_utt_0019,je'elo diekiocho años bin yaan ti le chan xi'ipalo ka bin tu ya'alaj ti le ch'úupal bino  xen a k'ajóolt a paapa yéetel a maama,spk_024,06_Gricelda_Pech_19
spk_024_utt_0020,ko'ox ka in bisech ka tu jo'osaj bin jáal le ja'o ka bin bini  le ken a wil le naj jats'uts de asul bona'anile u taanaj a paapa yéetel a maama,spk_024,06_Gricelda_Pech_20
spk_024_utt_0021,ka bin bini  pero ba'ax kin wa'alik teche bik xi'ikech a jaant mixba'ali bik xi'ikech xan a ch'a mixba'al teche chéen bey ka bino bey xan ka suut  ma'alob  ki bin,spk_024,06_Gricelda_Pech_21
spk_024_utt_0022,ka jbinij ka bin k'uche ka tu yilaj le najo ka tsiiknaje ka okij ka bin tu ya'alaje  máaxech túun beya ts'uul  ki bin u maama,spk_024,06_Gricelda_Pech_22
spk_024_utt_0023,ka bin tu ya'alaje  pues tene túuxta'aben in wa'al te'ex in maamaech bin in papáech bin,spk_024,06_Gricelda_Pech_23
spk_024_utt_0024,taalen in xíimbate'ex ka bin líik le nojoch máako ka bin tu yóot u méek'ej ka bin tu ya'alaje  ma ma a machikene'ex tumen tene a'ala'ab tene ma a machikene'ex,spk_024,06_Gricelda_Pech_24
spk_024_utt_0025,ka bin tu ya'ala'aj bin le ko'olelo  ba'axten  tumen bey tu ya'alaj teen in xunáanil  ajan  ki bin ka bin chilaj bin le xi'ipalo ka bin jáan weenij ku ya'alik bin le u maama bino  óotsil in hijoa,spk_024,06_Gricelda_Pech_25
spk_024_utt_0026,ken xi'ike ée'joch'e'en tu'ux yaan ma bin u k'ajóol le xch'úupaal máax tséentiko chéen ku yu'ubik u vos tumen ich ée'joch'e'enil bin kaja'ano'ob je'elo ka bin tu mach le posporo yéetel le kibo ka bin tu jupaj tu bolsa beya,spk_024,06_Gricelda_Pech_26
spk_024_utt_0027,je'elo le xi'ipalo ka tu ya'alaj tu bin ku ya'alik  maama táan in bin  ma'alob hijo xeen ka bin ka binij ka bin ok tu'ux jo'osa'abo ka bin ka taal ch'a'abil ka bisa'abij,spk_024,06_Gricelda_Pech_27
spk_024_utt_0028,je'elo ka bin k'uche ka bin jo'op u tuklik ku ya'alik bine  ma wáaj kin ch'a ka'ach le ba'ax ku ts'aik teen in maama le ku t'a'abal beya uti'al in wilik bix aniken weye uti'al in wilik le xch'úupal kin k'ajóolta,spk_024,06_Gricelda_Pech_28
spk_024_utt_0029,ka bin tu beetaj beya ka tu yu'ubaje tia'an le ba'ax tu bolsae ka tu jo'osaj ka bin tu t'ab le kibo,spk_024,06_Gricelda_Pech_29
spk_024_utt_0030,ka bin tu t'abe ka bin bin u tíich'k'a'at le xch'úupal ku wenelo pero tu wenel jach táaj jats'uts bin,spk_024,06_Gricelda_Pech_30
spk_024_utt_0031,ka bin tu tíich'k'a'ate tu cha'antik bin beya ma kaj bin yíib le kiibo ka bin ch'áaj tu yiim le xch'úupalo ka bin tu meent u k'ab bin beya leti'e le chan óotsil xi'ipal bino jáal ja bin pikch'inta'abij,spk_024,06_Gricelda_Pech_31
spk_024_utt_0032,tumen tu desobedekert le xch'úupalo ka bin jóok'e ma bin u yojel meyaji mixba'al ti ku yutstal u kuxtal mixba'al u yojel ma u k'ájóol le lugaro ka bin jo'op u yok'ol,spk_024,06_Gricelda_Pech_32
spk_024_utt_0033,chéen bin tu yok'ol bin ka bin bin ti jump'éel kaaj ka bin k'uch ti le kaajo ka bin jo'op u k'áatik meyaj,spk_024,06_Gricelda_Pech_33
spk_024_utt_0034,ka bin tu ya'alaj bine le reyo  yaan teen meyaj jóoyab lool jóoyab rosa ko'oten a jóoyabtej ka bin okij,spk_024,06_Gricelda_Pech_34
spk_024_utt_0035,kulukbal bin tu jóoyabtik bin le loolo'obo sen triste u yich tu tuukul ka bin a'ala'ab ti tumen le ch'úupaalo  ba'axten ka tuukul ma wáaj jats'uts a wilikeni  ki bin,spk_024,06_Gricelda_Pech_35
spk_024_utt_0036,ka bin tu ya'alaje ma ma iguali ma tu ketik lool tu'ux luk'eno jach táaj jats'utso le rosa tu'ux lúuk'eno mina'an uláak beyo  ki bin,spk_024,06_Gricelda_Pech_36
spk_024_utt_0037,ma wáaj túun bey je'exena  ki bin le xch'úupalo  ma ma beyecho  ki bin ti je'elo uláak óoxtúul bin le ch'úupalo tu yóoxtúulal bin taal u ye'esubáaj pero ma uts tu yichi ka túun bin tu ya'alaj le reyo  bey ma tu ch'a'ike'exo nuka'ajo'on kíinsej,spk_024,06_Gricelda_Pech_37
spk_024_utt_0038,ko'one'ex kíinsik ba'an ku kaxtik waye tu desprekiart in paalal tene reyen te'exe prinkesa'ex tu desprekiartike'ex,spk_024,06_Gricelda_Pech_38
spk_024_utt_0039,pues ko'one'ex kíinsik le ka bin tu ts'ajo'ob bin u diaile uti'al u kíinsiko'ob u oorail las doke uti'al u kíinsiko'obe tu yok'ol óotsil xi'ipal nuka'aj kíinsbil,spk_024,06_Gricelda_Pech_39
spk_024_utt_0040,je'elo ka bin jo'op u yok'ol  ta'aytak u yooratal míin tak jump'éel oora u bin in kíinsa'al ka bin tu yilaj jump'éel chan paloma beya ka ok te ventana bino,spk_024,06_Gricelda_Pech_40
spk_024_utt_0041,ka bin tu tíitubáaj bin le chan palomao leti le xch'úupalo le bin wa'alaj bin ka bin tu ya'alaje  presentarten ti le reyo ki bin,spk_024,06_Gricelda_Pech_41
spk_024_utt_0042,ka bin presentarta'ab bine le prinkesao ka tu salvart le xi'ipalo ma kíinsa'abe ka ts'o'oksa'ab u beelo'ob ka ts'a'ab u palakio rey ti'ob,spk_024,06_Gricelda_Pech_42
spk_024_utt_0043,bey bin kuxlajo'obo bey ti náake ti ts'o'ok le kuento,spk_024,06_Gricelda_Pech_43
spk_021_utt_0048,le tomojchi'o tak le chéen u yawat le kaaxo'ob yéetel áak'abo,spk_021,07_Eligio_Uicab_Tomojchi_1
spk_021_utt_0049,yéetel tu jo'op'ol u totojk'e'o totojk'e leti'obe le nukuch máak kéen u ya'alo'obe lela yaan k'oja'anil ku taal ku ya'aliko'ob,spk_021,07_Eligio_Uicab_Tomojchi_2
spk_021_utt_0050,tu taal k'oja'anil chéen ikil u tukliko'ob k'oja'anile jaaj ku taal le k'oja'anil xano ku taal le k'oja'anilo tumen leti'ob a'alik en kambio ke tak le tsíimino'obo,spk_021,07_Eligio_Uicab_Tomojchi_3
spk_021_utt_0051,yaan oora ta wu'uyik tu wowoch'síit'o'ob k'axa'anilo'ob yaan ba'ax bin ku yiliko'ob ku ya'aliko'ob tu tomojchi le tsíimina ki,spk_021,07_Eligio_Uicab_Tomojchi_4
spk_021_utt_0052,peek'o'ob ku sen ok'olchi'ibalo'ob ku ya'aliko'obe lela teen ku tomojchi'itikeno'ob míin ka'ajen kíimil ku ya'aliko'ob,spk_021,07_Eligio_Uicab_Tomojchi_5
spk_021_utt_0053,le kin kíimila ku ya'alike le kéen a wu'uy jauu jauu jauu jauu jauuu ki le peek'o es ke ku ya'alik u yuumil bin kun kíimil pero óotsil peek'o ma tu na'ata'ale wa ma wi'ij,spk_021,07_Eligio_Uicab_Tomojchi_6
spk_021_utt_0054,bey wi'ijilo ku yok'ol óotsili pero wa ka a síij ba'al u jaante ma tu yok'ol ma tu yok'ol ma tu yok'ol beyo,spk_021,07_Eligio_Uicab_Tomojchi_7
spk_021_utt_0055,le ok'ol ku beetiko táan u ya'alike de ke yaan ba'ax ku taal u k'iin ku ya'aliko'ob ti lo'obaj pero le k nuukilo'ob ma tu na'atiko'ob,spk_021,07_Eligio_Uicab_Tomojchi_8
spk_021_utt_0056,ma tu na'atiko'obe yáax ku ya'aliko'obe tomojchi pero le tomojchi'o mix jump'éel jaaji ma jaaji tumen chéen leti'ob,spk_021,07_Eligio_Uicab_Tomojchi_9
spk_021_utt_0057,le ba'ax u kanmaj ti u nuukilo'obe le ku ya'aliko'ob xan hay vekes lekéen jóok'okech te kalleo yaan jump'éel ku taale te'elo jump'éel wáay ch'íich,spk_021,07_Eligio_Uicab_Tomojchi_10
spk_021_utt_0058,wáay ch'íich'e tu taal u t'aan te yóok'ol bejo ku ya'alike lela yaan máax kun kíimil ki'ob tumen le ch'íich'o táan bin u tomojchi u ya'aliko'ob tu taal leti le tunkuruchuj u k'aaba,spk_021,07_Eligio_Uicab_Tomojchi_11
spk_021_utt_0059,tunkuruchuj tu taal uuj uuj uuj ku núukta'al ti'o uuuuj ki uláak to náacho ku núukta'al ti ku ya'alik túun le máako'oba le tunkuruchuja,spk_021,07_Eligio_Uicab_Tomojchi_12
spk_021_utt_0060,tu ya'alike de ke naka'ajo'on kíimil es ke tu mente'obe má tu luk'ul je'el ba'alake tomojchi je'el ba'axake kex ma k'aas ku ya'alike lela k'aas ki'ob pero chéen ka u ya'alo'ob ma k'aasi,spk_021,07_Eligio_Uicab_Tomojchi_13
spk_021_utt_0061,es ke diose u yaabilmajo'on ma tu ts'íiboltik mixba'al k'aas ti to'one ba'axe ku yáantiko'one láaj k'iin láaj k'iin láaj k'iin,spk_021,07_Eligio_Uicab_Tomojchi_14
spk_021_utt_0062,pero leti máako'obe komo paak'al ti'obe ma tu luk'ul tu tuukulo'obe le tomojchi'o mantats tu ya'aliko'ob tu ya'aliko'obe yaan oorae mina'an ku béeytali,spk_021,07_Eligio_Uicab_Tomojchi_15
spk_021_utt_0063,kux túun don eligio ba'ax u diferentes klasesil tomojchi  aaj bix u ya'alik  u jela'anil le tomojchi'obo u klasesil u klasesil tomojchi  aaj u klasesil sen ya'ab yaan oorae wa yaan a k'éek'en tolo kéen jóomp'u'ujuko'obe,spk_021,07_Eligio_Uicab_Tomojchi_16
spk_021_utt_0064,kéen jóomp'u'ujuk tu bino'ob ku ya'aliko'obe lelá ja'asaj óol ki'ob ja'asaj óol bix túun mu ja'asaj óol si le k'aasil ba'alo ya'abo'ob,spk_021,07_Eligio_Uicab_Tomojchi_17
spk_021_utt_0065,le demonioo ya'abo'ob u millonesil leti'e tu máane u kaxte máax ken u tentartej,spk_021,07_Eligio_Uicab_Tomojchi_18
spk_021_utt_0066,en kambio leti'obo ku yu'ubiko'ob le movimiento beyo si tak leti le día anikona le nukuch máako'obo,spk_021,07_Eligio_Uicab_Tomojchi_19
spk_021_utt_0067,tak kéen u yu'ubo'ob u péeksa'al luuch te jool pilao ku ya'alikobe le pixano'obo tu máano'ob kaxan ja bin,spk_021,07_Eligio_Uicab_Tomojchi_20
spk_021_utt_0068,tsaj u ya'alike tu péekso'ob ku yu'ubiko'obe táan bin p'o te yóok'ol bateyao táan bin p'o'i ku ya'aliko'obe leti le pixan ku preparartik u nook'o'obo,spk_021,07_Eligio_Uicab_Tomojchi_21
spk_021_utt_0069,pero ba'an leti'ob ma tu yiliko'ob lelo le k taata wáaj le k maama ma tu yiliko'ob pero tu ya'aliko'ob leti'obe chéen tu ya'aliko'obe ba'al ma jaaji,spk_021,07_Eligio_Uicab_Tomojchi_22
spk_021_utt_0070,ma jaaji tumen le almao wáaj le espiritú desde bin yiknal diose ma tu páajtal u yéemel weye ma tu páajtal u yéemel le yaan tolo,spk_021,07_Eligio_Uicab_Tomojchi_23
spk_021_utt_0071,ti jump'éel vida ma'alobe ma tu páajtal ka suunak sufrir ts'oka'an ku ya'alik ti eklesiasteke,spk_021,07_Eligio_Uicab_Tomojchi_24
spk_021_utt_0072,eklesiastes a'alike le libro je'elo de ke leti'obe le ku ya'ala'al ts'u bino'ob muknalo'ob pues leti'e mix u yojelo'obe wa tu p'at u naajilo'ob,spk_021,07_Eligio_Uicab_Tomojchi_25
spk_021_utt_0073,mix u yojelo'obe máax tu p'ato'ob le u taak'ino'obo ma u yojelo'obe máax ti jp'áatij ba'anten tumen ts'u kíimil pero ba'anten túune uti'al le bey tiempo yaan máax ts'u jo'opol u pa'atiko'ob,spk_021,07_Eligio_Uicab_Tomojchi_26
spk_021_utt_0074,tu pak'achta'al waaj wa tu cha'akal tamali'e tu ts'abal te mesao tu pa'ata'alo'ob bin pero si le yaan tolo ku ya'alik le santa bibliao ma tu páajtal u taalo'ob weye tumen ts'u luk'ulo'ob,spk_021,07_Eligio_Uicab_Tomojchi_27
spk_021_utt_0075,ts'u luk'ulo'ob pero ba'ale leti le gentea komo suuk ti'ob u tusikuba'obe bey u tusikuba'ob mantats'o chéen puro tuusil u suute mina'an mixba'al jaaj,spk_021,07_Eligio_Uicab_Tomojchi_28
spk_021_utt_0076,kux túun le úuchben maaya don eligio  úuchben maaya  ba'ax u tuukul a k'ajóol wáaj ba'ax u tuukulo'ob leti'ob,spk_021,07_Eligio_Uicab_Tomojchi_29
spk_021_utt_0077,pues le úuchben maaya'obo leti'obe tu tukultajo'obe nika'aj in wa'al teech bix tu tuklilo'ob leti de ke leti'obe máatik leti'obe le maayao a wojele'ex wáaj u kalendario'obe je'ela je'ela je'ela,spk_021,07_Eligio_Uicab_Tomojchi_30
spk_021_utt_0078,tu k'abo'ob u kalendario'obe leti'ob lela leti'ob lela leti le je'ela u kalendario'ob leti'ob ku ya'aliko'obe bix tu kaanjilo'ob pero si tu k'abo'ob ku kaambalo'ob ti ku kaambalo'obi,spk_021,07_Eligio_Uicab_Tomojchi_31
spk_021_utt_0079,le kéen u ya'alo'ob waba'axe leti'ob u yojelo'obe ba'ax añoil kéen úuchuk tumen tu yilik ti u kalendario'ob leti,spk_021,07_Eligio_Uicab_Tomojchi_32
spk_021_utt_0080,je'elo le úuchben maaya'obo según u ya'alik le kientifiko'ob beora yaan u ka'anal na'ato'obo de ke ti le dos mil dokea ya'ab ba'ax kun úuchul,spk_021,07_Eligio_Uicab_Tomojchi_33
spk_021_utt_0081,es ke leti'obe bey ila'abik tak ti le tuunicho'ob ts'íibta'ano'ob de grabarta'ano'obo tumen leti'obo tu p'at u almanake'ob pero ti tuunich,spk_021,07_Eligio_Uicab_Tomojchi_34
spk_021_utt_0082,le tuunicho ma tu k'astal ju'une ku k'astal leti le che'o ku la'abal pero ka grabarta'ab te tuunicho de ke dos mil dokee ya'ab ba'ax kun úuchul pero ma uti'al k ts'o'okoli,spk_021,07_Eligio_Uicab_Tomojchi_35
spk_021_utt_0083,ma uti'al k ts'o'okoli chéen uti'al u chumpajal leti le muk'yajo ma uti'al k ts'o'okoli es ke le yóok'ol kaaba ma kreertike'ex todavía ya'ab u bin u xu'ulul,spk_021,07_Eligio_Uicab_Tomojchi_36
spk_021_utt_0084,ya'ab u bin ya'ab ba'ax k'abéet yaan u yila'ale de ke ka páatak u taal u xuule ka páatak u taal chan biil,spk_021,07_Eligio_Uicab_Tomojchi_37
spk_021_utt_0085,páatak u taal chan biile u ch'a'e leti le máax tu yoksaj tu yóol leti u palabra u yuume u yuume leti le yuum biil,spk_021,07_Eligio_Uicab_Tomojchi_38
spk_021_utt_0086,yuum biil jaaj yuum biil in yuum ki leti'e chan biil,spk_021,07_Eligio_Uicab_Tomojchi_39
spk_021_utt_0087,kili'ich pixane leti'e ku ya'ala'al espíritu santo pero leti'e tu ya'alaje de ke ya'ab ba'ax kun úuchul yaan u yu'uba'al wi'ij,spk_021,07_Eligio_Uicab_Tomojchi_40
spk_021_utt_0088,yaan u yu'uba'al leti ku ya'ala'al le u tu'ile leti le pestilenkia ti u tu'il tu'ux ku yúuchul le guerra'obo tu'ux táan ba'ate'il ku kíinsikuba'obo,spk_021,07_Eligio_Uicab_Tomojchi_41
spk_021_utt_0089,yaan u yaantal wi'ij wi'ij je'elo beora ta wilike tu'ux ku búululo'ob beoraa mina'an ba'al jaantbil,spk_021,07_Eligio_Uicab_Tomojchi_42
spk_021_utt_0090,yaan u ko'ojtal tuláakal ba'ax le vidao u ko'ojtale a wojel wáaj ba'axten ku ko'ojtal tumen mina'an ti'obe weye bajux yaan u bo'otiko'ob yaan u bo'otiko'ob,spk_021,07_Eligio_Uicab_Tomojchi_43
spk_021_utt_0091,pero le maaya'obo leti'obe tu tuklajo'ob leti'obe de ke leti'obe tu tukulmajo'obe ma tun ch'éejelo'ob,spk_021,07_Eligio_Uicab_Tomojchi_44
spk_021_utt_0092,ma tu ch'éejelo'ob pero ch'éejo'ob leti'ob le jach leti'ob ahora to'one lelo xa'ak'pajo'on manito xa'ak'pajo'on le rasa xa'ak'pajij,spk_021,07_Eligio_Uicab_Tomojchi_45
spk_021_utt_0093,entonkes leti'obe tu tuklo'ob leti'obe ma tu kíimilo'ob pero jkíimo'ob,spk_021,07_Eligio_Uicab_Tomojchi_46
spk_021_utt_0094,jkíimo'obe es ke ka tu yu'ubo'ob u taal leti le ka'anal na'ato'ob le ku taalo'ob españa leti'obe tu diosinto'ob máako'ob saktako'ob mulix u jo'olo'ob jats'uts u parekero'ob,spk_021,07_Eligio_Uicab_Tomojchi_47
spk_021_utt_0095,leti'obe jela'an u yiliko'obe tumen leti'obe yaan u búuko'obe tak tu yook leti'obe chéen wi'it yaan ti'ob leti'obe le maaya'obo wi'it'o'ob,spk_021,07_Eligio_Uicab_Tomojchi_48
spk_021_utt_0096,wi'it'o'ob leti'ob chéen le jaaj u k'axmaj u ko'olele chéen u yiim u pixmaj yéetel beya le u yiimo'ob u pixmajo'ob,spk_021,07_Eligio_Uicab_Tomojchi_49
spk_021_utt_0097,leti'obe jach chéen le je'ela chéen le je'el u pixmajo'oba,spk_021,07_Eligio_Uicab_Tomojchi_50
spk_025_utt_0001,pues le tsikbal ken k meento' jump'éel tsikbal ucha'an bejla'e' nuka'aj k convertir bey jump'éel nojoch tsikbale' uti'al jump'éel ts'íib,spk_025,08_Teodoro_May_1
spk_025_utt_0002,entonces le tsikbal ken meento' walakjeak treinta y cinco añosiaka' yéetel in abuelo bino'on meyaj ti' jump'éel lugar,spk_025,08_Teodoro_May_2
spk_025_utt_0003,doce kilometros te' kajtalil u k'aaba Úuk'umo' entonces bino'on táan k máan ts'oon,spk_025,08_Teodoro_May_3
spk_025_utt_0004,ka ku ya'alik tene' eyaj xiib tin presentirtik jump'éel ba'ax ts'o'ok wáaj a wu'uyik le ruidoo' kin wa'alik ti'e' ts'o'ok in wu'uyik le ba'ala' ti' ku máan ma' náach te'ela' yaan jump'éel nojoch beekan ku taal te' yáan k'áaxo',spk_025,08_Teodoro_May_4
spk_025_utt_0005,pero le ba'ala' yaan u máan te' jáal le koolo' ko'ox ilej wa valienteeche' ko'ox ilej,spk_025,08_Teodoro_May_5
spk_025_utt_0006,kin wa'alik ti'e' pues ko'ox ilej yaan teen dieciséis jump'éel le cartucho kin ch'a'amaj yéetel jump'éel calibre dieciseiso' in láampara ma'alob ka jbino'on pues le ruido ku taalo',spk_025,08_Teodoro_May_6
spk_025_utt_0007,yáax ba'ax máane' u toojol jump'éel peek' ma' sáam lelo' ka taal jump'éel iik' k'a'amk'ach iik' ba'alo' u bin a wu'uyik u péeksik sojolo'ob le iik' te' yáanal k'áaxo',spk_025,08_Teodoro_May_7
spk_025_utt_0008,pues tia'ano'oni' ku ya'alike' ba'axe' ma' k náats'al te' jáal le beej tu'ux ku taal le ba'alo' tumen yaan u yiik'al jaaj u t'aan yaan u yiik'al,spk_025,08_Teodoro_May_8
spk_025_utt_0009,pues tia'ano'on beyo' ka t u'uye' tu taal u pa'axal jump'éel timbal ka wu'uyik u taal u paax le máako' le peek'o' ts'u adelantar u toojol ka wu'uyik u bin u toojol jáaw jáaw jáaw jáaw,spk_025,08_Teodoro_May_9
spk_025_utt_0010,ku ya'alike' lela' leti' le kulkaal k'iin ku ya'ala'alo' pues kin wa'alik ti'e pues bejla ken k k'ajóolt le ba'ax ku taala ma tin t'abik le láampara séebo  le ka t t'ab le lamparao tu bin jump'éel,spk_025,08_Teodoro_May_10
spk_025_utt_0011,bulto pero boox boox u traje le máak ku bino  ba'ax túun le máako ka wilik u bin beya bey yaanil jump'éel bey yaanil jump'éel ba'al  mina'an u pool,spk_025,08_Teodoro_May_11
spk_025_utt_0012,pero tu bin u traje beyo negro negro ma ka'anal u baakeli ka káaj k iliko,spk_025,08_Teodoro_May_12
spk_025_utt_0013,pero de repente tu reflejoil le lamparao k ilike de ke le ba'alo ka'anal ka'anal yaan kex  dos metros ka'analil le máak ku taalo,spk_025,08_Teodoro_May_13
spk_025_utt_0014,kin wa'alik ti  abuelo ts'oka'ano'on beya le ba'al ku taala lela gigante  ku ya'alike  pues ts'in wu'uyik de ke tu sajakkúunsiken ba'ax ken k meentej,spk_025,08_Teodoro_May_14
spk_025_utt_0015,pues ma ba'ax  ken k meenti ko'ox tu tséel le múul je'ela  ka jbino'on puro bin puro tu tséel le múulo pero u ch'a'amo'on jump'éel sajkil beyo  bey ka temblar ka wu'uyik ke'el u jats'ikech le iik'o,spk_025,08_Teodoro_May_15
spk_025_utt_0016,pues ma ch'a'ik sajkil ko'ox  jo'op k bin jo'op k bin beyo de repentee ka tíip jach ich chúumuk le kool beyo  komo ti ku máan le beekano pero ku bin ku bin le ka t il jump'éel reflejo beyo jump'éel  lus,spk_025,08_Teodoro_May_16
spk_025_utt_0017,tak u yáan le che'ob ka wilik sáasilo  ku ya'alike  pues lela leti le ba'al je'ela ba'an ken k meentej si ooritase le ba'ala tu bin  entonkes ka túun t ilaj beyo yaan jump'éel chan ba'alche ku bin,spk_025,08_Teodoro_May_17
spk_025_utt_0018,jump'éel mono ku  bin táanil ti pero táan u meen beya tinkiti tinkiti tinkiti ku bin u meentik le ruido ka  wu'uyik u paaxo le chan mono tu bin yóok'ot táanil ti,spk_025,08_Teodoro_May_18
spk_025_utt_0019,ku ya'alike  il a wil le ba'ax ku bino  táan in wilik  le láampara in t'abmaj teno mixba'al tu tséel le lus ku bisik le ba'al je'elo,spk_025,08_Teodoro_May_19
spk_025_utt_0020,ka wilik  u bin u yóok'osta'al jump'éel chan mono ka wilik beya jump'éel chichan tu bin u yóok'ot  tu bin u yóok'ot tu táane tu bin u yóok'ot tu táane yaan kex,spk_025,08_Teodoro_May_20
spk_025_utt_0021,dies minutos ka tu krusarto'ob  le ich le koolo tu'ux ku máan le u beelo pero tuláakal le ta wilik u bin jóok'ol ka jóok'o'ob  te k'áaxo,spk_025,08_Teodoro_May_21
spk_025_utt_0022,le peek'o ts'u avansar ta wu'uyik u toojol chéen manak le iik'o ta wu'uyik u bin  u bin u juum le iik'o yáan le k'áaxo pero entonkes le ka jts'o'ok bey ts'o'ok u báal le máak  te k'áaxo,spk_025,08_Teodoro_May_22
spk_025_utt_0023,le ka jsáasij ka jbino'on k ile le u rastro le máak tu'ux bino bey suunaja'an tu  paache,spk_025,08_Teodoro_May_23
spk_025_utt_0024,ma bey je'ex a wilik u bin jump'éel máak bey u rastro uti'al derecho u bino lela  ma suunaja'an aún bey binika leti'e suunaja'an u meentmaj u xaaw u yook beyo,spk_025,08_Teodoro_May_24
spk_025_utt_0025,yaan  beytak u táan beytak chowakila yaan kex veinte kentímetros wáaj maas ti u chowakil u  yooko pero al revés yaanil,spk_025,08_Teodoro_May_25
spk_025_utt_0026,entonkes le kin tsikbaltik teech beyo le ka jts'o'oke ka jsuunaj k óol bey ka jsuunaj  k óol bey ma bey ma sajako'ono,spk_025,08_Teodoro_May_26
spk_025_utt_0027,úuchik k ilik túun u rastro bey le máak je'elo entonkes  pero le máak ku ya'ala'al teech je'elo yaan jump'éel lus ku taasik túune je'ex in wa'alik  techo,spk_025,08_Teodoro_May_27
spk_025_utt_0028,tak áak'ab buka'aj áak'abile tuláakal je'eba'axak míin tak jump'éel chan síinik ku  máan je a wilike yaan jump'éel lus poderoso u yéet máan,spk_025,08_Teodoro_May_28
spk_025_utt_0029,ma in wojele wa chéen tumen  ts'a'ab to'on k ilej wáaj por suerteil wáaj kensa'ab bixij pero le máak je'elo to'one jach k  ilmaj yéetel le abueloo  ba'ax túun beyo  pues leti'e ku ya'alike leti le kulkaal k'iin,spk_025,08_Teodoro_May_29
spk_025_utt_0030,leti le historia k ilmaj yéetel le abueloo  kux túun yo'ol le waan tuulo ma a wu'uymaji le ku ya'ala'al ku kalanwakax ku  ka'ansikech bin bueno míin k'aasil ba'al ku ka'ansikech bin paywakax wa a k'áatij ma a  wu'uymaji,spk_025,08_Teodoro_May_30
spk_025_utt_0031,in wu'uymaj in wu'uymaj u ya'ala'al lelo lelo yaan jump'éel poder ti le ba'al je'elo,spk_025,08_Teodoro_May_31
spk_025_utt_0032,le waan t'u'ulo yaan jump'éel poder ti  le waan tuul waan tuul  jaaj leti lelo waan tuul jaaj waan tuulo,spk_025,08_Teodoro_May_32
spk_025_utt_0033,le úuch ka'acho yaan kex kuarenta máak  yaan u wakax wey kajtalila le wakaxo'ob úuch ka'ache chéen bey u máano'ob yáanal k'áaxo  mina'an potrero k'ala'an yéetel alambre,spk_025,08_Teodoro_May_33
spk_025_utt_0034,ba'ax túun ku yila'ale de ke le wakaxo'obo ku  jóok'ol u rasa'obe yaan káan taake pinto yaane ku taale,spk_025,08_Teodoro_May_34
spk_025_utt_0035,k'ank'an kex puro sak le vaka'ob  ku bino pero káan suunako'ob le kan ok le yáaxk'iino ku káajal u taal le wakaxo'ob weye,spk_025,08_Teodoro_May_35
spk_025_utt_0036,ku yila'ale de ke u klasesil wakax yaan  yaan túun jump'éel lugar míin kex tres leguasil weye xnúuk tóok u k'aaba,spk_025,08_Teodoro_May_36
spk_025_utt_0037,ti ku  rekalar le wakaxo'obo tumen bey jump'éel tipo jump'éel sabana puro aak yaani entonkes  ti ila'an le ba'al je'elo le waan tuulo,spk_025,08_Teodoro_May_37
spk_025_utt_0038,ka jbin ku tíip'il beya jump'éel toro u yila'al pero  jump'éel nojoch ba'alche pero u despuese ku konvertir óoxp'éel forma ti,spk_025,08_Teodoro_May_38
spk_025_utt_0039,yaan jump'éel  máak tsikbanaja'an jach t'aanaja'an yéetel beyo valiente u k'aaba'e animáas ana martín,spk_025,08_Teodoro_May_39
spk_025_utt_0040,ana martín u k'aaba tumen leti'e tu ts'ajubáaj bine u kan le paywakaxo jaan ka bin  a'ala'ab ti'e  je in we'esik teche ba'anten min we'esik teech le paywakaxo,spk_025,08_Teodoro_May_40
spk_025_utt_0041,chéen ba'ax  úniko las doke áak'abe yaan jump'éel muul le saay te chúumuk le sabanao ti ken a  pa'ateni,spk_025,08_Teodoro_May_41
spk_025_utt_0042,ti ken in enkontrartechi  pues le máako valiente ku ya'alik bine  bix min bin  ka tu manaj jump'éel chan,spk_025,08_Teodoro_May_42
spk_025_utt_0043,media trago bin beya ka tu yuk'aj despuese ku  ya'alike  ka jóok'en binen yéetel in tsíimine ka tin k'axaj yiknal jump'éel nuxib ja'abin  beya ka joken in wojel tu'ux yaan le lugar tu'ux tu ya'alajo,spk_025,08_Teodoro_May_43
spk_025_utt_0044,pues kierto le ka bin k'uche ti ku pa'atali ku ya'ala'al bin ti beya tu yilaje  jump'éel máak,spk_025,08_Teodoro_May_44
spk_025_utt_0045,pero resultadoe despuese ka tu yile  poncha'at nueve u téenel le yóok le lu'uma  ku ya'ala'al bin ti,spk_025,08_Teodoro_May_45
spk_025_utt_0046,ka tu  ponponcha'at le nueve u táan le lu'umo tu'ux yaan u muul le saayo le ka tu yil u jóok'ol  jump'éel k'áak beya le ka,spk_025,08_Teodoro_May_46
spk_025_utt_0047,tu ts'áaj kuentae ka tu jach fijartubáaj jump'éel nuxib toro  bejla ken a kan le paywakaxo  ku ya'ala'al bin ti,spk_025,08_Teodoro_May_47
spk_025_utt_0048,le ken a wil in ch'úuymaj  jump'éel in k'ab je'el in xno'oja es ke ta xts'íik ken in k'óochech,spk_025,08_Teodoro_May_48
spk_025_utt_0049,le ken a wil in ch'úuymaj  jump'éel in k'ab je'ela es ke ta xno'oj kin okol in k'óochech así ke tin ts'áaj teech  advertenkia lelo uti'al a kaambal,spk_025,08_Teodoro_May_49
spk_025_utt_0050,kux túun wa aktáan yaanilech  ku ya'ala'al bin ti  bey tu ka'ap'éelal a k'ab  a ts'áamaj beya bix túun  pues yaan a kanáantikabáaj tumen o bien kin kíinsikech o bien ka salvartikabáaj,spk_025,08_Teodoro_May_50
spk_025_utt_0051,ku ya'alike  ti tu sajakkunseni  ku ya'alik le animáas anailo  ti tu sajakkunseni tumen  ma tu ya'alaj tene bix forma tu'ux ladoil kin bin chéen uniko ba'ax tu ya'alaj tene,spk_025,08_Teodoro_May_51
spk_025_utt_0052,le  kan a wil in plantarminbáaj toj beyo wa tumen teech ta jechaje ka salvartik a vida pero  wa tumen ma ta jeche lelo yaan a taal tin paach,spk_025,08_Teodoro_May_52
spk_025_utt_0053,pues hombre wa tumen je'ex a wa'aliko míin arrepentidoen míin ma táan k  meentik le plan kin tuuklika  pues si a tukulmaj,spk_025,08_Teodoro_May_53
spk_025_utt_0054,debe ser a tukulmaj tumen wa ma'e ma ta taal weye y ma  xan ten in we'esinbáaj teech pero komo ke tin wilaj de ke valienteeche y ta kumplirt  a palabra wey yaaneche,spk_025,08_Teodoro_May_54
spk_025_utt_0055,yaan k ts'o'oksik le meyaj ts'o'ok k káajsika  bueno pues ko'ox oken a k'óochen táanil  ku ya'alik bin ti  ka bin tu yil u píik'sáasiltal le lugar tu'ux yaano ku,spk_025,08_Teodoro_May_55
spk_025_utt_0056,yilik bine yaan bin máako'ob  tu'ux yaan tuláakal u bak'paach le tu'ux yaan u muul le saay beya tu yilik tumen máako'ob  ku papaxk'abta'al  bueno pues ts'in wilik tu'ux yaan máak oorae nika'ajen in ts'áajinbáaj,spk_025,08_Teodoro_May_56
spk_025_utt_0057,in fuersa  in valentía uti'al in payik le wakaxa  ku ya'alik bin  táan bin u papaxk'abta'ali je'elo ok bin le wakaxo,spk_025,08_Teodoro_May_57
spk_025_utt_0058,ku ya'alike chéen bin úuchik  u meentik bin u k'ab ti beya máan tu meentaj ka bin tu ka paktaj ti paachile,spk_025,08_Teodoro_May_58
spk_025_utt_0059,ku yilik  bine tia'an le máako ku ya'ala'al bin ti'e  ma tin wa'alaj teechi teche yaan a p'áatal toreroil  si ma tin ts'aj kuenta ba'ax  ma ta ts'aj kuenta ba'ax oora ka jmáani mix teen xan ma tin ts'aj kuentai ba'ax  oora ka ta jech le k'óoch tin meentajo,spk_025,08_Teodoro_May_59
spk_025_utt_0060,pues de repentee  ma'alob  ku ya'alik  beoras xeen tu ka'atéen te baandao  ka ka bin yo'olal kex kinko metrosile  je kin taalo,spk_025,08_Teodoro_May_60
spk_025_utt_0061,ku ya'alik bine  oorae tin xno'oj tu k'óochen oorae tin ts'íik ken u ka k'óochen u ya'almaj teen,spk_025,08_Teodoro_May_61
spk_025_utt_0062,ka tu plantartubáaj bin le wakaxo tu yilaj u taal de velokidad ku taal chéen  úuch u píi'sutikubáaj bine ka jk'áat le wakax tu yiknalo ma tsa'ay le k'óoch ti'o,spk_025,08_Teodoro_May_62
spk_025_utt_0063,pero  le de repente túune tu yilik tu papaxk'abta'al beyo ka bin le wakax tu ka'atéen wa'atal  kex kinko metros yiknalo,spk_025,08_Teodoro_May_63
spk_025_utt_0064,ka tu plantartubáaj túun bin aktáano le úuch u jóok le wakax  tu yilaj tu taal u yóok'olo,spk_025,08_Teodoro_May_64
spk_025_utt_0065,sa'atal tu meentaj u yóol le ka aaj le ka aaj kex las dos de la  mañana tu juun,spk_025,08_Teodoro_May_65
spk_025_utt_0066,tu wenel yóok le lu'umo tu'ux a'ala'ab ti tu'ux tu yilaj le u yúuchul le  korrida bey tu'ux tu pay le wakaxo wenel tu meentaj,spk_025,08_Teodoro_May_66
spk_025_utt_0067,le ka aaje mixba'al tu yilaji  será posible wáaj chéen náay tin meentaj wa jach tin meent le ba'ax tin wilaja  si le ka tin meentaj le ba'ax tu ya'alaj teen le waan tuulo,spk_025,08_Teodoro_May_67
spk_025_utt_0068,si kuxa'anen jach ma tin  wenel  tu máan tu tuukul tu máan tu tuukul  jach wáaj tin pay le wakaxo ba'anten  tin wíinkilile chúuka'an,spk_025,08_Teodoro_May_68
spk_025_utt_0069,le ka tu tsikbalt le máak beyo óoxtéen bin binij tu ts'ook óox téene ti tu  kalmartubáaji tumen tu ts'ook ka'atéene ku ya'ala'al bin ti'e,spk_025,08_Teodoro_May_69
spk_025_utt_0070,bejla'e ma ten a pay jump'éel toro jump'éel vaka tumen u okasionar a payik  ma chéen jump'éel toro yaan a payik tak jump'éel vaka yaan a payik tak jump'éel bekerro  así ke lelo óoxp'éel kompromiso yaan teech tin wéetel,spk_025,08_Teodoro_May_70
spk_025_utt_0071,ta kubrirt le óoxp'éel kompromiso  ma úuch teech mixba'alo torero ma'alob ka p'áatal chéen ba'ax uniko kin wa'alik teche  le yáaxo frakasarnajech  jk'óocha'abij,spk_025,08_Teodoro_May_71
spk_025_utt_0072,le yáaxo frakasarnajech pero in k'áat in wil a valentía tu ka'atéen ti segundaa  viernes tuláak semanao je'ex bejla viernesa,spk_025,08_Teodoro_May_72
spk_025_utt_0073,kin pa'atikech la misma hora las doke de  la noche kin wilikech tu ka'atéen te tu'ux ta wileno,spk_025,08_Teodoro_May_73
spk_025_utt_0074,ma ch'a'ik sajkil ts'áajabáaj valor  tumen tene ma ten in meent teech mixba'al wa tumen lúubech tu ts'ooko mixba'al  ken a kanej pero wa ta ts'áajabáaj ma'alobil máakile,spk_025,08_Teodoro_May_74
spk_025_utt_0075,tin wéetel kan meyaj  entonkes ti uláak vierneso tu pa'atik lelo ma túun tu bisaj mixba'ali ma tu  yuk'aj mix jump'íit tragoi,spk_025,08_Teodoro_May_75
spk_025_utt_0076,bin u pa'atej ku ya'alike  si ma tin wilaj ma tu meentaj teen mixba'ali ba'axe tu weensen  ku tuklik beyo pero k'óocha'abij,spk_025,08_Teodoro_May_76
spk_025_utt_0077,je'elo le misma oora ka k'ucho ma tu yilaj  póoncha'at le lu'umo  ku ya'ala'al  tu yu'ubik le t'aano pero ma tu yilik mixmáak túun le día je'elo ma le noche  je'elo ma tu yilaj mixmáaki chéen ku ya'ala'ale  póoncha'at nueve u téen le lu'umo,spk_025,08_Teodoro_May_77
spk_025_utt_0078,je'ex ta meentij ba'ax k'iinjeako  ka tu póoncha'ate nueve u téenil le lu'umo,spk_025,08_Teodoro_May_78
spk_025_utt_0079,ka wa'alaje jump'éel ko'olel pero  ki'ichpan u vestido bin tu yilaj pero hasta tu brillar bin ba'ax túun bine le ko'olelo,spk_025,08_Teodoro_May_79
spk_025_utt_0080,jump'éel  u yooke de u yook wakax jump'éel u yooke de u xaaw úulum u yich beya formalmente  jach jump'éel ko'olel jump'éel señorita tu yilaj u kuerpo ko'olel yaan ti,spk_025,08_Teodoro_May_80
spk_025_utt_0081,u vestido ko'olel  yaan ti jach formal ki'ichpan le ko'olel tu yilo  le bejle komo vaka ken a paye ko'olel ta wilaj  ku ya'ala'al bin ti,spk_025,08_Teodoro_May_81
spk_025_utt_0082,le ba'ax  k'iinjeako xiib ta wile tumen toro ta payaj bejla'e ma vaka túun ken a paye y bejla'e  le orientakión ts'a'ab teech le ba'ax k'iinjeak le tsikbal ta meentaj yéetel le in jefeo,spk_025,08_Teodoro_May_82
spk_025_utt_0083,leti le  ken a ka prokurart a meentiko suutabáaj sut a pu'uch pak te banda je'el táanxilo  ku  ya'ala'al bin ti  ka tu paktaj paachil ti'e ka tu sutaj u yich tu'ux yaan le ko'olele jump'éel vaka  wa'alakbali,spk_025,08_Teodoro_May_83
spk_025_utt_0084,entonkes beorae nika'aj in wile a valentia  ku ya'ala'al bin ti  wa'alen  plantar bey u wa'atal jump'éel toreroe póoncha'at óoxtéen le lu'umo  le bin ka wa'alaj ka tu plantartubáaje,spk_025,08_Teodoro_May_84
spk_025_utt_0085,ka tu póoncha'at óoxtéen le lu'umo le ku  taal le k'óocho ku ya'alike  chéen ich in kíimil tin jechaj wale ma tu meentaj teen mixba'ali leten le ka  tin ka paktaj paachile le ku ka suut chéen úuch in li'isik jump'éel in k'abe máan tu  meentaj,spk_025,08_Teodoro_May_85
spk_025_utt_0086,u ts'ook u yóox téeno  ku ya'alik  tin wilaj jach tu k'uchul ts'o'ok u k'uchul  tin wiknal  ku ya'alik  ts'o'ok u k'uchul tin wiknale,spk_025,08_Teodoro_May_86
spk_025_utt_0087,jawk'ajen beya ma k'aja'an teen  mixba'al despuesi wenel tin ka meentaj  ku ya'alik,spk_025,08_Teodoro_May_87
spk_025_utt_0088,le ka sáasije mix in kamisa mix  in pantalón chéen in kalsonkillo yaan,spk_025,08_Teodoro_May_88
spk_025_utt_0089,min wojele tu'ux bisa'ab in nook  ku ya'alik  tu kuatro días ka suunajen in wil te lugaro le tu'ux lúubeno ti peka'an in nook'i  ku  ya'alik  ti tin ch'a'aj maas ti tin káaj in ch'a'ik sajkili tumen ts'in wilike de ke ma  lelo ma yutsil ba'ali,spk_025,08_Teodoro_May_89
spk_025_utt_0090,entonkes ka tin wa'alaje pues ma venkidoeni tu ts'ook óoxtéene  yaan in taal,spk_025,08_Teodoro_May_90
spk_025_utt_0091,ti wa'alakbal beyo mixba'al ku yilik chéen tu t'aan bey tu juun ka bin tu ya'alaj beya  pues yaan in ka suut  ka tu yu'ubaj bin paachil ti'e,spk_025,08_Teodoro_May_91
spk_025_utt_0092,ma'alob hijo wa yaan a suute bienvenidoech tu ka'atéen weye u último día  je'elo lelo uti'alak jump'éel triunfo uti'al u garantisare le meyaj le pakto k meentmo  pero ts'in wilik valienteech ma sajakechi,spk_025,08_Teodoro_May_92
spk_025_utt_0093,bejla ti le viernes je'ela yaan u tokare a payike  jump'éel táankelem toro,spk_025,08_Teodoro_May_93
spk_025_utt_0094,ma'alob  ku ya'alik bin  chéen ba'ax unikoe teche yaan teech jump'éel tuukul a taale ka'atúulech  tumen ts'o'ok a takik in jo'ol  ku ya'ala'al bin ti,spk_025,08_Teodoro_May_94
spk_025_utt_0095,ts'a wa'alik ti a watane de ke ja'alibe  in watan yaan a akompañartiken ti le ves je'ela tumen wa kíinsa'abene a wojel ba'ax  o'olal kin kíimil ta wilaj tu'ux kíimen,spk_025,08_Teodoro_May_95
spk_025_utt_0096,yaan a akompañartiken masima bey ta wa'alaj  ti a watano  ku ya'ala'al bin ti  pues bey tin wa'alaj ti'o  entonkes,spk_025,08_Teodoro_May_96
spk_025_utt_0097,ma debe ser a takik in jo'ol ti'i tumen ts'in ts'aik u náayt leti'e de  ke wey teech de por si wey ka taal a wilene u yojel ba'ax ku úuchul teech  pero ba'an túun kun úuchul teen patrón,spk_025,08_Teodoro_May_97
spk_025_utt_0098,tu momentoil kan a wil ba'ax kun úuchul teech pero le a palabrao yaan a  kumplirtik tumen wa ma ten a kumplirte óoxtúul a paalalo yaan u taal tin wiknal,spk_025,08_Teodoro_May_98
spk_025_utt_0099,yaan in  bisiko'ob así ke ka prefertik in bisik le óoxtúul paalalo'obo wáaj a kumplirtik a palabra,spk_025,08_Teodoro_May_99
spk_025_utt_0100,pues patrón míin mejor kin kumplirtik in palabra ke ka a ch'a teen óoxtúul  in paalalo  óoxtúul legal u paalal,spk_025,08_Teodoro_May_100
spk_025_utt_0101,jump'éel ts'ombil meenta'ab juntúul u hijo te'ela yéetel  ka'atúul bin chéen beyo bueno,spk_025,08_Teodoro_May_101
spk_025_utt_0102,pues tu kumplirt le palabrao las onke de la noche ka luk  weye yéetel u tsíimin chéen u tsíimin tu bisaj ma tu bis u yatani ka jk'uch te lugaro,spk_025,08_Teodoro_May_102
spk_025_utt_0103,ku yilik bine jump'éel k'áak ku yelel tu'ux ku pa'atalo tu kilim le k'áak'o le ka jk'uche,spk_025,08_Teodoro_May_103
spk_025_utt_0104,tu bak'paach bey le k'áak'o tia'an óoxtúul wakaxi jump'éel vaka jump'éel nojoch toro  yéetel jump'éel táankelem le jump'éel bekerro beyo,spk_025,08_Teodoro_May_104
spk_025_utt_0105,taalech a ch'a le triunfoo  pues taalen in wilej  máakalmáak ti le óoxtúul ken a yéeyo  ku ya'alal bin ti,spk_025,08_Teodoro_May_105
spk_025_utt_0106,le nojocho le  je'el yaan chúumuko wáaj le yaan te xts'íikilo  pues patrón dekididoen le ken a wa'ale leti le ken in meento,spk_025,08_Teodoro_May_106
spk_025_utt_0107,ma teen ken in  yéey ba'axi  a kompromiso teech tu ts'ook díae leti le je'ela leti le bekerroo leti le ken a  enfrentartabáaj beora yéetela,spk_025,08_Teodoro_May_107
spk_025_utt_0108,ka'apuul no más ken a jech ti tumen wa ta jech le ka'apuul  ti'o,spk_025,08_Teodoro_May_108
spk_025_utt_0109,ka bisik jump'éel ma'alob meyaj  entonkes ka bin tu yu'ubaj bin u papaxk'abta'al paktik u bak'paachil tu'ux yaan le  k'áak'o puro gente,spk_025,08_Teodoro_May_109
spk_025_utt_0110,le u papaxk'abta'al beyo u papaxk'abta'al ka tu taal jump'éel valor  ti pero tremendo bey jump'éel máak jach jóok'a'an u dekidirmubáaj uti'al kíimile  ooritase yaan a bin,spk_025,08_Teodoro_May_110
spk_025_utt_0111,dies metrosil dies metros ken a póoncha'at óoxtéen le  lu'umo le ku jóok le wakax ta toojilo pero jech ti wale  bueno ma'alob,spk_025,08_Teodoro_May_111
spk_025_utt_0112,le ka jk'uch bin te dies metrosilo ka tu póoncha'ataj óoxtéen le lu'umo tu  chúumuk le k'áak bino ti jóok le wakaxo,spk_025,08_Teodoro_May_112
spk_025_utt_0113,ka tu yil u jóok le wakax bin chúumuk le  k'aak'o pero tu tiis le tu'ux yaan u baak le wakax beya tu yilik u tiis le k'áak'o'ob bin  bey tu baak le wakaxo,spk_025,08_Teodoro_May_113
spk_025_utt_0114,le te bin páajtij u yilik le momento jumpuul chéen bin juntéen  jump'éel k'óoch tu jechaj beyo u de maasile ma k'aja'an ti'i ba'ax bix ts'o'okiki,spk_025,08_Teodoro_May_114
spk_025_utt_0115,le ka  aaj las kinko de la mañanae chéen u t'aan le ch'íich'o'ob bin ajso jump'éel silenkio,spk_025,08_Teodoro_May_115
spk_025_utt_0116,yaan  te lugar tu'ux p'áato mixba'al bin páat u yilik  le nojoch máako le pakto tu meentaj yéetel u k'aasil ba'alo ma tu kanaj toreroili  a wojel wáaj ba'ax tu kanaj,spk_025,08_Teodoro_May_116
spk_025_utt_0117,le máako p'áat pulya'ajil chéen u máan u meent k'aas ti  u yéet wíinikilo'ob ku yila'al te baanda u taanajo ti ku yila'al u jóok'ol jump'éel wakaxi  leti mismo,spk_025,08_Teodoro_May_117
spk_025_utt_0118,ku yila'al u jóok'ol jump'éel wakax ich le solaro ku yila'al u bin tu'ux baanda  tu meent le pakto yéetel le k'aasil ba'alo ti ku bin ku bin yawati,spk_025,08_Teodoro_May_118
spk_025_utt_0119,kada ocho días kada  uti'al viernese yaan u bin u xíimbaltej u nojochilo pero leti'e ma tu bin de máak si no  ke de ba'alche ikil u bin  de repentee jo'op u meentik k'aas,spk_025,08_Teodoro_May_119
spk_025_utt_0120,beyo le ka k'ajóolta'ab de ke ba'ax klase  personail le máako u meentmaj pakto yéetel le diabloo ts'ombil meenta'abij,spk_025,08_Teodoro_May_120
spk_025_utt_0121,te tu beel  le u k'aaba le lugara beetsíinkij u k'aaba le lugaro beetsíinkij ts'o'onij tu meentaj k'aas  tu kíins u papaj le máako'oba,spk_025,08_Teodoro_May_121
spk_025_utt_0122,ka bo'olta'abe u kíinsa'al leti pero ka a'ala'abe bix ju  kíinsa'ale pues úniko traikionarbil ts'ombil,spk_025,08_Teodoro_May_122
spk_025_utt_0123,pa'ata'ab tu beel u kool ti kíinsa'abi bey ts'o'okik u vida don ana martino,spk_025,08_Teodoro_May_123
spk_026_utt_0001,bix a k'aaba adolfo chuk chuk  tu'ux a kaajal  ts'íitbalche,spk_026,09_Adolfo_Chuc_1
spk_026_utt_0002,jayp'éel años taalakech wey seybaplaya  úuch wey tene yaan noventa y tres años noventa y dos,spk_026,09_Adolfo_Chuc_2
spk_026_utt_0003,ta wa'alik teen sáamake yaan jump'éel tsikbal a wojel yo'olal le masan bala bix u k'aaba  jaaj  je u páajtal a tsikbatike káajs a tsikbatik,spk_026,09_Adolfo_Chuc_3
spk_026_utt_0004,leti le lugar te'elo le úuchben máako'obo yaan jump'éel jchujkay jump'éel,spk_026,09_Adolfo_Chuc_4
spk_026_utt_0005,jchujkay máak le máak ku máan chujkayo tu lomaj leti le kayo le bala'o tu lomaj yéetel u arpón,spk_026,09_Adolfo_Chuc_5
spk_026_utt_0006,pero ba'ax úuchij leti'e pues tu taal pero entonkes le máak túuno a'ala'ab ti leti ka luk tu lugar tu'ux kaja'ano u kanáantubáaj,spk_026,09_Adolfo_Chuc_6
spk_026_utt_0007,tumen le lugar te kun krusaro yaan u yuumil le u yuumil te le ba'alo'ob te'elo tia'an te morroo tia'an u yuumilo'obi,spk_026,09_Adolfo_Chuc_7
spk_026_utt_0008,entonkes ka a'ala'ab ti'e bik xi'ik táabak ku beet le lóob ti le kayo ti le bala'o tumen ju p'áatale desgrakiadamente,spk_026,09_Adolfo_Chuc_8
spk_026_utt_0009,le ka tu lom le kayo le u yuumil le morroo tu yilaj ka jp'áat estatuail a wojel ka jp'áate leti le ba'ax u lonmo tuunich p'áatik,spk_026,09_Adolfo_Chuc_9
spk_026_utt_0010,y tak leti le ba'ax u lonmajo p'áat estatua xan bey xan leti leti'e búulij búulij tu yo'ol u yuumil le morroo,spk_026,09_Adolfo_Chuc_10
spk_026_utt_0011,tumen te'elo le máax ku k'áatal jach jáale ku p'áatali  máax u yuumil  jump'éel xnuuk,spk_026,09_Adolfo_Chuc_11
spk_026_utt_0012,jump'éel xnuuk u k'aaba le u k'aaba le xnuuko bix u k'aaba le ba'alo tuubul teen u k'aaba le ko'olela,spk_026,09_Adolfo_Chuc_12
spk_026_utt_0013,pero leti'e ma tu yutstal u je'ik bueno yaan u modo kristiano je'ebixo'ona pero yaan ti podere u beetik le loobo leti,spk_026,09_Adolfo_Chuc_13
spk_026_utt_0014,tumen leti'e ku yáalkabtik le yáanal lu'um porke ts'a'an tuláakal le leti'e le xnuuko ku jaantik kristiano,spk_026,09_Adolfo_Chuc_14
spk_026_utt_0015,entonkes le ko'olelo ku jóok'ol yéetel áak'abil ku majantik meli grakias jo'okaaj yáaxil naj,spk_026,09_Adolfo_Chuc_15
spk_026_utt_0016,te yáax najo ti kun u k'áat posadai entonkes óoli je'ebix,spk_026,09_Adolfo_Chuc_16
spk_026_utt_0017,taalikecho ka a k'áat teen posada kin wa'alike pues ba'anten ma a p'áatal te'ela bey úuchik ti le ko'olelo pero entonkes leti le ko'olelo ma yutsil ba'ali,spk_026,09_Adolfo_Chuc_17
spk_026_utt_0018,pues le ken okok k'iine tia'ani pero ba'an,spk_026,09_Adolfo_Chuc_18
spk_026_utt_0019,leti'e ku beetik k'aas ti le u yuumil le najo p'áatali le kéen jóok'oke ku machike ku bisik  tu'ux ku bisik  te morroo,spk_026,09_Adolfo_Chuc_19
spk_026_utt_0020,ti ku bisiki entonkes beyo beyo beyo le ka tu yilaje le autoridado'ob ts'o'ok,spk_026,09_Adolfo_Chuc_20
spk_026_utt_0021,u luk'sik ka'ap'éel óoxp'eel naj mina'an u yuumilo'ob ka tu k'áatchi'itaje tu'ux ku ts'o'okol u yuumil le naja entonkes le tiempo úucho,spk_026,09_Adolfo_Chuc_21
spk_026_utt_0022,taasa'ab jump'éel jmeen ka tu ya'alaj le jmeeno  ma táan  ki  le máak kada ku k'a'amal leti le posadao leti jaantik leti bisik te'elo,spk_026,09_Adolfo_Chuc_22
spk_026_utt_0023,entonkes le jmeen ka a'ala'ab ti'e  bix túun u formail ku jaantik  ma bix u formaili yaanili u jóok'ol,spk_026,09_Adolfo_Chuc_23
spk_026_utt_0024,u bin patioe ku beetik u k'áaxil bin ti k'áaxe ku tsa'ayal ti le máako'obo letene yaan u jóok'olo'obe u ensukiartuba'ob aj sí ti ku machiki,spk_026,09_Adolfo_Chuc_24
spk_026_utt_0025,ku bisik aj entonkes le tiempo je'elo le ka a'ala'ab ti'e  bix u formail ka we'et'ek leti le u jaantik kristiano'obo  ma bixi,spk_026,09_Adolfo_Chuc_25
spk_026_utt_0026,enkantartbil ka a'ala'ab ti le jmeeno wa je u beetike ka tu ya'alaje je'el u beetike je'el u beetike,spk_026,09_Adolfo_Chuc_26
spk_026_utt_0027,a'ala'ab ti'e  pues ma'alob wa tumen je a beetike pues ka taalakeche ka a avisarto'one bix u formail kan a meyajtik uti'al u k'a'al le xnuuko,spk_026,09_Adolfo_Chuc_27
spk_026_utt_0028,pues ka tu ya'alaje  pues hombre pues k'abéet teen,spk_026,09_Adolfo_Chuc_28
spk_026_utt_0029,kex kuatro máak le kuatro máako'obo yaan u binsik le jmeeno te'elo yéetel u manik u yo'och trago,spk_026,09_Adolfo_Chuc_29
spk_026_utt_0030,le ko'olelo le xnuuko ti kun káaltalo'obi le ken jach káalak le ko'olelo ti kun machbil túuni yo'ol ku dominarto'ob le jmeeno ts'o'ok u dominartik le ko'olelo,spk_026,09_Adolfo_Chuc_30
spk_026_utt_0031,asi ke leti le oora tu machiko'ob leti le tanto meyajtaj tu beet le meeno,spk_026,09_Adolfo_Chuc_31
spk_026_utt_0032,ka tu ya'alaje k'abéet u ts'a'abal leti le u beelo tu'ux ku bino le bejo,spk_026,09_Adolfo_Chuc_32
spk_026_utt_0033,le tu'ux ku bin yáanal lu'umo bej bueno tene ma in wojeli wa jach jaaji pero yaan jump'éel te morroo yaan jump'éel jool nojochil buka'aja nojoch,spk_026,09_Adolfo_Chuc_33
spk_026_utt_0034,tu'ux ku yokol máake ka bin ka bin tak bejla'e ts'aka'an ku ya'ala'ale tak bejla'e ka bin yáanal lu'um,spk_026,09_Adolfo_Chuc_34
spk_026_utt_0035,te'elo ti ku bisik le gente u jaanto ti kada lugar kada lugar u ts'áam u lugarilo'obe te'ela trenki ma'ax tolo u pool yuuk,spk_026,09_Adolfo_Chuc_35
spk_026_utt_0036,ba'ax pool yuuk la kabesa de un venadito pues kada lugare ti ku bin u jaanli pues tu'ux kuxchajla'an,spk_026,09_Adolfo_Chuc_36
spk_026_utt_0037,náachij ti ku máan ti kinko leguas tu'ux ku náakal leti,spk_026,09_Adolfo_Chuc_37
spk_026_utt_0038,u ts'aik u k'aaba tuláakal le lugaro'obo mientras tu yuk'ik u tragoe tu tsikbatik tuláakal le lugaro'obo,spk_026,09_Adolfo_Chuc_38
spk_026_utt_0039,ti le jmeeno le jmeeno ka tu ya'alaje tal lugar bix u k'aaba tal lugar le máako'ob u bismajo'obo leti'ob,spk_026,09_Adolfo_Chuc_39
spk_026_utt_0040,ts'aik kuentae ba'ax bix úuchik leti le bix u modoil u sa'atal le gente ti le kaajo,spk_026,09_Adolfo_Chuc_40
spk_026_utt_0041,ti lelo ka tu beeto'obe leten bisa'ab le kuatro máako'obo u yu'ubo'obe bix u formail bix u jaanta'al le gente ti le kaaja,spk_026,09_Adolfo_Chuc_41
spk_026_utt_0042,ka a'ala'ab ti jmeen le ka jsuunaj tu yóol le ko'olelo ts'o'ok u enkantarta'al ti le fierro'obo,spk_026,09_Adolfo_Chuc_42
spk_026_utt_0043,le fierro ku ya'ala'alo tak tin paalile ku ya'ala'ale ts'aka'an le fierro'obo ts'aka'an tia'an le fierro'obo,spk_026,09_Adolfo_Chuc_43
spk_026_utt_0044,chéen u piixan le ko'olelo le beetik le ba'alo'ob te'elo ku bulik leti le cheemo'ob ku k'áatal naats te jáalo,spk_026,09_Adolfo_Chuc_44
spk_026_utt_0045,jaaj leti le túun leti le p'áatiko ku tíitikubáaj leti le morro ka'acho ka'ache ku tíitikubáaj pero bejla'e xu'ul u tíitikubáaj,spk_026,09_Adolfo_Chuc_45
spk_026_utt_0046,ba'ax le morroo  le faroo jaaj leti le u lusil ku tíitikubáaj así ke ka jp'áate enkantado le ko'olelo,spk_026,09_Adolfo_Chuc_46
spk_026_utt_0047,pues ka jp'áat enkantadoil beyo tak bejle leti le xu'ulik tak bejle leti le xu'ulik,spk_026,09_Adolfo_Chuc_47
spk_026_utt_0048,xuulul ti yaan le ko'oleli'o  aj pues xuululile hasta u xu'ulul yóok'ol kaabe ku yilik diose buka'aj gente tu ch'a'aj aj ti kun ts'áabil kuentae buka'aj gente,spk_026,09_Adolfo_Chuc_48
spk_026_utt_0049,tu ch'a'aj leti le je'elo leti le u historiailo leti lelo jaaj,spk_026,09_Adolfo_Chuc_49
spk_026_utt_0050,tak bejla ku búulul le cheemo'obo  ma bejla'e ma xu'ulij desde ka jenkantarta'abij ka jxu'ulij ka jxu'ul u bulik le cheemo'obo le lugar je'elo,spk_026,09_Adolfo_Chuc_50
spk_026_utt_0051,ma solamente chéen le je'elo yaan uláak'o'ob te ich ja'o ti yaan u muestra buka'aj máak u jaantmaji,spk_026,09_Adolfo_Chuc_51
spk_026_utt_0052,pero komo ma komo ka'anal ja ma tu bin le ja te'elo pues ma tu yila'al pero le je'elo jila'abij bix úuchik ti le máako jaaj,spk_026,09_Adolfo_Chuc_52
spk_026_utt_0053,kux túun le yuum k'a'anabo yaan wáaj u yuumil  yaan yaan u yuumil  je'el a tsikbaltik tene,spk_026,09_Adolfo_Chuc_53
spk_026_utt_0054,u yuumile mina'an mixmáak je'el bix jajal diose leti u yuumil leti ku mandar,spk_026,09_Adolfo_Chuc_54
spk_026_utt_0055,a wojel wáaj ba'axten tumen leti'e ma tu páajtal u maastal u yokol te'ela ti ku náakal ti ku náakal kex buka'aj fuerte k'a'anabe,spk_026,09_Adolfo_Chuc_55
spk_026_utt_0056,ma tu páajtal u máan ti le línea ts'a'an ti tumen jajal dioso ti ku náakali,spk_026,09_Adolfo_Chuc_56
spk_026_utt_0057,lelo ki'ichkelem jajal dios beetej a wojel ba'axten tumen le k'a'anabo u k'áat u mandartubáaj ka'achij,spk_026,09_Adolfo_Chuc_57
spk_026_utt_0058,u ch'a'ik junnáab diario ka a'ala'ab ti'e ma,spk_026,09_Adolfo_Chuc_58
spk_026_utt_0059,pero entonkes ka a'ala'ab ti'e  le ba'ax ka tukliko ma táan a jóok'ol yéetel ku ya'alik túun le k'a'anabo  bueno ma ta ts'aik teen permisoo cha in ch'a'ik juntúul máak diario entonkes ka a'ala'ab ti'e,spk_026,09_Adolfo_Chuc_59
spk_026_utt_0060,le junnáab kan a ch'a diarioo kada k'iin junnáab diario kan avansaro je a bulik tuláakal leti le lu'uma  ku ya'ala'al ti,spk_026,09_Adolfo_Chuc_60
spk_026_utt_0061,bueno pues ko'ox beetik uláak kompromiso in k'áate ka a ts'a teen juntúul diarioi juntúul máak diario,spk_026,09_Adolfo_Chuc_61
spk_026_utt_0062,le k'a'anabo le ja'alej ti jajal diose ka ts'a'abak juntúul diario ka a'ala'ab ti'e todavía lelo sí jin ts'aik teech le ordeno ka a ch'a juntúul diario juntúul máak,spk_026,09_Adolfo_Chuc_62
spk_026_utt_0063,así ke le k'a'anabo diario yaan u ch'a'ik juntúuli ma weye tuláakal tu'uxe juntúul kun u ch'a'i jaan leti le orden yaano,spk_026,09_Adolfo_Chuc_63
spk_026_utt_0064,entonkes le k'a'anabo bey a wóol ma kuxa'ane pero kuxa'an kuxa'an,spk_026,09_Adolfo_Chuc_64
spk_027_utt_0001,wey ti le chan kaaja u tukla'al le náayo'obo yaan ka'ap'éel forma bix u yila'al,spk_027,10_Jesus_Euan_1
spk_027_utt_0002,yaan náayo'ob jats'utso'ob uti'al u páajtal a wa'alik yéetel a familia u bin teech yutsil,spk_027,10_Jesus_Euan_2
spk_027_utt_0003,yéetel yaan xan tu'ux ku bin teech k'aasil le náayo'ob ku ts'a'abal ti máako wey ti le chan kaaja le nukuch máako'obo le u nuukil máako u paapa máak,spk_027,10_Jesus_Euan_3
spk_027_utt_0004,beyo ku tsikbaltiko'obe de ke wa ku ts'a'abal teech jump'éel náay de sáansamal ta náaytike es ke tumen yaan ba'ax u k'áat u ya'al teech yaan,spk_027,10_Jesus_Euan_4
spk_027_utt_0005,náayo'ob jats'utso'ob de uti'al ka páajtak a meyaj ka xi'ik teech ma'alobil yéetel a paalal yéetel a nuukilo'ob yéetel a láak'alo'ob,spk_027,10_Jesus_Euan_5
spk_027_utt_0006,yaan xan náayo'ob de tu'ux ku ya'alik teech de ke maas seguer a beetik ya'abach ba'axo'ob de ma ma'alobi y je u bin teech k'aasile,spk_027,10_Jesus_Euan_6
spk_027_utt_0007,le náayo'ob túuno ma jump'éelili le náayo'obo ma igual u yila'ali,spk_027,10_Jesus_Euan_7
spk_027_utt_0008,y beya je a náaytik ba'axo'ob de ku beetik teech utse bey ja náaytik xan ba'alo'ob de ku beetik teech k'aase nika'ajen in tsikbalt jump'éel náay beoritasa,spk_027,10_Jesus_Euan_8
spk_027_utt_0009,de jats'uts jump'éel náay de tu'ux tene kin wa'alike naj in ch'a wa sáansamal ka in náaytej tumen jats'uts,spk_027,10_Jesus_Euan_9
spk_027_utt_0010,chéen jump'éel k'iin túun beyo de tene je tuláakal k'iine kin suut le meyajo kin yaantal yéetelo'ob in papá yéetel in maama,spk_027,10_Jesus_Euan_10
spk_027_utt_0011,chéen jump'éel día de je'ex uláak k'iino'obe ka jweenen mixba'al kin tuklik mixba'al kin tuklik de k'aas mixba'al kin tuklik de jats'uts chéen chilajen je'elel,spk_027,10_Jesus_Euan_11
spk_027_utt_0012,te túun le k'iin je'elo ka áak'abchaje tene ka tin náaytaj jump'éel bey ba'al de jats'uts chéen tin wilik bey ti in náayo tin wilik bine tia'anen te ti koolo,spk_027,10_Jesus_Euan_12
spk_027_utt_0013,yéetel in sobrino'obo yéetel in papá in taata anik beyo táan k meyaj táan k meyaj táan k péeksik le lu'umo,spk_027,10_Jesus_Euan_13
spk_027_utt_0014,tumen k tuklike de ke ti le año je'elo yaan u ts'aik to'on ma'alob kosecha ti le nalo,spk_027,10_Jesus_Euan_14
spk_027_utt_0015,je'elo táan u tusbeeltiken túun in papá ku ya'alik tene ts'a'ex séeban ti tumen le tiempoo bey u yóolil cháake yaan u taal ja así es ke antes ku k'áaxal le ja'o to'one naj k ts'o'oksik le meyajo k tsolik tumen kumpiche papá u ya'ala'al xan ti abuelotsil,spk_027,10_Jesus_Euan_15
spk_027_utt_0016,je'elo tin wilik túune táan k meyaj túun beya pero nak túun le wits beya tin wu'uyike ti ku k'aay jump'éel chan ch'íich u k'aaba xk'ook le túun le chan xk'ook'o jach jats'uts u k'aay,spk_027,10_Jesus_Euan_16
spk_027_utt_0017,le túun le xk'ook'o kuando ken k'aaynak tu tiempo uti'al chichan luna ku ya'alale jach ku taasik uts je'elo,spk_027,10_Jesus_Euan_17
spk_027_utt_0018,kin wu'uyik bine wa'alakbalen tin cha'antik bey tu'ux ku k'aay le chan ch'íich'a tumen jats'uts in wu'uyik ti in náayo,spk_027,10_Jesus_Euan_18
spk_027_utt_0019,je'elo in taata beyo ka jo'op u k'eyiken ku ya'alik tene  xi'ipal chok ti tumen ma ta chok'ik ti'e yaan u taal le ja'o kin wa'alik ti'e  pero si jach jats'uts u k'aay le chan ch'íich'a ku ya'ala'ale ken k'aaynake es ke yaan u bin to'on utsil,spk_027,10_Jesus_Euan_19
spk_027_utt_0020,je'elo táan k tratartik k ts'o'oksik tuláak le meyajo chéen ka t u'uyaj le chan ch'íich'o ts'o'ok u xu'ulul u k'aay lugar u k'aay le chan chíich'o táan u k'aay túun le ch'och'orino,spk_027,10_Jesus_Euan_20
spk_027_utt_0021,le ch'och'orino jump'éel chan bix je in wa'alik teche de jats'uts xan u k'aay pero,spk_027,10_Jesus_Euan_21
spk_027_utt_0022,le ken k'aaynak leti'e ku ya'ala'ale yaan u beetik k'iin y le ken u beet sen k'iine uti'al le u pak'alil le nalo ma tu yaantal,spk_027,10_Jesus_Euan_22
spk_027_utt_0023,je'elo kin wa'alik túun ti in apáo  ta wilaj leti'e xu'ul kin wu'uyik u k'aay le chan ch'íich je'ela bejla'e tu k'aay le ch'och'orino bejla'e yaan u beetik k'iin,spk_027,10_Jesus_Euan_23
spk_027_utt_0024,je'elo ka jo'op k tsikbaltik chéen ka t u'uyaje tu k'aay túun le xk'ook'o tu k'aay le ch'och'orino pero tin wu'uyike maas k'a'am u k'aay le ch'och'orino kin wa'alik bin ti'obe  es ke de por sí k'iin ma tu béeytal le kosecha ti le añoa,spk_027,10_Jesus_Euan_24
spk_027_utt_0025,y beyo ka jo'op k jóok'ol jóok'ol ka túun jo'op u k'áaxal le ja'o ka jo'op k taal je'elo chéen táan k taal ti le bej beyo xíimbalil k taal búul le bejo,spk_027,10_Jesus_Euan_25
spk_027_utt_0026,tu kaal k ook ku náakal le ja'o ka jo'op k taal tin wilike le uláak'o'ob in wéet meyajo'ob beya ts'u jóok'olo'ob xan,spk_027,10_Jesus_Euan_26
spk_027_utt_0027,pero táan k túun xíimbale chéen ka t u'uyaje le jch'och'orino ma ma tu k'aay chéen le xk'ook'o ku taal u k'aay je'ex k bin náachtale bey u bin u taal u k'aay táan k túun na'akal ti le wits bey k ilika le ken in sut in wich bey paachila,spk_027,10_Jesus_Euan_27
spk_027_utt_0028,le nalo tu taal u jóok'ol tu taal u jóok'ol kex ma k'aja'an teen wa t ts'aaj ts'aaj le u semilla le nalo tu taal u jóok'ol je'elo mientras maas chich k bine le ja'o maas k'a'am u k'áaxal,spk_027,10_Jesus_Euan_28
spk_027_utt_0029,je'elo ka jna'ako'on túun ti le wits beya tumen ts'o'ok u k'a'antal u ja'il beya je'elo chéen in tuukul tene in wa'alike  wa ku sen k'a'antal le ja'o yaan u búulul le nalo bix ku ts'o'okoli yaan u p'áatal ma tu yaantal,spk_027,10_Jesus_Euan_29
spk_027_utt_0030,pero ma tin wilike tu na'akal le ja'o le nalo maas chich u na'akal tu lool tu yaantal u jéek tu nuuktal le nalo ki'imak in wóol kin wa'alik bine,spk_027,10_Jesus_Euan_30
spk_027_utt_0031,señal u señal le chan ch'íich je'ela de ke yaan un yaantal je'elo táan k éemel túun áalkab bey k il le nal ts'o'ok u sen yaantalo,spk_027,10_Jesus_Euan_31
spk_027_utt_0032,ka k'ucho'on túune k ilike nuuktak nukuch che k ilik bey tuláakal le beya nuuk u jéek le nalo,spk_027,10_Jesus_Euan_32
spk_027_utt_0033,je'elo le ka joko'on túun áalkab bey uti'al k jochik uti'al k ilik jach bebeytak le nalo pues tene ajal tin beetaj ka jaajen leten kin wa'alike jump'éel náay jats'uts de,spk_027,10_Jesus_Euan_33
spk_027_utt_0034,kin wa'alike de uti'al prosperidad tumen uti'al uti'al u bin to'on ma'alobil tuláakal le máako'ob ku meyajtiko'obe,spk_027,10_Jesus_Euan_34
spk_027_utt_0035,le u meyajil le xi'imo le nalo pues bey ts'o'ok le náayo ma ma jach taj de,spk_027,10_Jesus_Euan_35
spk_027_utt_0036,bix in wa'alik teech wa nojochi pero de bey tin náaytilo lela uláak jump'éel náay yaanchajij teen le náay je'ela de ma jach jats'utsi,spk_027,10_Jesus_Euan_36
spk_027_utt_0037,chéen jump'éel u k'iinaje tin wilaj túune chilajen wenele ka jo'op in náaytike yéetel in watan kin bine ti jump'éel chan kaaj tin wilike ma in k'ajóol le kaajo,spk_027,10_Jesus_Euan_37
spk_027_utt_0038,pero tia'ano'oni tin wilike ya'ab máako'ob tia'ano'obi ya'ab koonol yaano'obe táan k máan xíinximbal,spk_027,10_Jesus_Euan_38
spk_027_utt_0039,je'elo chéen táan k máan xíinximbale chéen ka tin líik's in wich ka'anale táan u nookoytal pero le u nookoytalo ma de,spk_027,10_Jesus_Euan_39
spk_027_utt_0040,jump'éel ba'al de suuk u yúuchul wáaj de je'ex nuka'aj k'áaxal ja'e sino ke k'a'am iik tun suut le múunyal te ka'anlo je'elo ya'abach máako'obe tin wu'uyik ku ya'aliko'obe de ke yaan ba'ax ku yúuchul,spk_027,10_Jesus_Euan_40
spk_027_utt_0041,le lugar tu'ux yaano'ono táan bin u je'ikubáaj le lu'umo je'elo tene ka jo'op in sajaktal ka tin mach u k'ab in watan kin wa'alik ti'e  ma in wojel ba'ax ku yúuchuli,spk_027,10_Jesus_Euan_41
spk_027_utt_0042,tin wilike ya'ab máak ku máan u suuto'obe tu yawato'ob ma k ojel ba'ax ku yúuchuli tene ts'o'ok in wu'uyike tin sajaktal,spk_027,10_Jesus_Euan_42
spk_027_utt_0043,kin wa'alik túun ti'e  te bey ka'anal beya ya'ab le witso'ob kin wiliko jats'utstako'ob  kin wa'alik ti'e  ko'ox tolo tumen tolo wa jaaj yaan ba'ax ku yúuchul waye tolo ken k'uchko'one,spk_027,10_Jesus_Euan_43
spk_027_utt_0044,ma'aten ma tu yúuchul to'on mixba'al wa jaaj tu je'ek'abtikubáaj le k'uchuko'one ma aten ma tu yúuchul to'on mixba'al wa jaaj tu je'ek'abtikubáaj le lu'umo tolo ma'aten u je'ek'abtubáaj tumen tolo ka'anal,spk_027,10_Jesus_Euan_44
spk_027_utt_0045,je'elo ka jo'op in bin chéen táan in bine in machm u k'abe tin wu'uyike ma tu yutstal u taal xaan u taal ma tu yutstal u yáalkab je'ex in wáalkab tene,spk_027,10_Jesus_Euan_45
spk_027_utt_0046,leka tin sut in wich bey in wil ba'axten ma tu yutstal u taale ka tin wilaje tu je'ek'abtikubáaj le lu'umo le najo'obo tu bin bey ich le lu'uma tu je'ek'abtikubáaj tu bin beya je'elo tene tin sajaktal,spk_027,10_Jesus_Euan_46
spk_027_utt_0047,ka jo'op in wawtik kin wa'alik ti'e  ko'ox le túun ka tin méek'aj bey uti'al in ch'úuyik in wa'alik kin bin yéetel áalkabilo maas ma utschajij,spk_027,10_Jesus_Euan_47
spk_027_utt_0048,kin wa'alik bin ti'e  ko'ox xeen xeen táanil teech tumen teche naj a k'uchul te'elo tumen wa ma ta k'uchule yaan u luk'iko'on le lu'umo je'elo tene sajaken tumen in wojel wa ka úuchuk beyo pues yaan u ya'alik u tokar k kíimile,spk_027,10_Jesus_Euan_48
spk_027_utt_0049,ka túun jo'op in ts'aik in muuk tin ts'aik in muuk je'elo chéen ikil in ts'aik in muuk beya ka tin ch'úuy in wilike le ka tin páa'ch'úuytaj beyo ka tin píikch'iintaj beya ma in wojel túun bix úuchke pero tin wilaje leti'e k'uch te tu'ux yaan le witso'obo,spk_027,10_Jesus_Euan_49
spk_027_utt_0050,ts'o'ok túun u k'uchul ti le witso'obo ka tin sut in wiche kin wilike ya'abach máako'obe tu bino'ob ich le joolo tu je'ek'abtikubáaj le lu'umo tu bin le najo'obo tak leti'ob ka jo'op in wáalkab tin wáalkab je'elo ka tin wáalkab te,spk_027,10_Jesus_Euan_50
spk_027_utt_0051,ma tin wilaji alkansar ti k'uchul te tu'ux naj in k'uchulo ka tu je'ek'abtikubáaj le lu'umo ka jlúub le tuunicho'ob kin wiliko ka jyáach'en,spk_027,10_Jesus_Euan_51
spk_027_utt_0052,je'elo tin péeksikimbáaj tin tóoch'kimbáaj bey uti'al in líik'ila ma tu yutstal tumene ku yach'iken le tuunicho'ob bey tu'ux je'ek'abtpaj le lu'umo,spk_027,10_Jesus_Euan_52
spk_027_utt_0053,je'elo tin wilike in watano tia'an bey ka'anala tu t'aniken ma taak u seguer u bini ma taak u p'atikeni tumen ku yilik de ke tene táan in lúubul te joolo,spk_027,10_Jesus_Euan_53
spk_027_utt_0054,ka jo'op túun jo'op in bin je'elo kin lu'usik le tuunich bey tin wóok'ola kin wóotik na'akale ku lúubul uláak le máako'obo tin wóok'ol ku ka jakk'esikene kin ka yáach'al,spk_027,10_Jesus_Euan_54
spk_027_utt_0055,je'elo xaanjij túun táan in tartartik in na'akal tin machik tuunich tin lu'usik le máako'ob beya le ken in,spk_027,10_Jesus_Euan_55
spk_027_utt_0056,ts'a in wok bey uti'al in lúukul in wáalkaba ku ka lúubul le máako'obo ku ka éensikeno'ob kaabale kin ka yáach'al,spk_027,10_Jesus_Euan_56
spk_027_utt_0057,je'elo tene ts'o'ok in sajaktal kin wa'alike  ts'o'oka'an teen beya yaan in múukul yéetel le lu'uma tumen ma tu yutstal in jóok'ol,spk_027,10_Jesus_Euan_57
spk_027_utt_0058,pero mixba'al ti in watane ts'o'ok u bin je'elo chéen le kin wa'alik beyo ka tin wu'uyaj u taal in muuk le ka taal in muuk ka tin tóoch'timbáaj beya ka jo'op in bin áalkabil áalkabil,spk_027,10_Jesus_Euan_58
spk_027_utt_0059,jach ta'aytak in k'uchul túun tu'ux yaan in watano ka jaajen ka jaajene tene sajken tu kulum in puksi'ik'al táan in xu'ul in wóol tak taak in wok'ol kin wa'alike ba'axten kin náaytik le ba'al je'ela si tene,spk_027,10_Jesus_Euan_59
spk_027_utt_0060,ma ma bey in wóole tene ma tin tuukul k'aas pero ma in wojel ba'axten tin náayti pero bey tin náaytilo ka jaajen,spk_027,10_Jesus_Euan_60
spk_028_utt_0001,ma'alob in wanil dyosbo'otik ti ki'ichkelem jajal dios tak yoorail oorae táaj ma'alob in wanil u historiail le kaaja,spk_028,11_Hector_May_1
spk_028_utt_0002,káajike yo'ol jump'éel persekukión úuch walakjeak kiento veinte añose,spk_028,11_Hector_May_2
spk_028_utt_0003,pues le máako'ob tu púuts'ulo'ob tu kaajil chetumal ku taalo'ob tu perseguirta'alo'ob jump'éel grupo máako'ob ku ya'ala'al ti wi'it'o'ob,spk_028,11_Hector_May_3
spk_028_utt_0004,de repentee k'ucho'ob wey kaaje ka tu deskubrirto'ob ka'ap'éel ch'e'en ka'ap'éel ch'e'ene,spk_028,11_Hector_May_4
spk_028_utt_0005,yaan ja'i ka tu ta'akuba'ob wey kaaje le kaaja,spk_028,11_Hector_May_5
spk_028_utt_0006,ts'a'ab ti u k'aaba úukum tumen le máako'ob deskubrirto tu yilo'ob puro mejen úukum ku yéemel uk'ul ja te ch'e'eno de repentee,spk_028,11_Hector_May_6
spk_028_utt_0007,le persekukiono le máako'obo pues p'áato'obi p'a'at u paacho'ob,spk_028,11_Hector_May_7
spk_028_utt_0008,ka tu establekertuba'ob túun fiijo te kajtalila entonkes,spk_028,11_Hector_May_8
spk_028_utt_0009,bey káajik túun u kuxtal le grupo gente weya  ba'axten túun ku perseguirta'alo'ob ka'achij  pues jump'éel grupo máako'ob ku ya'ala'al wi'it ti'ob wi'it'o'ob,spk_028,11_Hector_May_9
spk_028_utt_0010,ku máano'ob ookol ti kaaj kaajo'ob beyo le tu'ux ku yojéeltiko'ob yaan jump'íit ba'al jaantbile ku máan u láaj ch'a'ob,spk_028,11_Hector_May_10
spk_028_utt_0011,ku yookoltiko'obe tuláakal tak le taak'in ke ba'al wa yaan teech de oro beyo ku láaj ch'a'iko'ob teech túun le gente k'uch weya tu púuts'ulo'ob tu púuts'ulo'ob ti máako'ob beyo,spk_028,11_Hector_May_11
spk_028_utt_0012,bueno komo yaan jump'éel nojoch sajkab jump'éel lado te lak'in beya ti tu ta'akuba'obi,spk_028,11_Hector_May_12
spk_028_utt_0013,ma kaxta'abo'obi le máako'ob túun lela máan ku beetiko'ob ti tu'ux yaan mejen kaajo'ob beyo ku yiliko'ob mina'an gentee ku tselikuba'obe bin ku beetiko'ob leti'obe chéen de paso aniko'ob tu máano'ob ookol,spk_028,11_Hector_May_13
spk_028_utt_0014,ku yookoltiko'ob tuláakal le ba'alo'ob beyo ku bisiko'ob ti u nuuktakilo'ob beyo bueno le túun ka kalmarnaj tuláakal beyo le gente tu ta'akubáaj te nojoch sajkabo ka,spk_028,11_Hector_May_14
spk_028_utt_0015,jp'áat u yiliko'ob trankiloe ka tu yilo'ob de ke yaan ch'e'ene yaan ja ma'alobe ka tu establekertuba'ob fijo weye bey káajik le kaaj weya,spk_028,11_Hector_May_15
spk_028_utt_0016,tak walakjeak kiento veinte añose le ka káaj túun u máan le tiempo bey ts'o'ok bey le persekukiono,spk_028,11_Hector_May_16
spk_028_utt_0017,le máako'ob p'áato'ob establekido weya ka jo'op u beetik jump'íit kool ka jo'op u meyajo'ob,spk_028,11_Hector_May_17
spk_028_utt_0018,u jaanalo'ob leti'obe ku pak'iko'ob ixi'im ku pak'iko'ob k'úum,spk_028,11_Hector_May_18
spk_028_utt_0019,ku pak'iko'ob ts'íim ku pak'iko'ob le iiso pues u janalilo'ob leti'obe leti le k'úumo ku chakiko'ob le k'úumo ku jaantiko'ob wa ma'e le ts'íimo,spk_028,11_Hector_May_19
spk_028_utt_0020,bey túun úuchik u transkurrir le tiempo tak úuchik u nojochtal le kaaj weya pero u k'aaba'e úukum tumen tu deskubrirto'ob de ke,spk_028,11_Hector_May_20
spk_028_utt_0021,le mejen úukumo ku yéemelo'ob uk'ul ja te ch'e'eno ka túun tu p'ato'ob ti bey úukum wey le kaaj tak ooraa',spk_028,11_Hector_May_21
spk_028_utt_0022,kux túun bejla ba'ax meyajilo'ob yéetel ba'ax ku pa'ak'al weye  pues aktualmentee ku seguirta'al xan tu ka'atéen le kultura lelo to'one k beetik k kool xan k pak'ik le ts'íimo k'úum,spk_028,11_Hector_May_22
spk_028_utt_0023,le iis xano pues wa le ixi'im ma tu chan ts'aik to'on sufikiente pues to'one,spk_028,11_Hector_May_23
spk_028_utt_0024,leti le iiso wáaj le k'úumo le k jaantik xan le p'aako le ts'íin xano ya'ach'bil k beetik yéetel kaabe k jaantik,spk_028,11_Hector_May_24
spk_028_utt_0025,bey xan k li'isik k paalalo meen kuenta jump'éel tradikión jump'éel tradikión k seguertik xan tumen,spk_028,11_Hector_May_25
spk_028_utt_0026,wey kaaje yaan jump'íit jump'íit óotsilil mina'an medio uti'al u meyaj máak sufikiente,spk_028,11_Hector_May_26
spk_028_utt_0027,pues leti le tsikbal bey p'aatal tak oora wey wey kaaj beyo pues tak oorae yoorail oorae bey leti tradikión k seguertik xan,spk_028,11_Hector_May_27
spk_028_utt_0028,yéetel le k kanmaj xan beyo  ba'ax tiempoil tu yúuchul paak'al weye weye tu tiempoil k paak'ale mesil mayo,spk_028,11_Hector_May_28
spk_028_utt_0029,tu mesil mayo yéetel junio ti u yookpaak'al k a'alik beyo tumen máan mayo junioe kex ka a pak'e ku jo'osa'al teech tumen le ch'íich'o'obo wáaj le mejen ratono'obo,spk_028,11_Hector_May_29
spk_028_utt_0030,pues ma tu p'atiko'ob ti máak letene desde mayoe táan k paak'al táan k láaj pak'ik ixi'im k'úum iis le makalo ts'íim,spk_028,11_Hector_May_30
spk_028_utt_0031,tuláakal bey le k ojel janalbe'eno le k kultivartik xan uti'al k kaxtik k vida xan,spk_028,11_Hector_May_31
spk_029_utt_0001,to'one úuch ka'ache jach jach óotsilo'on tumen in papae óotsil jump'éel k'áaxil to'one sen ya'ab k sufrir sen ya'ab mina'an k janal,spk_029,12_Lourdes_y_Marcela_Ucam_1
spk_029_utt_0002,tumen in papae mina'an ku náajaltik puro ti k'áax ku meyaj to'one puro salpikón maases k jaantik a óo óoxp'éel waaj ku ts'a'abal to'on tumen mina'an u tojol k janal,spk_029,12_Lourdes_y_Marcela_Ucam_2
spk_029_utt_0003,tumen in papae simplemente jump'éel jump'éel óotsil máak entonkes tene ba'ax o'olal ts'o'ok in beel chichanen tumen mina'an in janal ka páatchajij u ts'o'okol in beel,spk_029,12_Lourdes_y_Marcela_Ucam_3
spk_029_utt_0004,yéetel in wíicham treke años yaan ti in wíichame diekinueve años pero ka jluk'o'on taank'uche in kaajal taank'uche ka jtaalo'on wey isla arenae meyaj leti ti k'a'anab bin meyaj ti pulpo,spk_029,12_Lourdes_y_Marcela_Ucam_4
spk_029_utt_0005,entonkes leti'e kuando ku taal tu meyaje ku taasik pulpoe pues to'one le k sankochartik táanil ku ts'o'okol u p'o'obol ma'alob yéetel ta'ab ku ts'o'okole ka sankochartik tumen ba'axten yo'ol u suavetal,spk_029,12_Lourdes_y_Marcela_Ucam_5
spk_029_utt_0006,ts'o'okole ka pikartik mejen yéetel a pikartik p'aak kebolla,spk_029,12_Lourdes_y_Marcela_Ucam_6
spk_029_utt_0007,chile dulke chile xkatiik yéetel kebolla ts'o'okole ka tsajik le pulpoo ka pikartik ku ts'o'okol a tsajik leti le p'aako,spk_029,12_Lourdes_y_Marcela_Ucam_7
spk_029_utt_0008,ka ts'aik le pulpoo tumen ts'o'ok a rebanartik mejeno ka ts'aik jump'éel bolsa xa'ak'e uti'al a tsajik,spk_029,12_Lourdes_y_Marcela_Ucam_8
spk_029_utt_0009,tumen leti'e ken in ts'a tin wíichamo uti'al u ka bin meyaj ku sáastal ku ka bin pulpear ku sáastale leken in ts'a u bisej uti'al u lonch uti'al u bis u jaantej yéetel u kompañero tumen ma tu bino'ob tu juun,spk_029,12_Lourdes_y_Marcela_Ucam_9
spk_029_utt_0010,ka'atúulo'ob tu bino'ob juntúul kun ti alijoil yéetel in wíichame ti lancha ku p'áatal pues le u kompañeroo ti alijo tumen,spk_029,12_Lourdes_y_Marcela_Ucam_10
spk_029_utt_0011,ka'atúulo'obe ti ku chuuko'ob beyo ku alijoe jump'éel chan cheem tu'ux ku ts'a'abal le ba'ax ku chu'ukulo lela k'axa'an ti le noj cheemo jalk'etiko'ob u kordelo'obe ku ts'aik u karnada'ob de maxkil le pulpoo ku ch'úuyul le kun ch'úuyuke leti'obe ku kóoliko'obe ku ts'aiko'ob ichil u lanchao,spk_029,12_Lourdes_y_Marcela_Ucam_11
spk_029_utt_0012,ku ts'o'okole wa ku ts'aik ti'ob suerte ku ch'a'iko'ob tak kinkuenta kilos wáaj treinta kilos le bix kun u taasiko'obe pero diariose leti le meyaj beyo pero yéetel kun taako'obe dóon ch'uulo'ob yuum ch'uul u nóok'o'ob,spk_029,12_Lourdes_y_Marcela_Ucam_12
spk_029_utt_0013,yaan a ts'aik u ja'il u yichkíilo'ob uti'al u je'elsikuba'ob uti'al u ka bin tumen le meyajo diarios entonkes to'one k vida desde le úucho beyo entonkes aniken teen beora leti tu meyaj ka'ach k'a'anab ka'achij,spk_029,12_Lourdes_y_Marcela_Ucam_13
spk_029_utt_0014,pero mina'an modos xan beyo leti'e doble u meyaj ku bin k'a'anab de albañil ku bin k'a'anabe yaan oorae ma tu náajal kasi ti le pulpoo wáaj ti lisera,spk_029,12_Lourdes_y_Marcela_Ucam_14
spk_029_utt_0015,pues tumen lisera aparte pulpoe aparte ku bin k'a'anab te yóok'ol ja ku meyajo'obo entonkese in wíichame,spk_029,12_Lourdes_y_Marcela_Ucam_15
spk_029_utt_0016,pues jump'éel máak óotsil xan óotsil xan óotsilo'on wey islae anchaj siete in paalal,spk_029,12_Lourdes_y_Marcela_Ucam_16
spk_029_utt_0017,pues juntúul kíim te ich ja'i juntúul kíim te ich ja de diekisiete años  búulij  in hijo bin liserear tu pul u red tu pul u rede,spk_029,12_Lourdes_y_Marcela_Ucam_17
spk_029_utt_0018,ka bin jóots'e ka bin jóots u taponil le lanchao ka jóots u taponil le lanchao leti'obe tu wenelo'ob leti'obe tu wenelo'ob,spk_029,12_Lourdes_y_Marcela_Ucam_18
spk_029_utt_0019,entonkes túune ka sáasij ma tu taal in hijo ka binen in wa'al tu'ux ku meyaj ba'axten ma kuchuko'obi,spk_029,12_Lourdes_y_Marcela_Ucam_19
spk_029_utt_0020,ka tu ya'alaj leti'e le tu'ux ku meyajo ko'ox pa'atik las doke k'iin ma tu k'uchul las doke ku jóok'olo'ob kaxbil,spk_029,12_Lourdes_y_Marcela_Ucam_20
spk_029_utt_0021,ka k'uch las doke k'iin ka ka binen in wa'alej ka bin jóok le lancha kaxtiko ma kaxta'abo'obi,spk_029,12_Lourdes_y_Marcela_Ucam_21
spk_029_utt_0022,tu dos díase ka ka jóok lancha ma kaxta'abo'obi tene ka binen yiknal señor gobernador le tiempoo in k'áat jump'éel helikóptero ti'e ka jóok'ok in hijo kaxbil tumen ma kaxta'aki,spk_029,12_Lourdes_y_Marcela_Ucam_22
spk_029_utt_0023,entonkes le día jóok kaxtbilo chéen le lancha kaxta'abo leti'obe mina'ano'ob u red in hijoe chuup yéetel kasón,spk_029,12_Lourdes_y_Marcela_Ucam_23
spk_029_utt_0024,pero leti'obe mina'an mix u kuerpo ka'atúulo'ob mina'an u kuerpo'obi ma kaxta'abi tak u yoorail beora ma kaxta'aba le u yuumil le lanchao ka taal u ofrekert tene jump'éel lancha yéetel u redil,spk_029,12_Lourdes_y_Marcela_Ucam_24
spk_029_utt_0025,ka p'áatak teen komo u seguro de vida in hijo ka tin wa'alaj ti'e ma tumen kada ves nika'aj in jo'os le tak'iin banko ku k'a'ajal tene u taak'iin in hijo komo si fuera teen konik teen konik teen konik ka tin wa'alaje ma,spk_029,12_Lourdes_y_Marcela_Ucam_25
spk_029_utt_0026,ka tin káat te ti uláak u maamao  ba'ax ka wa'aliki ka tu ya'alaje  lo mismo je'ex le ba'ax ka wa'aliko ma tin bin ma tin ch'a'ik u seguro de vida in hijo jump'éel lancha tumen ken in kobrartej komo si fuera to'one ki'imak k óol kíimik túun ma,spk_029,12_Lourdes_y_Marcela_Ucam_26
spk_029_utt_0027,p'áatak beyo solamente taal tu ya'alaj jefe de peska beeta'ab jump'éel ju'un firmartik konformidad to'on yo'ol in hijo ma kaxta'abij,spk_029,12_Lourdes_y_Marcela_Ucam_27
spk_029_utt_0028,tak bejla ma kaxta'ab u kuerpo in hijoe ka jo'op teen k'oja'anil jo'op teen k'oja'anil,spk_029,12_Lourdes_y_Marcela_Ucam_28
spk_029_utt_0029,ka tu ya'alaj doktore  doña lourdes teche chéen ta máan kun kíimikech tumen a korasóne ts'o'okij ts'o'ok inflamado chuup,spk_029,12_Lourdes_y_Marcela_Ucam_29
spk_029_utt_0030,pero komo grakias ti jajal diose dios tu ts'akene ka ka binen tuláak'e ka tu ya'alaj le doktoro  doña wera ba'ax úuch teech a korasóne sano  solamente le yaan ka'ano leti ts'aken,spk_029,12_Lourdes_y_Marcela_Ucam_30
spk_029_utt_0031,ken ti'e leti'e ti le doktoro entonkes túune ka p'áat u vida jump'éel in hijo tin perdertaj yo'ol k'a'anab entonkes in vida tene,spk_029,12_Lourdes_y_Marcela_Ucam_31
spk_029_utt_0032,leti le ts'in wa'alik te'exo jump'éel tristesa ti in hijo aj pues teen xane teen xane bey bey xano to'on xane jach óotsilo'on xan ka ts'o'ok in beele jump'éel máak sen óotsil entonkes komo in paapa ts'u taal meyaj weye ka,spk_029,12_Lourdes_y_Marcela_Ucam_32
spk_029_utt_0033,jtaalo'on tu paach yéetel kuatro in mejen paalal entonkes in wíichame ka jo'op xan u bin liserear ku bin lisereare ku taasik kasón,spk_029,12_Lourdes_y_Marcela_Ucam_33
spk_029_utt_0034,sierra mejen kay to'one ki'imak k óole kin ch'a'ike kin jo'ochik le mejen kayo kin tsajike uti'al in tséentik in mejen paalal,spk_029,12_Lourdes_y_Marcela_Ucam_34
spk_029_utt_0035,wa ma'e ka ka'ansa'ab ti'e bix ken u chukik kamaron ku bin u chuk le mejen kamarono ku taasike to'one yaan k lúuk'sik u mejen sóol ts'o'ok u lúuk'sik u mejen sóole,spk_029,12_Lourdes_y_Marcela_Ucam_35
spk_029_utt_0036,ts'o'okole k chan konik yaan oorae chéen kuarto kilo medio barato le tiempo je'elo chan dos kinkuenta kentavos pero to'one ki'imak k óol beyo tin tséentik in mejen paalal,spk_029,12_Lourdes_y_Marcela_Ucam_36
spk_029_utt_0037,tia'an lelo ka jo'op u k'oja'antal in wíicham ma tu yutstal u meyaj ka a'ala'ab ti tumen doktore tumen bin jach ya'ab u bin k'a'anab,spk_029,12_Lourdes_y_Marcela_Ucam_37
spk_029_utt_0038,je'elo to'one ka jo'op k bin túun k kaxtej maxkil yéetel in kiiko k bin chukej le karnadao k konik ti le jchujkayo'obo le chukpulpo'obo,spk_029,12_Lourdes_y_Marcela_Ucam_38
spk_029_utt_0039,puro le k chan beetik to'on beyo k chan bisa'al k k'ubentikkbáaj tu paach le ku bino'ob beyo k chan bin k bisa'al bey chan chuuko táan k máan ich luuk k máan bey,spk_029,12_Lourdes_y_Marcela_Ucam_39
spk_029_utt_0040,k kaxtik le maxkilo k jupik k k'ab bey ich le luuk'a k jo'osik le karnada uti'al k chan kono bey tin nojochkíintil in paalalo'obo pues beora xana ts'o'ok u láaj ts'o'okol u beelo'ob chéen jump'éel xch'úupal p'áatal teen,spk_029,12_Lourdes_y_Marcela_Ucam_40
spk_029_utt_0041,chan p'áatal teen xan beyxano pues tene pues beora bey uti'al le tiempoil le pulpoa pues tene kin taal in wáantej tumen leti xane ku chan síik xan teen algo xan uti'al in jaant xane yéetel in wíicham xan,spk_029,12_Lourdes_y_Marcela_Ucam_41
spk_029_utt_0042,chéen bey k kuxtal to'ono chéen bey k kuxtalo ku chan síibil to'on kasone to'one k chan máak'antik k jaantej k chan tsajik yéetel p'aak,spk_029,12_Lourdes_y_Marcela_Ucam_42
spk_029_utt_0043,kebolla wa ma'e k chan k'utik u yiikal k k'utik le iiko le xya'ax iik ku ya'ala'alo k chan k'utike pikartik kebolla ichil k xo'oxo'otik le kebollao ku ts'o'okole k chan ts'ik yóok'ol wa ma'e k,spk_029,12_Lourdes_y_Marcela_Ucam_43
spk_029_utt_0044,ya'ach'tik le kasóno k ya'ach'tik beyo k xotik le ku ya'ala'al kebollina,spk_029,12_Lourdes_y_Marcela_Ucam_44
spk_029_utt_0045,k xotik beyo k yets'ik pak'áali le k jaantik k chan jaantik beyo tumen maas menos prekio mina'an k manik le p'aako,spk_029,12_Lourdes_y_Marcela_Ucam_45
spk_029_utt_0046,pues mina'an k manik kebolla u baratoil k kaxtik to'one pues k chan ya'ach'tik beyo wa ma'e le kayo k póokik póokbil kay,spk_029,12_Lourdes_y_Marcela_Ucam_46
spk_029_utt_0047,ku síibil to'on le kayo ku k'uch le chujkayo'obo k jóok'ol k máatej tumen weye ku síibil uti'al a jaantej ku síibil teech ya ke to'one k máatike pues k póokik,spk_029,12_Lourdes_y_Marcela_Ucam_47
spk_029_utt_0048,ts'o'okole k chan yets'ik limón yóok'ol le k chan jaantik bey yéetel k paalalo bey túuna je'ex le sierrao k,spk_029,12_Lourdes_y_Marcela_Ucam_48
spk_029_utt_0049,chan beetik u chan postaile pues k chan tsajik k jaantej pues bey anilo'on tak bele beya ku chan taal le peskadoro'obo k chan jóok'ol k máatej le kayo k jóok'ol k máat jump'éel pulpo,spk_029,12_Lourdes_y_Marcela_Ucam_49
spk_029_utt_0050,jaaj ku sibil to'on jump'éel pulpo le buena gentee ku ch'a'ik jump'éel chan nojoche,spk_029,12_Lourdes_y_Marcela_Ucam_50
spk_029_utt_0051,ku chan síik to'on beyo pues maas chan yaan u tojol k chan konik tak veintikinko pesose,spk_029,12_Lourdes_y_Marcela_Ucam_51
spk_029_utt_0052,sen ki'imak k óol táan k bey k taal yéetel u tojolo wa ma'e ku chan taal le je'ex le in sobrino joko ku chan taasik to'on le pulpoo,spk_029,12_Lourdes_y_Marcela_Ucam_52
spk_029_utt_0053,to'one k chan tsajik k jaant yéetel in kiika táan k chan jaantik yaan oora u salpikonil tumen maas barato yo'olal ma k sen xupik taak'in,spk_029,12_Lourdes_y_Marcela_Ucam_53
spk_029_utt_0054,chan pikartik ka'ap'éel p'aak jump'íit kebolla jump'íit kilantro ya ke k chan máak'antik jaantej bey u che'echaakil le mejen kayo k beetik u kaldo le kayo k chan uk'ik u kaldo,spk_029,12_Lourdes_y_Marcela_Ucam_54
spk_029_utt_0055,le k chan beetik bey bey k chan k jaant beyo to'one komo óotsilo'one mina'an mix k lancha mina'an ya ke lete k chan máatik beyo le k chan jaantik xan,spk_029,12_Lourdes_y_Marcela_Ucam_55
spk_029_utt_0056,ya ke bey ku ts'o'okol le k vida beya ts'o'okij mina'an maas k a'alej,spk_029,12_Lourdes_y_Marcela_Ucam_56
spk_030_utt_0001,bueno tin jovenil úuche jmáanen yaan míin kex siete años táan in máan wáaj ocho años jump'éel ba'al beyo tu'ux túun sen máanech beyo,spk_030,13_Venustiano_Puc_1
spk_030_utt_0002,binen jo te'elo te yucatano binen binen cancún binen chetumal,spk_030,13_Venustiano_Puc_2
spk_030_utt_0003,escárcega setenta y uno nicolás bravo kilometro cuarenta y dos ich,spk_030,13_Venustiano_Puc_3
spk_030_utt_0004,eek poste tumen úuch ka'ache bey in máan náajalo aaj chan náachchajech túun jaaj bey in náajalo yaan oorae mina'an to'on ixi'im beyo pues kin bin in náajalt le ixi'imo kin bin,spk_030,13_Venustiano_Puc_4
spk_030_utt_0005,pues le tiempo táan in máan xan ka'acho tin jovenil bey tin jovenil yaanikeno pues chéen bey in máano beetik tres cuatro años cuatro mesestak kin ka suut kin ka bin,spk_030,13_Venustiano_Puc_5
spk_030_utt_0006,entonces ku ya'alik túun teen in papaje le ba'al ka beetika xi'ipal ma paatali ka'akate ka kíinsa'al tu'ux ka máane to'one ma k ojel tu'ux ka máani,spk_030,13_Venustiano_Puc_6
spk_030_utt_0007,entonces bey u ya'alik teen pero tene kin taale kin ka bin kin ka bin ma ma tin wu'uyik ba'ax ku ya'alik teen tene ma tin creertik ba'ax ku ya'alik teen beyo kin ka bin tu ka'atéen,spk_030,13_Venustiano_Puc_7
spk_030_utt_0008,buka'aj máan tin beetaj náak túun in wóol máan beyo listo ka jsuunajen weye ka jo'op in meyaj in meyaj in meyaj in meyaj,spk_030,13_Venustiano_Puc_8
spk_030_utt_0009,pues ti lelo ka jts'o'ok in beel y todavía ts'o'ok u ts'o'okol in beele tene ma contentoeni tene uts tin wich le te kaajo,spk_030,13_Venustiano_Puc_9
spk_030_utt_0010,pero ba'an in familiae ma tu yóotik bin kin wa'alik ti'e ba'ax k kaxtik weye weye mix meyaj mixba'al yaan mixtu'ux a náajal maas ko'ox te kaajo ka kajlako'on tolo kaxt jump'éel terreno k manej,spk_030,13_Venustiano_Puc_10
spk_030_utt_0011,ku ya'alik tene' ma wa ja bin teche xeen pero tene ma táan in bin ma tu yóotaji ka binen cancún u ts'ookolo ts'oka'an ts'o'ok u ts'o'okol in beel túun ka jbinen cancún,spk_030,13_Venustiano_Puc_11
spk_030_utt_0012,cancúne tin beetaj míin seis meses tia'aneni oorajeako yaan juntúul in hijo míin cuatro meses yaan ti juntúul xi'ipal chichan in hijo ka jbinen le ka jtúuxta'ab teen t'aane le chan xi'ipalo k'oja'an,spk_030,13_Venustiano_Puc_12
spk_030_utt_0013,je túun kin taalo ts'o'okole le taak'ino ma tu juntar bey ti ka ganartik ti ka xupiki aja táan k bo'otik janal táan k bo'otik tuláakal pues tu'un kun taal,spk_030,13_Venustiano_Puc_13
spk_030_utt_0014,pues ka jtaalen kin taale ku ya'alik tene le chaambalo k'oja'an ba'an ken k beetej pues yaan k bisik tu yiknal doctor ka t bisaj yiknal doctor ba'ax añoil túun le je'elo nojoch k'a'aja'an teech,spk_030,13_Venustiano_Puc_14
spk_030_utt_0015,mil novecientos jaan mil novecientos setenta mil novecientos setenta jach dos jach míin cuatro meses ti in hijoo te kin wa'alik teech tia'an yucatán xano tia'an te mamita,spk_030,13_Venustiano_Puc_15
spk_030_utt_0016,ja'alibe ka t bisaj ts'akbil ka jts'a'ak tu ka'atéen listo pues tene beyo ba'an ken in beet weye mina'an mixba'al mixtu'ux a náajal chéen chan ts'oon kin máan in beetej chan ts'oon,spk_030,13_Venustiano_Puc_16
spk_030_utt_0017,pues bey in kaxtik in kuxtal yéetel in familiao ti lelo ka jo'op in wa'alik ti túune como k tséentaj k'éek'eno'obe chan nuuktako'ob beya kin wa'alik ti'e,spk_030,13_Venustiano_Puc_17
spk_030_utt_0018,ko'ox manik le kaabo tene jin meyajtik le kaabo je'elo konej tin konaj túun le kaabo,spk_030,13_Venustiano_Puc_18
spk_030_utt_0019,ka tin kon le kaabo ka jo'op k meyaj túun bey yéetel le kaabo ku yaantal le kaabo pues k konik yaan to'on jump'íit taak'ine,spk_030,13_Venustiano_Puc_19
spk_030_utt_0020,pues tu yaantal le kaab beyo táan in manik túun jump'íit alambre juntartik alambre juntartik alambre chéen ka t ile ts'o'ok u ya'abtal teen alambre,spk_030,13_Venustiano_Puc_20
spk_030_utt_0021,kin wa'alik ti'e bejla'e sí in ka'aj in pak le su'uko ka jo'op in pak'ik su'uk ti lelo ka jts'o'ok in pak'ik su'uko'ob beyo ka jo'op in ch'akposte túun uti'al in k'alik in terreno,spk_030,13_Venustiano_Puc_21
spk_030_utt_0022,ti lelo ts'u listotal in terreno ts'o'ok tuláakale ka tin wile sí ko'ox k'áat jump'éel crédito uti'al k meyaj ka jts'a'ab túun to'on jump'éel crédito,spk_030,13_Venustiano_Puc_22
spk_030_utt_0023,oorajeako le crédito jts'a'ab to'ono buka'aj míin cinco mil uti'al ka'atúul mejen wakax tak u gasile jach ka'atúul tin manaj ka'atúul ka,spk_030,13_Venustiano_Puc_23
spk_030_utt_0024,jo'op in meyaj in meyaj pues ti le je'elo ka jo'op u seguir túune bey yaaniko'ono kex mina'an to'one ma táan k konik kex mina'an to'one ma táan k konik ma táan k konik,spk_030,13_Venustiano_Puc_24
spk_030_utt_0025,ti lelo ka tu chukaj túun seis tia'ani tia'ani tu chukaj diez aaj ti lelo ka tu chukaj teen veinte treinta wakax,spk_030,13_Venustiano_Puc_25
spk_030_utt_0026,ka tin man in chan camionetao listo ts'o'ok túun pero ba'an in paalale bino'obij aan in paalalo'obe ts'o'okij jóok'o'ob bej bino'ob bey leti'ob pues,spk_030,13_Venustiano_Puc_26
spk_030_utt_0027,kin wa'alik xane ma'alob bey biniko'obo tumen wa ka p'áatako'ob weye míin bejla maas chan jodido yaaniko'ob xane en cambio jóok'iko'ob beyo pues ma'alob yaaniko'ob tu meyajo'ob ma'alob lugar tu'ux ku meyajo'ob,spk_030,13_Venustiano_Puc_27
spk_030_utt_0028,pues tene ka tu p'ateno'ob weye y todavía kex xan beyo pues láayli ku ts'aiko'ob teen taak'in kex bey u yojelo'ob yaan teen jump'íito ku ts'aiko'ob teen xan le taak'ino ku taalo'ob chan xíimbal ku taal u xíimbalteno'ob xan,spk_030,13_Venustiano_Puc_28
spk_030_utt_0029,je'elo ka tin man in chan camionetao listo ka jo'op in meyaj in meyaj bejla'e ma'atech in jóok'ol mixtu'ux kin jóok'ol ku t'anikeno'ob yaan oora táan in bin cancún,spk_030,13_Venustiano_Puc_29
spk_030_utt_0030,kin bin bin in jáan xíimbalto'ob lugar u taalo'obe ku t'anikeno'obe ka xi'iken tumen leti'obe mina'an tiempo u taalo'ob weye pues kin bin tu yiknalo'ob pues ti le año túun je'ela,spk_030,13_Venustiano_Puc_30
spk_030_utt_0031,tres años tres años mala tu ts'aj to'on pero ba'alo jach óolak xu'uluk le wakaxo,spk_030,13_Venustiano_Puc_31
spk_030_utt_0032,le tiempo je'elo le ka registrarta'ab le wakax míin mil novecientos mil novecientos o sea dos mil ocho ka registrarta'ab le wakaxo,spk_030,13_Venustiano_Puc_32
spk_030_utt_0033,yaan tres mil cabezas wakax ti tuláakal máak wey kaaje wey kaaje maas ti tres mil quinientos,spk_030,13_Venustiano_Puc_33
spk_030_utt_0034,ti tuláakal beyo wakaxe yaan beora wa ka beeta'ak jump'éel censo ti le ganadero ti wakaxo,spk_030,13_Venustiano_Puc_34
spk_030_utt_0035,míin jach cuarta parte wale yaan p'áat chéen cuatro ti yaan óoxtúul ti pero si tu'un kun ch'a'abil,spk_030,13_Venustiano_Puc_35
spk_030_utt_0036,ta konike ta bisik ja y ti ka gastosi ti tuláakale tu'un kun taal aja pues mayormente bey yaaniko'ono je a konike ta bo'oltik u bisa'al ja,spk_030,13_Venustiano_Puc_36
spk_030_utt_0037,yaane pues jach flete ku bo'otik tene como chan yaan in chan camione pues chéen le gasolinao pero sin embargo láayli xan k'abéet teen le taak'in uti'al in maniko letene kin konik,spk_030,13_Venustiano_Puc_37
spk_030_utt_0038,pues tres años malas tu beetaj to'on pues beoraa todavía beoraa ma u láaj ch'a to'on ja'il le jaltun yu'ubo'ob,spk_030,13_Venustiano_Puc_38
spk_030_utt_0039,beoraa míin chúumuk gente yaan ja ti u wakax chúumuk mina'ani lela beora je'ex anika wa ma tu séeb ts'aik ja'a jach te agosto je'ela ts'u ka káajal u bisa'al ja tu ka'atéen,spk_030,13_Venustiano_Puc_39
spk_030_utt_0040,káan jo'opok u ka káajal u bisa'al ja tu ka'atéene tu'un kun ch'a'abil taak'in je'ex aniko'on beoraa tu'un kan a ch'a'jij le ka konik yaan a konike ka páajtak u bisa'ale,spk_030,13_Venustiano_Puc_40
spk_030_utt_0041,pues beoraa ma'alob yaaniko'on tumen yaan jump'íit le ja'o mina'an jach gasto,spk_030,13_Venustiano_Puc_41
spk_030_utt_0042,mina'an to'on jach gasto beoraa yéetel ja chéen jump'éeli gasto u taanaj máak jach táaj ku,spk_030,13_Venustiano_Puc_42
spk_030_utt_0043,yáantiko'on le ja beoraa ma'alob pero wa ka seguirnak pero wa ma tu seguir xane ts'oka'an u fregartiko'on tu ka'atéen táan k pa'atik u yáantiko'on tu ka'atéene,spk_030,13_Venustiano_Puc_43
spk_030_utt_0044,uláak bisaj ja pues je'ex in wa'alik teecho le gobierno ma'alob tu yáanto'on xan wa ma úuch ku yáantiko'on seis meses tu túuxtaj to'on le pipao seis meses tu ts'aj to'on beyo uti'al u bisa'al le ja'o,spk_030,13_Venustiano_Puc_44
spk_030_utt_0045,claro que ma gratis xani k bo'otik cinco pesos tambor tumen le kan xu'upuk le dieselo ku ka ma'anal uláak ku xu'upul le dieselo ku ka ma'anal uláak,spk_030,13_Venustiano_Puc_45
spk_030_utt_0046,letene pues táaj ya'ab tu yáantilen wa ma'e jach bejla ts'u xu'ule bejla'e yaan máak jach ts'u xu'ul le wakaxo pero chéen flete tak doscientos trescientos pesos ka bo'otik cada ocho días cada quince días,spk_030,13_Venustiano_Puc_46
spk_030_utt_0047,tu'un kan a ch'a'ej le flete beyo uti'al u bisa'al ajan le flete uti'al ajan ta bo'otik u flete le máako u bis teech le ja uti'al le wakaxo lelo tres días tu yuk'ik le wakaxo ta ka bisik uláak,spk_030,13_Venustiano_Puc_47
spk_030_utt_0048,aja jump'éel semanae ku jóok'ol teech yaan oorae seiscientos pues chéen u yuk'ul ja a wakax,spk_030,13_Venustiano_Puc_48
spk_030_utt_0049,aja ya que u mese buka'aj ka bo'otik ti túun ken a ch'a'ej táan a gastos teech táan a man ixi'im táan a manik tuláakale,spk_030,13_Venustiano_Puc_49
spk_030_utt_0050,porque le cosecha ti máanika ma ti tuláakal yaanchaji tak le cosecha ts'o'ok tres años beora úuchik u chan yaantal te añoa,spk_030,13_Venustiano_Puc_50
spk_030_utt_0051,cada añoe jach mina'an ka pak'ik pero ma tu yaantal jach ti año je todavía chan lograrta'ab cosecha le máax tu chan beet jump'íite y le tu'ux máan le ja xano yaanchajij le tu'ux ma'e ma,spk_030,13_Venustiano_Puc_51
spk_030_utt_0052,ba'ax ku yúuchul túun ti ku tijil pues ku tijil kan tijik le nalo ku kíimil bey mina'an le ja'o aja bey mina'an le ja'o ku tijile ku kíimil ts'o'ok beyo,spk_030,13_Venustiano_Puc_52
spk_030_utt_0053,ajan ts'oka'an beyo ma tu yaantal je'eba'alak ka a meyajte desde mina'an ja'e ma tu yaantal le ba'ax ken a meyajte ba'axten ka tuklik mina'an ja beya nojoch máak je'ex ka'ach úuche je'ex bejla je'ex aniko'ona,spk_030,13_Venustiano_Puc_53
spk_030_utt_0054,leti yaan oora kin wa'aliko úuch ka'ache tia'an k kool yéetel animáas in papaje tumen túun in papaje ts'u kíimilo'ob oorae ts'u kíimil in paapa oorae chéen in maama p'áat teen in mamae yaan kex,spk_030,13_Venustiano_Puc_54
spk_030_utt_0055,ciento dos años yaan ti in mama kuxa'an xan tak bejla'e tak bejla'e kuxa'an kuxa'an leti ciento dos años yaan ti,spk_030,13_Venustiano_Puc_55
spk_030_utt_0056,kuxa'an ku chan máan ba'axe ma'atech u jóok'ole sí chéen tu chan taanaj bey ku máana ti ku chan máani k k'axmaj ba'ax ti bey tu'ux ku chan máan bey tu taanaj,spk_030,13_Venustiano_Puc_56
spk_030_utt_0057,ahora in papaje úuch kíimik úuch kíimik in papaj je'elo le tiempo ka'ach táan k beetik ku beetiko'ob le kool te xsoltun táan k bisa'alo tu'uxi desde te xsoltun,spk_030,13_Venustiano_Puc_57
spk_030_utt_0058,soltun tsoltune ti ku beetiko'ob le koolo ti k bini ti k bin te xsoltuno ku beetik tak yaan oora tak doscientos trescientos mecates kool,spk_030,13_Venustiano_Puc_58
spk_030_utt_0059,pues ku yaantal desde káan pak'alnak junioe ja julioe ja tuláakal le meso'obo ja bejla'e ku ya'ala'ale desde úuche desde tres de mayoe yáax ja,spk_030,13_Venustiano_Puc_59
spk_030_utt_0060,quince de mayoe ja veinte de mayoe ja trece de junioe ja,spk_030,13_Venustiano_Puc_60
spk_030_utt_0061,veinticuatro ti junioe ja tuláakal le meso'ob je ts'a'an úuch ka'acho bejla'e ma tu béeytal,spk_030,13_Venustiano_Puc_61
spk_030_utt_0062,yaan oorae ka wa'alike dios mío ti lela yaan u k'áaxal le ja'o si día quince bejla'e deber u k'áaxal,spk_030,13_Venustiano_Puc_62
spk_030_utt_0063,ku máan día quincee mixba'al ku máan trece ku máan veinticuatro ku máan dos ma tu k'áaxal ba'axten túun ta t'aan pues kensab ba'ax ku yúuchul beyo kensab ba'ax ku yúuchul pues,spk_030,13_Venustiano_Puc_63
spk_030_utt_0064,kensab ba'axi ts'o'ok u cambiar wal de por si le naturalezao ba'axten ku ya'aliko'ob bejla'e tak le aseguradora beora ku meyajta'ala ku ya'aliko'obe,spk_030,13_Venustiano_Puc_64
spk_030_utt_0065,wa ka wokol ti le aseguradorao hasta u k'uchul le fechao ka pak'al tumen le pak'al bin bejla'a debe ser agosto,spk_030,13_Venustiano_Puc_65
spk_030_utt_0066,agosto bin ka pak'alnakech beyo yaan bin u yaantal le cosechao ma je'ex ka pak'al ka'ach junioe bejla bine hasta agosto,spk_030,13_Venustiano_Puc_66
spk_030_utt_0067,y leti'obe hasta u ya'aliko'ob teche ka pak'al wa ma'e ma ta pak'al aaj le aseguradorao jaaj le aseguradorao,spk_030,13_Venustiano_Puc_67
spk_030_utt_0068,pero tene ma ma xan okeni kin wa'alike ma'a wa tu k'áaxal ja'e tene tin pak'al y le ba'ax ken in beet xane ma tu yutstal u ya'alik tene wa ma beetik ba'ax uti'al túun le seguradora beyo,spk_030,13_Venustiano_Puc_68
spk_030_utt_0069,le aseguradorao tu asegurar teech le cosechao wa en caso perderchaje,spk_030,13_Venustiano_Puc_69
spk_030_utt_0070,ku bo'otik teech le perdidao pero wa en caso yaanchajij le cosechao teech yaan a bo'otik tuláakal xan le a ch'a'amajo,spk_030,13_Venustiano_Puc_70
spk_030_utt_0071,pues le aseguradorao ju ts'aik teech diez mil pesos u tojol ba'al listo jayp'éel hectarea yaan teech yaan de cuatro hectáreas tumen teche k'abéet teech diez mil pesos,spk_030,13_Venustiano_Puc_71
spk_030_utt_0072,ku ts'a'abal teech fertilizante ku ts'a'abal teech semilla ku ts'a'abal teech tuláakal liquido a rociartej lelo ka a p'axabáaj wa ma yaanchajije,spk_030,13_Venustiano_Puc_72
spk_030_utt_0073,ajan ojalá ku reconocert teech porque to'one ya'ab ku yúuchul to'on beya yaan oorae ku ya'alik le aseguradora yaan u bo'otik le seguro le koolo'obo ti k máan tu paache káan u bo'ot to'on yaan oorae ku bo'otik to'on apenas setecientos por hectárea,spk_030,13_Venustiano_Puc_73
spk_030_utt_0074,y kun le inversión ka beetiko mejore kin wa'alike ba'an uti'al aseguradora p'atako'on je'ex aniko,spk_030,13_Venustiano_Puc_74
spk_030_utt_0075,je'ex aniko'ona tumen lelo mina'an teech compromiso yéetel mixmáak jaaj beyo ta meyajte wa yaanchajije a ti'al wa ma'e ja'alibe mina'an mixmáak a tukult wa a p'axmaj pero wa ka p'axikabae maas trabajo ka p'axikabáaj,spk_030,13_Venustiano_Puc_75
spk_030_utt_0076,tene puro bey in meyajo teen chéen tin chan juun kin meyaj beorae beytak in nala 134 aan ts'u chan nuuktal ts'o'okij ts'o'okij ts'u nuuktal in nal beorae ba'ax túun ken a tsikbalt ti to'on nojoch máak jump'éel chan ba'al k'aja'an teech jump'éel ba'al,spk_030,13_Venustiano_Puc_76
spk_030_utt_0077,tsikbalta'an teech wáaj úucha'an xan ti teech bueno ka in tsikbalt teech u tsikbaltmaj to'on animáas in maamae úuchij bueno in mamaj úuche le esclavitud ku ya'aliko tumen lelo u tsikbaltmaj to'on,spk_030,13_Venustiano_Puc_77
spk_030_utt_0078,ku ya'alik in maamae' ku hijo ku ya'alike te'exe ma a wilmaje'ex óotsilili ku ya'alik le a suku'uno'obo sí u yilmajo'ob óotsilil le chicleo chéen ch'akya ku beetik a papaje'ex,spk_030,13_Venustiano_Puc_78
spk_030_utt_0079,y te'exe te'exe ma a wilmaje'exi mix ixi'im yaan to'on mixba'al yaan to'on a papaje bija'an ch'akya káan túuxta'ak le ixi'im ti le máako ku ya'alik ku chan t'ajik beya aaj,spk_030,13_Venustiano_Puc_79
spk_030_utt_0080,a mejen cuartillo beya ku taasa'al túun le kéen taasa'ak to'one k xa'ak'tik yéetel u moots papaya u yich óox uti'al u chan ya'abtal wa ma'e makal u moots papaya yéetel ba'ax,spk_030,13_Venustiano_Puc_80
spk_030_utt_0081,papaya yéetel le ixi'imo ku cha'akal le k'u'um beya ku ts'a'abal bin le papaya ichilo le u moots le papayao jaaj le u moots le papayao yo'olal u ya'abtal le ixi'imo yo'olal u ya'abtal le juuch kan ju'uch'uko,spk_030,13_Venustiano_Puc_81
spk_030_utt_0082,leti le kun pak'achbil túuno le ku jaanta'al wa ma'e makal ku páana'al le makal beya ku cha'akale ku ts'a'abal te ich juuch'o ku xa'ak'ta'al ti le ku jaanta'al bino,spk_030,13_Venustiano_Puc_82
spk_030_utt_0083,ku ya'alike si mina'an tu'un kun antal mina'an le ixi'imo jach óotsilil xan le tu beetaj bin le tiempo je'elo ba'ax añoil túun le je'elo nojoch máak ma k'aja'an teechlelo ma k'aja'an teni lelo antes k yaantal wal to'one ba'axten ku ya'alik,spk_030,13_Venustiano_Puc_83
spk_030_utt_0084,te'exe ma a wilmaje'exi ki debe ser to'one ma k ilmaj xani pero lo'ob in suku'un ku ya'aliko'ob jach paal bin in suku'uno ba'alo ku p'uchik bin tumen bin ma tu jaantik leti le harina bin,spk_030,13_Venustiano_Puc_84
spk_030_utt_0085,ta cha'achik bin le harinao ma bin tu bin le túun in suku'un alej in suku'un alej yaan beorae yaan setenta años ti ku bo'ota'al leten kin wa'alik teche to'one antes k yaantal to'on leten ku ya'alik to'on te'exe ma a wilmaje'ex óotsilili,spk_030,13_Venustiano_Puc_85
spk_030_utt_0086,ku p'u'up'u'uchik bin te yóok le banqueta beyo tumen ma tu yutstal u jaantik ba'ax túun ku p'uchik beyo le waajo bey xa'ak'a'an yéetel harinao ma tu jáach'al ajan leti le ku jaanta'al úucho ku ya'alike tu'un kun ch'a'abil ixi'im mina'an,spk_030,13_Venustiano_Puc_86
spk_030_utt_0087,pues ku ya'alike ku bin despuése ka jsuunajij ka jo'op u chan meentik u chan kool ka tuláakal,spk_030,13_Venustiano_Puc_87
spk_030_utt_0088,pues bey leti'obo leti le a suku'un beyo jaaj in suku'uno'obo mejeno'ob mejeno'ob aja pero todavía le maas úuch túun maas úuch ku ya'alik leti tu paalil xano,spk_030,13_Venustiano_Puc_88
spk_030_utt_0089,antes túun u yaantal bin yéetel le in animáas in papajilo yaan jump'éel máak ku ya'aliko'ob túun salvadoril wey ku máan bine u k'aaba túun lelo u k'aaba bin le máako salvador jump'éel nuxib máak ka'anal bin beya,spk_030,13_Venustiano_Puc_89
spk_030_utt_0090,tia'an te xka'anal kool xka'anal koole ti kaja'ani tu'ux le xka'anal koolo jump'éel kaaj ka'anal koolo jump'éel rancho tu formart le máako jump'éel rancho tu formart le máako chéen k'áax chéen k'áax ku ya'aliko'ob le formart le rancho le máako,spk_030,13_Venustiano_Puc_90
spk_030_utt_0091,le káan taak bin yéetel u tsíimine tuláakal ku ta'akikubáaj le ken u mache ku bisik uti'al u palitsilil aja le ken u k'usech palitsileche ku k'ubik bin teech je'ela a watan listo,spk_030,13_Venustiano_Puc_91
spk_030_utt_0092,chéen bey u máan u kaxto tak kaampechil ku bin le máako las cinco de la mañana bin tu máan weye,spk_030,13_Venustiano_Puc_92
spk_030_utt_0093,máax túun ku bisik nukuch máak wáaj puro paalal puro paalal ku machik tak nukuch máak bey nojoch le nuxib tsíimin bin yaan ti beya ken u machech bin kéen máanak bine chéen u machikeche,spk_030,13_Venustiano_Puc_93
spk_030_utt_0094,pues tuláakal sajak bin le tiempo je'elo ma bin tu jóok'ol le káan ojéela'ak tal oora bin u máane,spk_030,13_Venustiano_Puc_94
spk_030_utt_0095,ma tu jóok'ol bin mixmáak tuláakal u k'almubáaj tu'ux túun u taal le máak ku ya'ala'alo pues le máak je'elo kensab tu'ux u taal chéen ti jkajlaj te xka'anal kool ku ya'aliko'obo leti káajs bey le xka'anal koolo leti káajs le xka'anal koolo leti káajs le xka'anal koolo,spk_030,13_Venustiano_Puc_95
spk_030_utt_0096,yaan juntúul nojoch máak túun ku ya'aliko'ob u don miroil kio ti'e don bixij don miro jump'éel nojoch máak xan yaan maas ti cien años xan,spk_030,13_Venustiano_Puc_96
spk_030_utt_0097,ku ya'alike tene paale'ex tene ma j oken ti esclavitudi ki salvadore káan máanake tene wey yaanene ki,spk_030,13_Venustiano_Puc_97
spk_030_utt_0098,miiro ku ya'ala'al bin ti tumen salvador aaj in machm in ts'oon ku taale kin ts'onik ku ya'alik tene ma sajaken ti'i ki bin ku beetik,spk_030,13_Venustiano_Puc_98
spk_030_utt_0099,k'ajóola'an beyo jaaj uti'al u suut bine las cinco de la tarde tu ka'atéeno te jool iglesia tu'ux yaan le iglesia bin beora te ku k'axik le tsíimin bino,spk_030,13_Venustiano_Puc_99
spk_030_utt_0100,nukuch bolsasil taak'in bin yaan ti le tsíimin bin yóok'ol le tsíimin beyo ka'atséelal bino le salvadoro le salvadoro tu'ux túun ku ch'a'ik le taak'in beyo kensab tu'ux ku ch'a'ik le taak'in le máako okolbil u beetik beyo okolbil u beetik wale,spk_030,13_Venustiano_Puc_100
spk_030_utt_0101,mmm tuláakal le gente beyo si ma'atech u meyajo chéen bey kuxliko'obo puro meyaj puro meyaj yaan jump'éel trapich beeta'an beyo te xka'anal koolo nojoch,spk_030,13_Venustiano_Puc_101
spk_030_utt_0102,jump'éel ba'ax jump'éel trapich tu'ux ku ju'uch'ul caña tu'ux ku beeta'al le azúcar beyo ju'uch le cañao ku beeta'al,spk_030,13_Venustiano_Puc_102
spk_030_utt_0103,lelo ku ya'alik túun in animáas bueno ku ya'alik túun in maamae tene jach míin kex catorce años yaan teen le tiempo je'elo ku ya'alik k jóok'ol,spk_030,13_Venustiano_Puc_103
spk_030_utt_0104,le kan u yooratubae ku ya'alik animáas in maamaile okene'ex hija okene'ex ta'ayt u taal le máako ki ka wu'uyik u yawat bin u tsíimin te'ela,spk_030,13_Venustiano_Puc_104
spk_030_utt_0105,te ku máan bin tak xtáan jaats tu'ux ku ya'aliko'obe ku bin jáala xtáan jaats jaaj xtáan jaats ba'ax lelo min wojel tu'ux yaan le kaaj je'elo,spk_030,13_Venustiano_Puc_105
spk_030_utt_0106,jump'éel kaaj ku ya'aliko'ob u xtáan jaats'il te bandaa tak bejla yaan le kaajo tak bejla yaan le kaajo tak bejla yaan le kaaj ku ya'aliko'ob u xtáan jaats xtáan wo'onal bix u ya'aliko'ob ti ku jóok'ol tak kaampech bin ku jóok'ol tak kaampech beyo,spk_030,13_Venustiano_Puc_106
spk_030_utt_0107,ku bin je'elo ti bin ku máan le máako le máak je'elo,spk_030,13_Venustiano_Puc_107
spk_030_utt_0108,ka jkíinsa'ab bine yaan jump'éel nuxib ba'al tu t'óon beya,spk_030,13_Venustiano_Puc_108
spk_030_utt_0109,ma tu k'a'ajal teen tu'ux ku ya'alik in maama ku ya'aliko'obe ma bin yutsil máak ku ya'aliko'obi óol k'aasil ba'al bin le máak je'elo ku ya'aliko'obe yaan u monumento tu'ub teen tu'ux lugaril ku ya'alik animáas in maamailo,spk_030,13_Venustiano_Puc_109
spk_030_utt_0110,tumen leti'obe como maas úuchil u yojelo'ob tu'ux kíinsa'ab bin le máako wey jkíinsa'ab te kaaja ma ma jkíim weye paach kaampech paachil ti kaampech náach míin ok uti'al méxico ka jkíinsa'abij,spk_030,13_Venustiano_Puc_110
spk_030_utt_0111,jaaj leti le úuch u ganarta'al p'áat le libertad túuno wa ma'e puro jaats puro jaats bin ku ts'a'abal teech,spk_030,13_Venustiano_Puc_111
spk_030_utt_0112,aja y todavía bin tak ts'o'ok u kíinsa'ale le esclavitudo todavía yaan todavía yaan bin láayli'e máax túun kíins le salvador beyo,spk_030,13_Venustiano_Puc_112
spk_030_utt_0113,leti le máako'ob bin to banda norte jkíinso ma jach ojela'an máax ma ojela'an ba'ax cristianoil ka jkíinsa'abi de por si ts'o'okij tu perseguirta'al de por si aja ma jach chéen máak túuni ma chéen máaki ma chéen máaki ma chéen máaki,spk_030,13_Venustiano_Puc_113
spk_030_utt_0114,si le taak'ino beytak u bolsaila y tak u tsíimin ku ya'aliko'ob bino ya'ab máak bin tu kíinsaj bine ka jts'o'on le tsíimino,spk_030,13_Venustiano_Puc_114
spk_030_utt_0115,máatik lelo wa mu k'ajóoleche ken u kochak'teche listo ti ka p'áatali ti ka p'áatali pati'ech,spk_030,13_Venustiano_Puc_115
spk_030_utt_0116,kéen taake yaan oora u k'axik u tsíimin bin beya yaan oorae kéen taak wamáax u tukult u ch'a le taak'ino,spk_030,13_Venustiano_Puc_116
spk_030_utt_0117,kochak'ta'ake ti peka'ani ku ya'alik bin aan leti taalech a kaxto ku ya'alik bin ku na'akal yóok'ol u tsíimine jala tu bin jaaj tu bin,spk_030,13_Venustiano_Puc_117
spk_030_utt_0118,bin ku beetik pero le máako táaj ya'abach gente tu bisaj tu bisaj weyilo'obe tu bis le weyilo'oba jaaj leti le ka jkíinsa'ab túune sunaaj túun le máako'obo,spk_030,13_Venustiano_Puc_118
spk_030_utt_0119,jsuunajo'ob bin tuláakal le weyilo'oba suunajo'ob bin úuch láaj kíimik xan le máako'ob je'elo'obo úuchben máako'ob úuch kíimiko'ob,spk_030,13_Venustiano_Puc_119
spk_030_utt_0120,mare bix túun ma tu bis le miroo ma tu bisi ma tu bisi le animáas miro ku ya'aliko te bin aan ts'u kíim le miroo ts'o'okij úuch kíimik te crucero yaan te bina ka a'ala'ab bin ti'e teech ken a,spk_030,13_Venustiano_Puc_120
spk_030_utt_0121,kanáant le cruceroo bejla u yokol salvador yéetel u gentee máax a'al ti túun beyo avisarta'abij avisarta'abij de que bejla u yokol le salvador ti le kaajo yéetel u gentea,spk_030,13_Venustiano_Puc_121
spk_030_utt_0122,teech kan kanan le ken a wil ts'u taalo'obe ka wak'ik a ts'oon ku ya'ala'al bin ti ma chéen p'okokbal bin beya tu pa'atik u tíip'ile ka jtaal juntúul le máak bin bey ti'a,spk_030,13_Venustiano_Puc_122
spk_030_utt_0123,paachil túun bin ti taalij le ka jcháacha'ab bin beya ka jma'achij ba'an le ts'oono u machmaj pero bey ts'u ma'achalo,spk_030,13_Venustiano_Puc_123
spk_030_utt_0124,ka jéemp'uchta'ab bine ka jch'a'ab u ts'oon ka jti'ich u ts'oon je'elo ku ya'ala'al bin ti'e ka wawate teech a wojel kin kíinsikech ku ya'ala'al bin ti ka jp'áate ma awatnaj xani pero ma jkíinsa'ab xani,spk_030,13_Venustiano_Puc_124
spk_030_utt_0125,lucharnaj bin yéetel le máako ka jpúuts'ij je'elo ka tin machimbáaj yéetel beyo,spk_030,13_Venustiano_Puc_125
spk_030_utt_0126,jump'éel nuxib waach ka'anal u baakel ki le chan máako si chan chichan jaaj le chan máak je k tsikbatiko chichan xan le chan máak je'elo leti maas u yilmaj bin leti le tiempo ka tu tsikbataj to'ono,spk_030,13_Venustiano_Puc_126
spk_030_utt_0127,bey in wóol ciento cuatro añose maas úuchben ti in maamao jaaj úuch kíimik jaaj úuch kíimik beorae ts'o'ok míin tres años kíimik le máako,spk_030,13_Venustiano_Puc_127
spk_030_utt_0128,ya que yaan kex ciento cinco wáaj ciento cuatro años ti tumen in mamajo beyo ciento dos ti yaanik beoraa ajan ciento dos años te xka'anal koolo yaan túun máak kaja'an tak bejla'e,spk_030,13_Venustiano_Puc_128
spk_030_utt_0129,mina'an ku ya'aliko'obe le xka'anal kool bino de por sí bin u k'aaba u apellido'ob bin,spk_030,13_Venustiano_Puc_129
spk_030_utt_0130,yaan bin jo jach jo bine tia'an bin le máak je'elo le salvadoro ma'an u láak'o'ob aan u láak'o'ob osea le u generación le xka'a kool ku ya'aliko'ob,spk_030,13_Venustiano_Puc_130
spk_030_utt_0131,ka kool túun jaaj u apellido bin le xka koolo aan ma leti le k'áaxo ma leti k'áaxo u apellido'ob bin ku ya'aliko'ob tia'an u taanajo'ob bin jo'e kuxa'an bin le máak je'elo si ku ya'aliko'obe le míin,spk_030,13_Venustiano_Puc_131
spk_030_utt_0132,yaan kex cinco wáaj ocho años beora taal bin juntúul máake yéetel bin jump'éel detector,spk_030,13_Venustiano_Puc_132
spk_030_utt_0133,tu kaxtik túun máak bine ka u bis ka bisa'ak te lugaro tumen bin ya'abach taak'in p'aatal te lugaro tu bisik túun le detector bino uti'al u máan u kaxt le taak'ino u taak'in le salvador beyo,spk_030,13_Venustiano_Puc_133
spk_030_utt_0134,u taak'in le salvadoro jaaj u taak'in le salvador leti le ku bin u kaxto'obo pero ma jbisa'abo'obi ma jbisa'abo'obi es que le bej beora jaaj úuch ka'acho,spk_030,13_Venustiano_Puc_134
spk_030_utt_0135,páakta'an traficado pero bejla'e como abandonarta'abe ich terreno yaan jaaj ich le terreno to'on yaano pero como abandonarta'ab beyo,spk_030,13_Venustiano_Puc_135
spk_030_utt_0136,pues ka jlo'ob le bejo bejla'e mixmáak ku yokoli ma tu yokol mixmáaki,spk_030,13_Venustiano_Puc_136
spk_030_utt_0137,je'elo tu ya'alik túun bine ka bisa'ak túun u máakil bin ka'ache je bajux je in bo'otike'exe bisene'ex máax u yojelo si tuláakal u yojel bey beeta'ab jump'éel kool te jáal le,spk_030,13_Venustiano_Puc_137
spk_030_utt_0138,le tu'ux u k'almajo'ob ka'acho chika'an u tsol túunichilo'ob beya tu'ux k'ala'an le nuxib terrenoo tumen lelo bak'alta'an beya le káan oksa'akeche ma ta púuts'ul,spk_030,13_Venustiano_Puc_138
spk_030_utt_0139,ma ta púuts'uli láaj k'ala'an lelo úuchben ba'al tumen chéen in wa'alik teech in suku'uno setenta años yaan ti,spk_030,13_Venustiano_Puc_139
spk_030_utt_0140,to'one ma k ilmaji ma k ilmaji ma k ilmaji,spk_030,13_Venustiano_Puc_140
spk_031_utt_0001,le úucho señor ka ki kuxa'an in papaj pero tia'an tu k'áane ka taal jump'éel señore ka ay don alejandro,spk_031,14_Micaela_Ek_1
spk_031_utt_0002,nuka'aj kíinsbil le ts'uulo'ob beorasa ba'axten ku kíinsa'alo'ob ma k ojeli pero je ku binla'aj le gente te tu vez uti'al u bin u jóok'ol tak ts'íitbalche tu púuts'ulo'ob,spk_031,14_Micaela_Ek_2
spk_031_utt_0003,ts'o'ok u ma'achalo'ob le ts'uulo'obo jts'a'abo'ob cárcel seiso'ob pero ba'axo'ob si ma k ojeli,spk_031,14_Micaela_Ek_3
spk_031_utt_0004,pues súut u bin le señoro anchaj u suuktal yéetel jump'éel señora,spk_031,14_Micaela_Ek_4
spk_031_utt_0005,u querida je'elo le íichantsilo ka bin tu ya'alaje ma u tuklik mixba'al tin k'aabili'e,spk_031,14_Micaela_Ek_5
spk_031_utt_0006,ba'axten ku suuktal yéetel in familia tak teech señora ta wóoleche yaanech wáaj ma ta wóoli in watanech tin tséentikech ka jo'op u yok'ol bin le ko'olelo,spk_031,14_Micaela_Ek_6
spk_031_utt_0007,pues chéen ichil lelo jayp'éel díae ka bin tu ya'alaje beora kin t'aana,spk_031,14_Micaela_Ek_7
spk_031_utt_0008,le u k'aaba le señor máax ts'áaj le rono ka na'atike'ex ron leti le tragoo kone'ex meentike'ex u meyajile k tselike'exo'ob kiob bin,spk_031,14_Micaela_Ek_8
spk_031_utt_0009,ka bin tu t'anaj gente yéetel volador ka juntarnaj le genteo ka bin tu ya'alajo'obe perdonarte'exe bix kene'ex u peluna'obo,spk_031,14_Micaela_Ek_9
spk_031_utt_0010,bejla kun k'uchul oora ti'obe pero ba'axten nin ya'ab u si'ipilo'ob ya'ab ba'ax ku beetiko'ob,spk_031,14_Micaela_Ek_10
spk_031_utt_0011,yaan k kíinsike'ex le jaytúul máako'obo pero cárcel keno'ob jbin ba'anten nin tumen ts'o'ok in chukik in watan yéetel ajan ma'alob teen ken in ts'a u ronil ki bin,spk_031,14_Micaela_Ek_11
spk_031_utt_0012,uti'al u síij ti le máako'ob máax kun kíinsik le ts'uulo'obo je'elo ka tu ya'alaj u t'aaj le máako ka bin jo'op u t'oxik le rono le máako'ob xan tu aceptartik u beetiko'ob le ba'alo,spk_031,14_Micaela_Ek_12
spk_031_utt_0013,tu aceptartiko'obe u kíinsiko'ob le máako'obo je'elo ka bin tu ya'alajo'obe ti le noche bejla'a las cinco wale ku juntarta'alo'ob t'ambilo'ob yéetel volador,spk_031,14_Micaela_Ek_13
spk_031_utt_0014,ka jo'op u t'a'analo'ob yéetel volador le teech óotsilech ma a wojel ba'axe ka bin je'elo le gente'obo ka bin a'ala'ab ti'obe fulano de tal fulano de tal yaan a machike'exo'obe ka ts'aexo'ob cárcel,spk_031,14_Micaela_Ek_14
spk_031_utt_0015,teche señor teech kin obligartikech wale ka kíins le máako bey teech bey teech a'ala'ab máaxo'ob a'ala'abo ka bin tu ya'alajo'obe ma'alob puesto'on je k meentike,spk_031,14_Micaela_Ek_15
spk_031_utt_0016,je'elo las cinco túune ka jóok u t'aanile u ma'ach le ts'uulo seiso'ob ka jma'acho'ob,spk_031,14_Micaela_Ek_16
spk_031_utt_0017,u k'aaba le ts'uulo'obo abel puga milo sandrez hernán reyes alonso reyes,spk_031,14_Micaela_Ek_17
spk_031_utt_0018,leti'e uláak'e juntúul léeyli alonsoe compañero taalen in wu'uy teche ba'axten ka k'alike'ex in láak'o'obo,spk_031,14_Micaela_Ek_18
spk_031_utt_0019,ba'axten ts'o'ok a ts'aike'ex cárcel teech wáaj ka t'aan wa tak teche beora ka jcháacha'abe ka jts'a'ab cárcel ka bin tu ya'alaje pero ba'axten ka ts'aikene'ex cárcel tene mixba'al in wojel,spk_031,14_Micaela_Ek_19
spk_031_utt_0020,taalen in wa'al te'exe ka cha'ex ma tu páajtal jump'éel ts'o'ok a woksikabae tak teech je'elo señor las cinco y media bine ka jo'op u juntaro'ob yaan tak u máaskabo'ob,spk_031,14_Micaela_Ek_20
spk_031_utt_0021,yaan tak u cuchillo'ob tia'an le óotsil máako'ob carcelo le ka bin tu ya'alajo'obe compañero ki bin ts'o'ok u yooratal ba'ax ka pa'atike'exi,spk_031,14_Micaela_Ek_21
spk_031_utt_0022,le bin le óotsil máako'obo ka jo'op u yok'olo'ob cárcel beora kuno'ob kíinsbila pero ka jo'op u kíinsa'alo'ob p'ap'aych'akta'ab u k'abo'ob u poolo'ob,spk_031,14_Micaela_Ek_22
spk_031_utt_0023,le túun bin le juntúul bin a'alik ka chabak uláako'obo máatik chéen u yéet ts'uulilo'ob bixe'exa,spk_031,14_Micaela_Ek_23
spk_031_utt_0024,le ka tu yóotaj púuts'ul ka jóok tu jool le cárcel beya ka jla'am le ch'aak ti te'ela ka jnóokk'aje ka jnóoke beya u chan p'óoke,spk_031,14_Micaela_Ek_24
spk_031_utt_0025,pero ka bin a wile'ex bixo'obe pero nóoken nóoko'ob ich k'i'ik bok'la bin le k'i'ik'o,spk_031,14_Micaela_Ek_25
spk_031_utt_0026,pero je túuna ba'alo'ob ku yúuchul k'íiwik pero gente yaan yaane bin u ta'akuba'ob yaane tu k'alajuba'ob yo'olal ma u yila'alo'ob,spk_031,14_Micaela_Ek_26
spk_031_utt_0027,le máako'ob kíinso'obo ti bin yaano'obi le ka jtúuxta'ab orden tak kaampeche ka u'uluk ilbil bin le ba'ax ts'u yúuchulo ti máan áak'ab ti'ob carcele,spk_031,14_Micaela_Ek_27
spk_031_utt_0028,je'elo le jpúuts'o'obo púuts'o'ob bey  bino'ob ti káajo'ob káalk'ini'e le máak ku ya'ala'alo jkíimij don tino ma a k'ajóoli leti u ch'i'ibalo'ob u taata'ob,spk_031,14_Micaela_Ek_28
spk_031_utt_0029,u taata si le beetik taalo'ob káajal káalk'ini je'elo como paalene ka jpúuts'en ti in papaj tin wu'uyik u ya'ala'al ba'ax le ku yúuchulo ka jóok'ene ka jbinen k'íiwik,spk_031,14_Micaela_Ek_29
spk_031_utt_0030,le xnuk ya'axche yaan tak bejla'e ka jóok'en tentarnajen pero bey le xviuda'ob kíinsa'ab u yíichan pero yotoba u yok'olo'oba,spk_031,14_Micaela_Ek_30
spk_031_utt_0031,yaane ka tu ya'alajo'obe ko'one'ex ile'exo'ob ay kun k kíinsa'ale'exe ma t kíinsa'ale'ex wa k kíinsa'ale'exe ma k ojeli púuts'uk juntúuli ka xi'ik u ya'al kaampech,spk_031,14_Micaela_Ek_31
spk_031_utt_0032,ka binla'aj le señora'obo te le sala je'elo ka tin wu'uyaje ka táak'en tu paacho'ob ma sajakchajeni,spk_031,14_Micaela_Ek_32
spk_031_utt_0033,in jajal dios ka k'uchene le ka jch'eenebta'ab le cárcel tumen le ko'olelo'ob ka'achil,spk_031,14_Micaela_Ek_33
spk_031_utt_0034,pero buka'aj u ka'analil le k'i'ik'a como ma nojochi buka'aja pero láaj nóoken nóok le ts'uulo'obo pero ich k'i'ik pero k'i'ik,spk_031,14_Micaela_Ek_34
spk_031_utt_0035,le ku púuts'ul ka'achilo jóok'ij te tu jool le cárcel beya ti jmáaxch'akta'ab u pool ch'a'ach'aka'al u k'abo'ob pero mina'an bix ka a wile'ex le ba'alo,spk_031,14_Micaela_Ek_35
spk_031_utt_0036,je'elo ma séeb mu'uko'obi le túun ti le áanimas in wíichamo leti ku meyaj te uti'al leti le presidenteo je'elo le bin le ka j u'ul le judicialo'obo,spk_031,14_Micaela_Ek_36
spk_031_utt_0037,ka bin ila'abe láaj tia'ano'ob ich k'i'ik'e ka jláaj mo'olo'obe ka jts'a'abo'ob bin ti u caja'ob ka ch'a'abe ka jmu'uko'ob,spk_031,14_Micaela_Ek_37
spk_031_utt_0038,ku ya'alike ay señora ki ti le ooraki'o pero maas tu'on ken ma peek pero tu'on,spk_031,14_Micaela_Ek_38
spk_031_utt_0039,ka jmu'ukij je'elo le ka j u'ul uláak le judicialo'obo ka a'ala'abe yaan u láaj bisa'alo'ob ilo'ob ka a'ala'ab tene como comandante yaanenikene ka a'ala'ab tene paulino,spk_031,14_Micaela_Ek_39
spk_031_utt_0040,xeen a we'es le muknal ti'ob tu'ux mu'uk le máako'obo ka jbinen como le in meyaje bix maas ka binen,spk_031,14_Micaela_Ek_40
spk_031_utt_0041,le ka jo'op u jo'osa'alo'ob tu caja'obe mare pero mina'an bix ka a wu'uy u tu'il le cristianoo,spk_031,14_Micaela_Ek_41
spk_031_utt_0042,ka jláaj jo'osabo'ob bin ka jebla'aj le caja'obo ka jo'op u xo'otol bin u nak'o'ob,spk_031,14_Micaela_Ek_42
spk_031_utt_0043,ba'anteni ki yo'olal u yila'al wa mixba'al ts'ab ti'ob ka kíinsa'abo'obij mixba'al chéen ba'ale mu'uko'ob ti uláak,spk_031,14_Micaela_Ek_43
spk_031_utt_0044,je'elo le ka jts'a'ab ordene le máako'ob máaxo'ob ila'abo'ob kíins le máako'obo ka láaj ma'acho'obij pero láaj ma'acho'ob bin je'elo ka bin tu ya'alajo'obe ba'axten k ma'achal,spk_031,14_Micaela_Ek_44
spk_031_utt_0045,máax meent le loob te carcelo te'ex tuláakal  ka jo'op u ya'aliko'ob,spk_031,14_Micaela_Ek_45
spk_031_utt_0046,je'elo ka jláaj ma'acho'ob le seiso'obo ka jbisa'abo'ob bin ka bisa'abo'ob te carcelo ts'in wóole nin seis años tu beeto'ob cárcel yaane ti kíimi,spk_031,14_Micaela_Ek_46
spk_031_utt_0047,yaane oorachaje ka'atúul in tio bino'ob tu beeto'ob le loobo ka'atúul in tio úuch kíimiko'ob láaj kíimo'obi,spk_031,14_Micaela_Ek_47
spk_031_utt_0048,ba'ale lelo bey le ku ya'ala'al tuláakal le máax kíinsa'abo'obo u familia u paalalo'obe láaj bino'ob káajal káalk'ini,spk_031,14_Micaela_Ek_48
spk_031_utt_0049,bey le ba'alo'ob úuchla'ajo'ob úucho tak u yatano'obe ma jp'áato'obi bueno,spk_031,14_Micaela_Ek_49
spk_031_utt_0050,lelo ts'o'oki bejla'e u cuentoil le padre ken in tsikbalt te'exo lelo,spk_031,14_Micaela_Ek_50
spk_031_utt_0051,le señorao ti ku jóok'ol gremioi je'elo le padreo ku ya'alike,spk_031,14_Micaela_Ek_51
spk_031_utt_0052,jach ya'ab a xuupe'ex ma ta taal a wu'uye'ex le misao máatik ta wiknale'ex ku jóok'ol gremioe,spk_031,14_Micaela_Ek_52
spk_031_utt_0053,ka taake'ex a wu'uye'ex le misa lela chéen janal ka meentike'ex chéen u kumil le janal ka kalantike'exo ku yooratale ka jo'opole'ex janal le misa ka bo'otike'exe jaajal dioso wa ma ta taal a wu'uye'ex,spk_031,14_Micaela_Ek_53
spk_031_utt_0054,le a si'ipile'exe bejla'e mina'an baile ma tu suut yaantal baile ka xu'ul u yaantal le baileo je'elo le señorao ka j oorachaj u jóok le gremio uti'al santo cristo,spk_031,14_Micaela_Ek_54
spk_031_utt_0055,tumen lelo ku xaantal míin ku máan nueve días u jóok'ole yake ka bin tu bejla kun k'uchul oora ti le curaa tin wiknal kun káajal,spk_031,14_Micaela_Ek_55
spk_031_utt_0056,pero bix ken a beetij le máaxo'ob yéetel yaanene leti'ob kun meentik le ba'ala yaan u kíinsa'al,spk_031,14_Micaela_Ek_56
spk_031_utt_0057,yaan a kíinsike'ex le padreo yaan ka jo'op u tsolik ti le máako'obo le ka j ok le gremio de tardeo mixba'alak uti'al u sáastal uti'al miisa temprano,spk_031,14_Micaela_Ek_57
spk_031_utt_0058,ej como leti in wíichan sacristano sacristan lelo ka bin,spk_031,14_Micaela_Ek_58
spk_031_utt_0059,ba'axten ma ta bin ta wotoch paulino ka bin a'ala'ab ba'anten ka túuxtikene'ex tin wotoch tene wey kin meyaje kie,spk_031,14_Micaela_Ek_59
spk_031_utt_0060,pues chan ángel xeen ta wotoch tumen bik a jéentáant ba'al ma a tia'ali le bix kun kíinsbil le curao bey kan kíinsa'akech,spk_031,14_Micaela_Ek_60
spk_031_utt_0061,je'elo le señora'ob catolica'ob le bey u bin máak misa gente ko'olelo'ob ya'abo'ob baj u yojel ti'e ka jo'op u máan u tsikbaltej,spk_031,14_Micaela_Ek_61
spk_031_utt_0062,je'elo tene como chichan neene in chaambal le kíinsa'ab kaampecho,spk_031,14_Micaela_Ek_62
spk_031_utt_0063,ka taalen in wáalkabe ka tin wa'alaj ti eyaj in suegra u yotocho'ob le yaan je'el esquinaa ay maan nuka'aj bin kíinsbil padre  ba'ax u si'ipil,spk_031,14_Micaela_Ek_63
spk_031_utt_0064,ma in wojeli taal in cuñada u ya'al tene ka bin xi'iken in wilej ay maría,spk_031,14_Micaela_Ek_64
spk_031_utt_0065,ki to le chaambalo ka a chikúunt te k'áano ka xi'ikech kie ka tin to'aj in chaambalo ka tin chikúunte ka jbinen ka jk'uchene pero bey gentea chuup le iglesia,spk_031,14_Micaela_Ek_65
spk_031_utt_0066,ka tin wilaj in t'anik in wíichamo ka tin wa'alaj ti'e ba'ax túun ku yúuchul beya kin wa'alik ti'e nuka'aj kíinsbil le padrea ki,spk_031,14_Micaela_Ek_66
spk_031_utt_0067,ba'ax ucha'an ti le máako'ob beya kensa'ab ba'ax táan u ya'aliko'ob tene ka bin luk'uken weye tumen bik in ch'a ba'al ma in tia'ali yaan bin u kíinsikeno'ob wa tu kíinseno'obe leti u yojelo'ob,spk_031,14_Micaela_Ek_67
spk_031_utt_0068,ti ki k'ubik in puksi'ik'al ti jaajal dios leti'ob xane ma u yojelo'obe bix keno'ob ts'o'okok aan ki,spk_031,14_Micaela_Ek_68
spk_031_utt_0069,le túun le señora tu'ux jóok'o jajajajaja le curao láaj u weeyo'ob lelo,spk_031,14_Micaela_Ek_69
spk_031_utt_0070,le xch'uupo'obo láaj suuk yéetelo'ob tumen le ko'olelo'ob iglesia ku ya'ala'al ba'al ti'ob,spk_031,14_Micaela_Ek_70
spk_031_utt_0071,ka tin wa'alaj ti'e ba'anten ma tu púuts le yuum padreo je'el le joola je'el uláak je'elo je'el uláak je'elo ma tu yutstal,spk_031,14_Micaela_Ek_71
spk_031_utt_0072,ki ka'aka'atúul wíiniko'ob yaano'ob beya ka'atúul beya ka'atúul te'ela ka'atúul lalaj k'ala'an beyo ma tu cha'abal u jóok'ol le padreo,spk_031,14_Micaela_Ek_72
spk_031_utt_0073,jach wáaj tu jaajil ma tu cha'abal ka tin p'isimbáaj tin wokol beya chuup le iglesiao ka tin wilaje le padreo,spk_031,14_Micaela_Ek_73
spk_031_utt_0074,bey u machmajil u libro naats ti altar tu'ux ku meentik misa,spk_031,14_Micaela_Ek_74
spk_031_utt_0075,tu rezar k'a'am u kaman t'aan le túun u hijo le señora kin wa'alik teech tu yotoch jóok le gremio táan u bo'otik bejla'e,spk_031,14_Micaela_Ek_75
spk_031_utt_0076,ts'o'ole k'as joven le máako'ob ma tu yutstal u líik'il tu k'áan a'ala'ab desde úucho yaanili u yaantal juntúul u bo'ot le ba'ax tu beeto'obo,spk_031,14_Micaela_Ek_76
spk_031_utt_0077,je'elo ka j a'ala'abe bey oora le túun le hijotsilo ti le gente buka'aj yaano ka tu ya'alaj,spk_031,14_Micaela_Ek_77
spk_031_utt_0078,ma in wojele ba'axi bey bin u ya'ala'al ti wa'alakbal tu yiknal le padreo tu xook le padreo ka tin wilaj u ya'alike,spk_031,14_Micaela_Ek_78
spk_031_utt_0079,ya está compañeros ya ya está ya estuvo kie tu yawato'ob lelo ma táan u ya'alike ts'o'okij je'elo,spk_031,14_Micaela_Ek_79
spk_031_utt_0080,le ka jbin túun le máako kuxa'an si tia'an tu k'áane ma tu yutstal u máan,spk_031,14_Micaela_Ek_80
spk_031_utt_0081,bey kúulpach le padreo ka tu machaj ti te'ela ka tu ch'ojch'in ts'o'okole ka tu túuch'int le padreo,spk_031,14_Micaela_Ek_81
spk_031_utt_0082,le padreo le ju'uno ma tu cha'e ka xáakk'aj beya ka jlíik'ij ka tu mach u yaktáant le padreo túun bey tu tuntunch'intik  tu tuntunch'in tene bey wa'aliken tu jool le iglesiaa,spk_031,14_Micaela_Ek_82
spk_031_utt_0083,le ka jo'o'sa'ab uti'al u jóok'ole ka xakk'ajij le túun le jump'éel señoro ka tu ya'alaje k'aas tro'obij pero beyo yaan in wa'alik te'ex ka tu ya'alaje,spk_031,14_Micaela_Ek_83
spk_031_utt_0084,bejla wale u peel a na ki ti le padreo pero ka tu kumaj jaats ti le padre te'ela,spk_031,14_Micaela_Ek_84
spk_031_utt_0085,tu'ux xan ta t'aane'ex in na'at ka péenajene ka tin suut u jeel ti teen jloxej te'ela je'ebix u beetik le padreo bey tin meentij ti ka tu ya'alaje bey wáaj ka meentike hijueputa,spk_031,14_Micaela_Ek_85
spk_031_utt_0086,tu paach a weeye'exo ti kene'ex ts'o'okoli bey oorasa yaan le ko'olelo'obo ka tu ya'alajo'obe ma'alob je'el bixak kan a k'áat a meente'exe uláak juntúul túune ku ya'ala'ale u k'aaba'e doña pola mangas,spk_031,14_Micaela_Ek_86
spk_031_utt_0087,beyo ooritasa compañeros tuláakal le xch'uupo'obo u weeyo'ob le curao tak leti'ob kuno'ob kíinsbilo'ob tumen lelo u weeyo'ob suuko'ob yéetel kie tumen ka binej iglesia ku ya'aliko'ob,spk_031,14_Micaela_Ek_87
spk_031_utt_0088,ba'ale ka jo'osa'ab le padreo le u beel le tranvía de hierro ma cha u yéemel bey rua puro leti le ba'al ku t'ut'liko tumen bin lelo wa xakk'aje kéen lúubuke ku ts'a'akal jumpuli ku kíinsa'al,spk_031,14_Micaela_Ek_88
spk_031_utt_0089,pero tu ts'aj diose ma jlúubi tu bisa'al le máax yaan le cuchilloo,spk_031,14_Micaela_Ek_89
spk_031_utt_0090,u machmaj ku ye'esike bix ken u kíinsik le padre to tu xuul le jo'okaajo to tu'ux yaan le escuelae ti k'usa'abi,spk_031,14_Micaela_Ek_90
spk_031_utt_0091,le ka wa'akunta'ab le ka a'ala'abe ti kun kíinsbili je'elo to'one óoxtúul ko'olelo'one ka jwa'alajo'on bey jáal koota ka jmáan le señora tu'ux jóok le gremio,spk_031,14_Micaela_Ek_91
spk_031_utt_0092,ba'axten ka wa'atale'ex te'elo peel a na'ex beora kene'ex kíinsbil yéetel a weeye'exo,spk_031,14_Micaela_Ek_92
spk_031_utt_0093,mixmáak núuktej jach ma sáamile ka t il u k'áatal u yáalkab le presidenteo je bakan yaan te k'íiwiko ku ya'ala'al bin ti'e señor,spk_031,14_Micaela_Ek_93
spk_031_utt_0094,pero xeen a t'an le máako ma u kíinsik le padreo le oora tu kíins le padreo kensa'ab bix ken ts'o'okoko'one'ex te kaaja,spk_031,14_Micaela_Ek_94
spk_031_utt_0095,ka jbin le presidenteo ka jo'op u t'anik le máako don justín euan u k'aaba,spk_031,14_Micaela_Ek_95
spk_031_utt_0096,tu tres semana máanak u beetik le ba'alo ka jlo'om leti je'ele bey le ku ya'ala'alo ma k'ucha'an oora ti'e ma kíimi tu káaltalo'ob tu jats'ikuba'ob je'elo,spk_031,14_Micaela_Ek_96
spk_031_utt_0097,ka j a'ala'abe le padreo ma tu páajtal u kíinsa'al bisa'ak ch'abak óotsilil ti'e le máak túun bis yéetel le tranvíao leti bis káalk'ini,spk_031,14_Micaela_Ek_97
spk_031_utt_0098,je'elo ka jo'op u suut le máako'obo chéen jujuntúulil binik tu yotocho'ob tu quince díase le señora kin wa'alik te'ex doña pola mangaso,spk_031,14_Micaela_Ek_98
spk_031_utt_0099,ka bin bin u yok'tubáaj ti le padre tu jo'oso'obo ka bin a'ala'ab ti'e  ba'axten ka taal a ch'a'en,spk_031,14_Micaela_Ek_99
spk_031_utt_0100,ay padrecito ka bin tu xóolk'atubáaj tu táan le padreo ki ch'a teen óotsilili ko'ox a k'ay teen leti salve wáaj misa ti in hijo,spk_031,14_Micaela_Ek_100
spk_031_utt_0101,eel in hijo pero bix eelik tia'an tu k'áane ka j eelij táan bin u xokik le diarioo ej tu ts'u'uts,spk_031,14_Micaela_Ek_101
spk_031_utt_0102,leti beyo náay u yóole le diarioo ka tu mach le k'áak'o le ka jt'a'ab le diarioo pero bey bin u yok'ola ka j eel tak u nook ma páajchaj u pitiki,spk_031,14_Micaela_Ek_102
spk_031_utt_0103,pues leti jkíinsej eelij kíimij ka bin tu ya'alaje le padreo,spk_031,14_Micaela_Ek_103
spk_031_utt_0104,ma'alob hija ki bin ma'alob jin taale ki bin ma sajak beyo óoli quince días ka bin tu ya'alaje xeen je kin taalo ki bin,spk_031,14_Micaela_Ek_104
spk_031_utt_0105,ka bin jluk le señorao ka bin tu ya'alaj ti le sacristano yaan in bin,spk_031,14_Micaela_Ek_105
spk_031_utt_0106,tumen lelo ma a wojele ba'axten úuch le ba'alo dios meentej tumen u káat u kíinsen ka'ache ma cha u kíinsikeni le oorae ka jmeenta'ab ti u hijoe eel u hijo tu k'áano,spk_031,14_Micaela_Ek_106
spk_031_utt_0107,ka bin taal le padreo ka bin k'uche ka tu yilaje chuchul le máako eelij pero ti jáab u nook yóok'ol,spk_031,14_Micaela_Ek_107
spk_031_utt_0108,ka kíimij bey túun j eelo je'elo ka bin jmu'uke ka bin tu ya'alaj ti'e diosbo'otik teech ki bin diosbo'otik ti le jajal dios hija tene mixba'al in wojel pero ts'in taal in k'ay misa ti,spk_031,14_Micaela_Ek_108
spk_031_utt_0109,ma'alob ma'alob padrecito ma'alob diosbo'otik teech ts'o'okole leti le ken u kíinso'ob ka'achilo je'elo,spk_031,14_Micaela_Ek_109
spk_031_utt_0110,le padreo ka tu yilaj oke ka tu le máako'ob ku ya'alik u kíinseno'obo leti'ob u'usen táan wáaj u yiliko'ob ba'ax úuch ti'ob,spk_031,14_Micaela_Ek_110
spk_031_utt_0111,bejla'e nuka'ajen u'ulule in meent misa chéen yáanal che'ob ti najo'ob domingoe yaanal tu'ux ken u ya'al le misao ti uláak'e yaanal ti uláak'e yaanal ti uláak'e yaanal,spk_031,14_Micaela_Ek_111
spk_031_utt_0112,je'elo le ka j oorachaj túun le u jo'op'ol u bin le ko'olelo'ob u yu'ubo'ob misa káalk'ini'o pero bey xan u bin le ko'olelo'ob káalk'ini u yu'ubo'ob misa ka tu ya'alaje,spk_031,14_Micaela_Ek_112
spk_031_utt_0113,le máax u k'áat confesare ka taalak confesar jin ts'aik confesare pues ya'abchaj máak confesar le ka jtocarnaj in bin tene ba'ax tu ya'alaj teen  hija,spk_031,14_Micaela_Ek_113
spk_031_utt_0114,tin k'áatik ti jajal diose ku perdonartech ba'axten ta meent le ba'al ti le wíinik beyo kux túun wa ku kíinseche,spk_031,14_Micaela_Ek_114
spk_031_utt_0115,padrecito náak'al teen in wu'uyik u ya'ala'al a kíinsa'al padre ba'ax a si'ipil pues p'at ka'achil hija,spk_031,14_Micaela_Ek_115
spk_031_utt_0116,kux túun wa ku kíinsech ti le oorao ni modo padre in suerte wale ken ti pues bejla'e ka a wojeltej,spk_031,14_Micaela_Ek_116
spk_031_utt_0117,nuka'aj jo'op'ol in taal in ts'a misa kaaje chéen ti najo'ob pero ma ichnaji yáanal che'ob,spk_031,14_Micaela_Ek_117
spk_031_utt_0118,ka jo'op u taal le padreo u taal xáanchaje ka j a'ala'abe nuka'aj je'ebil le iglesiao k'a'alij buka'aj tiempo k'ala'an,spk_031,14_Micaela_Ek_118
spk_031_utt_0119,le ka j a'ala'ab yaan u je'ebel le iglesia káalk'ini bin le ko'olelo'obo chéen ko'olelo'ob pero beya,spk_031,14_Micaela_Ek_119
spk_031_utt_0120,bino'obe u tsikbalto'ob ti presidente káalk'ini ba'ax ken u meento'ob ka j a'ala'abe wa ka páajtale'exe meente'ex weye ts'o'okij,spk_031,14_Micaela_Ek_120
spk_031_utt_0121,ka a'ala'ab ti'ob jayp'éel ka'ap'éel docena volador ken u manej le ko'olelo'obo le kéen u ya'alo'ob nuka'aj u je'obe te k'íiwiko pero ti ka wa'awak'a'ak le volador yo'olal u bin u jóok'ol gente,spk_031,14_Micaela_Ek_121
spk_031_utt_0122,chéen ko'olelo'ob jmeent lelo le día lelo mix ojéela'ane tu'ux ts'o'ok u llaveil le iglesia,spk_031,14_Micaela_Ek_122
spk_031_utt_0123,jump'éel señora túune ka tu ya'alaje yaan k je'ike'ex ma in wojel bix ken k je'ike'exi pero yaan k je'ike'ex,spk_031,14_Micaela_Ek_123
spk_031_utt_0124,ka tu jíit u gancho le gancho ichil u ch'i'ikil le poolo ka jbin u jup ti u llaveil le joolo ka jo'op u ch'otik tu ch'otik ka je'epajij le ka tu síijaj dios u je'epajle niño,spk_031,14_Micaela_Ek_124
spk_031_utt_0125,pero bey okik gentea pero ka jo'op u máan je'ebil le joolnajo'obo pero le ka j ila'abe mina'an bix ka a wil le ba'al ku ya'ala'al le soots yaantak u xiik'o'obe pero kirim ku meentik,spk_031,14_Micaela_Ek_125
spk_031_utt_0126,u nook le xki'ichpan ko'olebilo ka'atúul oocho'ob kíinsa'abo'obi ts'o'okole altar yaan le ko'olebilo pero oocho'ob ba'alo'ob ku jóok'olo'ob pero,spk_031,14_Micaela_Ek_126
spk_031_utt_0127,sucio iglesia ka tu juntartubáaj le ko'olelo'ob ka tu ya'alajo'obe sáamale yaan ba'al pero tuláakal le noonoje'exe yaan k taale'ex p'o'ex le sueloo,spk_031,14_Micaela_Ek_127
spk_031_utt_0128,tuláakal le ko'olelo'obo láaj juntarnajo'obij yaane táanxel tu'ux ku ch'a ja'o yaane tolo yaane te'elo ku púuta'al le ja'o tu p'o'obol le suelo'obo le banca'obo,spk_031,14_Micaela_Ek_128
spk_031_utt_0129,ka ila'abe ts'u lindotal ka jo'op u yu'usa'al le padreo bey jo'op'ik u taal padre tulaak weyo pero ba'alan ma ucha'ani niño ay santísima,spk_031,14_Micaela_Ek_129
spk_031_utt_0130,pues tene in loxmaj le máako ma xaanchaj ka jkíim xani le máaxo'ob k'almajil le u jool le iglesiao ti kúulenkúulo'ob u pa'ato'ob ma u púuts le padreo juntúule te yotocha,spk_031,14_Micaela_Ek_130
spk_031_utt_0131,p'áat xaklankal u máan ma xaanchaj ka jkíimi ku ya'ala'ale le ba'ax tu beeto'obo leti le castigo jlúub yóok'olo'obo,spk_031,14_Micaela_Ek_131
spk_031_utt_0132,u'uy a wu'uyej ba'ax úuch ti bey le máax kun kíinsiko lo'om táanil chéen ma jkíimi uláak le lox le padreo jkíimij,spk_031,14_Micaela_Ek_132
spk_031_utt_0133,pero kale'ex úuch láaj kíimiko'ob úuch láaj kíimiko'ob pero ba'alan ma in meento'oni ay,spk_031,14_Micaela_Ek_133
spk_031_utt_0134,ay lelo jach in wilmaj lelo si in wilmaj le ba'al je'elo le beetike tak bejla'e k'aja'an teen santísima pero yaj le ba'al úucho yaj u kíinsa'al máak,spk_031,14_Micaela_Ek_134
spk_031_utt_0135,aaj jump'éel xch'úupal túune ma wey jts'o'ok u beel xane,spk_031,14_Micaela_Ek_135
spk_031_utt_0136,ba'an kensa'ab tu'ux u kaajal le máako u k'aaba u yíichame pelón rodríguez wey yaan kaaje suunajij,spk_031,14_Micaela_Ek_136
spk_031_utt_0137,le tiempo leti a'ala'ab yaan u kíinsa'al le padreo ku taal u ya'alo'ob misa te iglesiao ts'o'okole chéen máako'ob,spk_031,14_Micaela_Ek_137
spk_031_utt_0138,ku ya'alike le jump'éel señoro teen ken in meent in padreil ku búukintik u nook le padreo ku ts'aik le sotanao ts'o'okole chéen máak,spk_031,14_Micaela_Ek_138
spk_031_utt_0139,le xch'úupalo ku na'akal te altaro ku jo'op'ol k'aay,spk_031,14_Micaela_Ek_139
spk_031_utt_0140,ko'olebil bin le máak tu búukint u nook le padreo tu k'ayik chéen salve ku k'ayik úuch kíimiko'ob,spk_031,14_Micaela_Ek_140
spk_031_utt_0141,pero ba'alo'ob ma ucha'ano'ob weya ay santísima pero ya'ab ba'ax ku beeta'al wey kaaj úuchile ya'ab,spk_031,14_Micaela_Ek_141
spk_031_utt_0142,le jaaj le je'el k'aja'an teena pero lelo lelo sajaken ti le ba'al je'el úucho yayaj ba'al,spk_031,14_Micaela_Ek_142
spk_031_utt_0143,teech wáaj a wojel puro kíimij kíinsbilo'ob lalaj ba'alo'ob beyo lelo le jach suuk ay kin wa'alik lelo in wojel k'aja'an teen beyo,spk_031,14_Micaela_Ek_143
spk_031_utt_0144,k'aja'an teen pues le kíinsa'ak le ts'uulo'obo ka'atúul in tio bino'obi bisa'abo'ob cárcel cinco años tu beeto'ob cárcel ka jo'op u chabalo'ob pero ba'an yaan ts'u kíimili cárcel kíimij,spk_031,14_Micaela_Ek_144
spk_031_utt_0145,le don albino koyi ku ya'ala'alo u nojochil le ba'al le kíinsa'ak úucho,spk_031,14_Micaela_Ek_145
spk_031_utt_0146,ts'u yoksa'al bin te carcelo ku ta'akal bin le suum tu kaalo ku t'úuya'al bin beya desde te ka'anal yaano ku cha'ak'abta'al bine pero k'a'am u lúubul ku ts'o'okole ku ka na'aksa'al tuláak,spk_031,14_Micaela_Ek_146
spk_031_utt_0147,tu beeta'al u bo'otik u si'ipil beyo cárcel cárcelil kaampech beeta'ab le ba'alo,spk_031,14_Micaela_Ek_147
spk_031_utt_0148,je'elo niño bey le ba'al úucho ka ts'o'oke xaklankal u máan tu máan pero ba'alo'ob úuch ti'ob úuch láaj kíimiko'ob,spk_031,14_Micaela_Ek_148
spk_031_utt_0149,diosbo'otik ti jajal diose kex beyena kuxa'anen in tsikbalt te'exa beyo lelo yayaj ba'al in wilmaj le je'elo niño ay,spk_031,14_Micaela_Ek_149
spk_031_utt_0150,pero ko'olelo'ob ku yok'olo'ob mina'an bix ka a wila le ok'olo,spk_031,14_Micaela_Ek_150
spk_031_utt_0151,bey chan suuk a bin le misao naak'al teech a wu'uyik ba'ax ku beeta'al ti padre pero le máako'ob ma suuk u bino'obi'o ma poch'bil u beetiko'ob tak bejla bey ka wiliko,spk_031,14_Micaela_Ek_151
spk_031_utt_0152,yaan le máako'obo ku poch'iko'ob le yuum padreo léeyli beya le yaan oora beyo ku tsikbaltik wa yaan ba'ax ken u man iglesiae ku tsikbaltike wa bin yaan máak uts u puksi'ik'ale,spk_031,14_Micaela_Ek_152
spk_031_utt_0153,ka chan síik centavo uti'al u yáantikubáaj ku ya'aliko'obe jan lelo chéen tu k'áatike uti'al u jaantej ki'ob,spk_031,14_Micaela_Ek_153
spk_031_utt_0154,beyo beyo tene ba'axten bíin in tuse'ex pero u yaakumanen ka jléeken tolakio,spk_031,14_Micaela_Ek_154
spk_031_utt_0155,tia'anen tin k'áane chilikbalen beya tin muk'yaj yaj ba'ax ku yúuchul teen ka tin wil u taal juntúul le xi'ipalo ta'aytak bin u k'amik u padreil,spk_031,14_Micaela_Ek_155
spk_031_utt_0156,ka tu ya'alaj tene  doña mica tu túuxten bin padre bin in wa'al bin teche le rezaro'ob a wojelo rezarnen ta k'áan kulen,spk_031,14_Micaela_Ek_156
spk_031_utt_0157,tumen le misa kun meentbil beoraa uti'al jajal diose uti'al a wáantikabáaj uti'al a aliviar ba'ax ka muk'yajtik a tia'al ma'alob,spk_031,14_Micaela_Ek_157
spk_031_utt_0158,jach jaaj xan pues kin wilik le beetike yaan oora túune kin invitartik ka taalak janal,spk_031,14_Micaela_Ek_158
spk_031_utt_0159,pero abuelita óotsilech ay ba'ax a k'áat ti'i padre ko'oten ka jaanako'on ku taal,spk_031,14_Micaela_Ek_159
spk_031_utt_0160,bejla'e ts'o'ok ka'atéen u taal tak u maama tak u taata kensa'ab tu'ux u kaajal le padreo,spk_031,14_Micaela_Ek_160
spk_031_utt_0161,mmm ma bey le ba'al ka wilike'exo beyo jaaj le beetik kin wa'alik te'exe,spk_031,14_Micaela_Ek_161
spk_031_utt_0162,le in wojelo ts'o'ok in wa'alik te'ex beyo,spk_031,14_Micaela_Ek_162
spk_032_utt_0001,bix a k'aaba túun nojoch máak mario chan gonzález,spk_032,15_Mario_Chan_1
spk_032_utt_0002,mario chan gonzález teeche wey siijileche wey siijilene jayp'éel años yaan sesenta y seis nací el diecinueve de enero del cuarenta y cuatro,spk_032,15_Mario_Chan_2
spk_032_utt_0003,teche weyileche nojoch máak weyilene weyilene bija'anech kajtal uláak kaaj wabixij ma'aj ya'ab máanja'anilen meyaje sí ya'ab máanikech ya'ab máanja'anilen meyaj chéen yucatane tin máansaj míin tres años tin máansaj yucatán,spk_032,15_Mario_Chan_3
spk_032_utt_0004,le tu káajal ka'ach cancún bija'anechi puro ti kin viajar ka'achi pero ma p'áatech kajtali ma ma ma si cancune era monte,spk_032,15_Mario_Chan_4
spk_032_utt_0005,no era cancún tu'ux yaan le gasolinerao tu'ux yaan le copao puro nukuch k'áaxo'ob nukuch montaña,spk_032,15_Mario_Chan_5
spk_032_utt_0006,montaña le ba'al je'elo montaña ka'achij montaña a wilmaj túun in wilmaj hombre puro saraguato,spk_032,15_Mario_Chan_6
spk_032_utt_0007,ba'al yaani tene tu ts'a'abal teen junxéet terreno ma p'áateni montaña tu jaajil máax kun a'alike wa cancún va ser una ciudad ajan ma nadie lo pensó,spk_032,15_Mario_Chan_7
spk_032_utt_0008,tumen wa ma'e tak tene ts'in ch'i'ik ku ts'a'abal teen jump'éel teereno de jump'éel hectáreae buka'aj u tojol le ba'al je'elo,spk_032,15_Mario_Chan_8
spk_032_utt_0009,pero nunca nunca supo uno si va a suceder yaan túun a tsikbaltik to'on yo'olal le kaaja nojoch máak yaan chúunchintok'o yaan je túun u ka páajtal a káajsik a tsikbaltik ti to'on entonces le tu época to'one le jach yaan maas úuch antes,spk_032,15_Mario_Chan_9
spk_032_utt_0010,u yaantal le arrozo chicle chéen le ku meyajta'alo puro chicle le weya le weye desde uti'al diciembre ta na'akale jáalale ta máan diciembree,spk_032,15_Mario_Chan_10
spk_032_utt_0011,diciembre tu yéemel le genteo u ts'o'okole uti'al a na'akal tak mayo mayo túun ka ja ja ja ja,spk_032,15_Mario_Chan_11
spk_032_utt_0012,beoritase le épocaak tuláakal le genteo tia'an montañae puro chicle tu'ux túun ku pa'ak'al te bandaa pero ma paak'ali puro chiclear,spk_032,15_Mario_Chan_12
spk_032_utt_0013,aaj yaanili'e yaanili le matao ba'axe yaan a chicleartike ka jóok'ok u resinail te che'o jaaj puro le beyo ku ts'o'okole ku cha'akale ku enmarquetarta'al u mejen marquetailo'ob a diez kilos,spk_032,15_Mario_Chan_13
spk_032_utt_0014,ujum ba'ax añoil lelo nojoch máak k'aja'an teech mil novecientos ochenta puro chicle,spk_032,15_Mario_Chan_14
spk_032_utt_0015,puro chicle tene bueno leti le ka káaj in wiliko pero maas anteso léeyli puro chiclee mina'an maas mixba'al ba'ax ku tséenta'al weye puro k'éek'en,spk_032,15_Mario_Chan_15
spk_032_utt_0016,yaan le wakaxo yaan ba'axe ma ya'ab xani pero le k'éek'eno kaax qué ba'al jump'éel nuxib k'éek'en de ciento veinte kilose ochenta pesos,spk_032,15_Mario_Chan_16
spk_032_utt_0017,jump'éel cargail ixi'ime cuatro pesos sí tu'ux ku ch'a'abal túun ixi'im pues te tiendao je'elo le yaan tolo pero ku ts'a'abal teech,spk_032,15_Mario_Chan_17
spk_032_utt_0018,pero mina'an maan ka bin a beetej k'exbil puro k'exbil mercancía nook aaj ma de maani ma de maan bey de taak'ino puro k'exbil si mina'an taak'in casi,spk_032,15_Mario_Chan_18
spk_032_utt_0019,tene le oroo ma tin wilaji pero yaan le oro bin ku ya'aliko'ob animáas in papajilo puro leti le cinco centavos diez centavos,spk_032,15_Mario_Chan_19
spk_032_utt_0020,aja tene ma tin wilaji le real xan ku ya'aliko'obo le realo ba'ax túuni láayli taak'ine ka'ap'éel real jumpéel real,spk_032,15_Mario_Chan_20
spk_032_utt_0021,óoxp'éel real de oro ma ma'a de puro sencillo ku ya'aliko'ob pero despuese le ka jtaal lelo despuese puro oro puro oro ba'ax u k'áat u ya'al le kaaja nojoch máak chuunchintok chíin,spk_032,15_Mario_Chan_21
spk_032_utt_0022,son sus huevos de uno aja chíin tronco es la mata de un chin mata chintok chuun chíin,spk_032,15_Mario_Chan_22
spk_032_utt_0023,took took'e leti le tuunicho'ob pedernalo aja leti le u k'áat u ya'alo,spk_032,15_Mario_Chan_23
spk_032_utt_0024,troncos talegas pedernal leti u k'áat ya'al le wey le kaaj weya le kaaja jaaj leti u k'aaba'o bueno u k'aaba u ba'alil lelo tumen bix in wa'alik chuun leti le tronco del mata chíintok,spk_032,15_Mario_Chan_24
spk_032_utt_0025,aja chuun chíin es el sus talegas de uno baj aja took es el piedra,spk_032,15_Mario_Chan_25
spk_032_utt_0026,ka wa'alik teen sáamake yaan tsikbalilo'ob a wojel yo'olal aluxo'ob wey xane aan wa ma k ojel de entonces ka jts'o'ok bey uti'al le chiicleo,spk_032,15_Mario_Chan_26
spk_032_utt_0027,despuese ka túun yaanjij gobernador tumen to'one jach yáax presidente de la república bija'ano'on ilae lópez mateos,spk_032,15_Mario_Chan_27
spk_032_utt_0028,es el primero bija'anech jaaj bija'ano'on nos dieron a cinco pesos para ir uti'al ka xi'iko'on ila'o primer presidente de la república que pisó campeche,spk_032,15_Mario_Chan_28
spk_032_utt_0029,le yáax presidente de la republicao kaampech ka jbino'on,spk_032,15_Mario_Chan_29
spk_032_utt_0030,oorajiako puta madre buka'aj gente vinieron mano camionada de gente le weya chéen puro chéen chan vereda chéen puro bueno u beel camion pero puro,spk_032,15_Mario_Chan_30
spk_032_utt_0031,bruto bej mina'an pavimento no hay nada aja utia'al a bine ku jíitikubaj le camiono'ob tak ich luuk'o,spk_032,15_Mario_Chan_31
spk_032_utt_0032,chéen mejen bejo'ob tu'ux ku máan camion le mejen camiono'obo leti le cuarenta y dos cuarenta y cuatro'ob añoso'ob pero fueron camiones fueron camiones,spk_032,15_Mario_Chan_32
spk_032_utt_0033,kin wa'alik teech hasta ku yok'ol le maquina'ob tu na'aksik le cerro'obo ki'ichkelem le mejen camiono'ob puro ford puro camion ford pero de los antiguos pues sí ti baline p'aatal jump'éel ford te'ela máax ti ti balin,spk_032,15_Mario_Chan_33
spk_032_utt_0034,aan jump'éel camión bey in wóol cuarenta y cuatroe úuchben ba'alo'ob puras máquinas buenas juuj bejla'e mina'an u piezail le ba'alo eran latas de primera calidad,spk_032,15_Mario_Chan_34
spk_032_utt_0035,olvídate ma túun ka a abollar ka a yach ka chocart ti che waba'axo,spk_032,15_Mario_Chan_35
spk_032_utt_0036,bey fierro le ba'alo jo'op túun lelo ka jtaal lópez mateos,spk_032,15_Mario_Chan_36
spk_032_utt_0037,lópez mateose ka jtaal bey in wóol martes jueves ma k'aja'an teen máax presidente máax gobernadoril te bey in wóol luis cortíneze uti'al kaampech despuese,spk_032,15_Mario_Chan_37
spk_032_utt_0038,maas tarde túune te úuch túun u taal bix u ya'aliko'ob ti'a aaj ávila bix u k'aaba ka'achij máan de presidente le gobernadora ortiz avila,spk_032,15_Mario_Chan_38
spk_032_utt_0039,leti túun je'ij bejo'ob weya leti beetij yáax escuela weya ávila,spk_032,15_Mario_Chan_39
spk_032_utt_0040,putij maquina xi'ipal ka tu ya'alaje de que puro xan ka tu beet le carreterao jáalale,spk_032,15_Mario_Chan_40
spk_032_utt_0041,mano de obra túun chéen bey túun gente meento puro yéetel carretilla,spk_032,15_Mario_Chan_41
spk_032_utt_0042,le épocao ku ts'a'abal le meksamon ba'ax ku ya'aliko'obo yaan a tukintik tu chuun le che beya kéen wáak'ake yaan u jáatal ku bisik ba'ax ku bisik,spk_032,15_Mario_Chan_42
spk_032_utt_0043,le chúuchumil che'obo ku lúubsa'al beya ts'o'okole ku láam le meksamon tu chuuno le káan wáak'ak le ba'alo ay dios,spk_032,15_Mario_Chan_43
spk_032_utt_0044,xiixkunmaj u chuun le che'obo puro mano de obra puro to'on meentmajil le bej tak ts'íibal ch'e'eno yáax bej le bej uti'al jopelch'e'eno puro terracería lelo chan bej,spk_032,15_Mario_Chan_44
spk_032_utt_0045,lelo puro terracería ay hermano cuánto sufríamos ay hermano puchi duro xi'ipal ti túun beeta'ab le bejo le te túun ka káaj u meyajta'al le arrozo,spk_032,15_Mario_Chan_45
spk_032_utt_0046,arroz arroz wey chunchintok'e jáaw le chicle beyo jáaw le chicleo ka jo'op u meyajta'al túun le koolo yéetel le arrozo arroz yéetel ba'ax koolo kool ku beeta'al beyo pero ma ya'ab xani ma jo'opok u beeta'ali,spk_032,15_Mario_Chan_46
spk_032_utt_0047,pero puro mano de obra le bej tu'ux ku bin le camiono te ku bin máak tak xk'ankabch'e'ene ka ch'a'ik uti'al t'imbul uti'al tak,spk_032,15_Mario_Chan_47
spk_032_utt_0048,te yáaláak ti ku máan máak te yáax bej yaanjij to'on beya despues ti le je'elo ka túun ok ramón barrera el,spk_032,15_Mario_Chan_48
spk_032_utt_0049,licenciado ramón barrera jaaj ramón barrera leti jbeet túun le parqueo jumpuul tu beetil lela jumpuul tu yoksil luz jumpuul tak le palacioo jump'éelili,spk_032,15_Mario_Chan_49
spk_032_utt_0050,un solo año se hizo todo ba'ax añoil míin mil novecientos setenta ka jbeeta'ab le parqueo,spk_032,15_Mario_Chan_50
spk_032_utt_0051,pucha máquina xi'ipal máax kun a'alik wa ju yaantal chunchintok beya no hombre camiones trailers de arroz se llevaba tractoro'obo tene,spk_032,15_Mario_Chan_51
spk_032_utt_0052,semanal kin cobrartik cincuenta millones cuarenta millones de pesos tumen tin láaj jo'osil tak tol meyajo,spk_032,15_Mario_Chan_52
spk_032_utt_0053,káan xi'iken te bancoo u costalil taak'ino'ob kuchbil k bisik blum ku pu'ulul te bancoo,spk_032,15_Mario_Chan_53
spk_032_utt_0054,ujum le weya buka'aj taak'in ku bo'ol tak maas ti cinco millones de pesos semanal ti gente weya tumen le je'elo puro millones ti época je'elo ma bey je'ex bejla'a,spk_032,15_Mario_Chan_54
spk_032_utt_0055,le cien pesoso'obo leti le chowaktako'obo ya que xi'ipal le ba'al le vida chunchintok'a ma t tukult u k'astali baj,spk_032,15_Mario_Chan_55
spk_032_utt_0056,k'aschaja'an beya k'aschaja'an beya tumen ka'acho le genteo ma ya'abo'oni,spk_032,15_Mario_Chan_56
spk_032_utt_0057,tak le faginao jats'uts le calle'oba uti'al k finadose mina'an mix pavimento mixba'al ti ba'ax unicoe limpio'ob,spk_032,15_Mario_Chan_57
spk_032_utt_0058,nuka'aj yaantal finadose puchij tuláakal tu limpiartik u jáal u kootil tu lechartik u kootil,spk_032,15_Mario_Chan_58
spk_032_utt_0059,tuláakal ku beeta'al limpieza bejle ma desde ka j ok le papaj gobierno ya otro cambió ya,spk_032,15_Mario_Chan_59
spk_032_utt_0060,se acabó todo eso ka jo'op u ya'ala'al tun ts'a'abal jump'éel crédito banco que ba'alo'ob tumen úuch ka'ache to'one tene k'uch in beetik,spk_032,15_Mario_Chan_60
spk_032_utt_0061,quinientos mecates kool tak mil mecates k'uch beetik yéetel in suku'un ka t man jump'éel chan xla camion pero puro t causa máax ti ka ch'a'ik taak'in ti mixmáak,spk_032,15_Mario_Chan_61
spk_032_utt_0062,ujum jach k'aja'an teen ka t man jump'éel chan camiono treinta treinta mil pesos jump'éel chan camión,spk_032,15_Mario_Chan_62
spk_032_utt_0063,puchij pero uti'al a manike le treinta milo hermano ya'ab ya'ab ba'al ma je'ex bejla'a aja,spk_032,15_Mario_Chan_63
spk_032_utt_0064,tumen bin túumben camiono'obo jump'éel túumben camione cien mil pero tu'un ken a ch'a cien mil uti'al a juntartik,spk_032,15_Mario_Chan_64
spk_032_utt_0065,entonces pues ka túun taal uti'al le arrozo ya cambió la vida chunchintok,spk_032,15_Mario_Chan_65
spk_032_utt_0066,ka jo'op u meyajta'al tene comisario ejidal le oorajeako bey in wóol mil quinientos millones de pesos tin manejartaje tuláakale ts'o'okole,spk_032,15_Mario_Chan_66
spk_032_utt_0067,ka jo'ok'sa'abene cien millones de pesos yaan banco ka jóok'en yéetel preparado mil hectareas lu'um tin láaj beet u yutskíinsa'al lelo todavía tin p'at le taak'in je'elo,spk_032,15_Mario_Chan_67
spk_032_utt_0068,ay hermano ka jla'am u máak'anto'ob uláak tu ts'ajo'ob paseli p'áat limpioil le terrenoo,spk_032,15_Mario_Chan_68
spk_032_utt_0069,je ku taal rosa maría de negroo uláak político ka jo'op u ya'ala'ale de que ya'ab taak'in tin woklaj que la puta madre ba'ane tuláakal ba'ax úuchij entonces,spk_032,15_Mario_Chan_69
spk_032_utt_0070,le genteo ka jp'u'ujij tumen tene tu época salinas ka tin meent in comisarioil comisario ejidal,spk_032,15_Mario_Chan_70
spk_032_utt_0071,tu época salinas tin meent in comisario ejidalil salinase t'aanajen yéetel jóopelch'e'en t'aanajen yéetel ts'íibal ch'e'en úuk'um es maas tu ordenartaj teen ka ts'a'abak,spk_032,15_Mario_Chan_71
spk_032_utt_0072,jump'éel camión de pasaje teen uti'al in ts'aik servicio ka ts'abak ba'ax jump'éel camión de pasaje ka páatak u yaantal servicio tumen mina'an servicio camión te'ela,spk_032,15_Mario_Chan_72
spk_032_utt_0073,pasaje jak'a'an u yóol le genteo ka tu yu'ub in k'usik le camiono,spk_032,15_Mario_Chan_73
spk_032_utt_0074,tak jóopelche'en mixmáak ti ku ts'a'abal costó treinta y ocho millones de pesos papaj mix diez centavos tin ts'aji,spk_032,15_Mario_Chan_74
spk_032_utt_0075,ka jo'op meyajtik ka jo'op puta leti le tu yilaj túun le genteo ka tu ya'alajo'obe tin wokoltaj taak'in,spk_032,15_Mario_Chan_75
spk_032_utt_0076,pero tu'ux ken in wokoltej si le je'elo leti le salinas túuxt teno pero t bo'otaj ta na'ataj to'one jump'éel grupo cuarenta y cinco gente'on ma k k'áat ka ko'onok le maquinariao porque ya vimos,spk_032,15_Mario_Chan_76
spk_032_utt_0077,yaan meyaj yaan taak'in ti gente pero ka j ok uláak politico'obe ka yaanjij u láaj deshacer le ba'alo to'one k'a'alo'on weye siete días k'ala'ano'on te'ela,spk_032,15_Mario_Chan_77
spk_032_utt_0078,puta ma táan k jo'osa'al kin wa'alik ti'obe pues jo'osene'exi ka páatak u investigarta'al y yaan autoridado'ob para que nos juzguen wa jaaj k ch'a'amaj le taak'ino,spk_032,15_Mario_Chan_78
spk_032_utt_0079,también que nos castiguen yo'olal beyo ma k suut tontoil mu sa'atal k óol k ch'a jump'éel ba'al ma k tia'ali,spk_032,15_Mario_Chan_79
spk_032_utt_0080,mare xi'ipal pues beeta'ab a'ala'ab beeta'ab teen le auditoriao puta madre tene min wilmaj si tene chéen chan primaria in xookmaj pero le úuch ka'acho chavo ku ye'esa'al,spk_032,15_Mario_Chan_80
spk_032_utt_0081,tak le raíz cuadradao tuláakal u peel u tso ba'alo'ob a wojéelto ti primaria beyo aaj jaaj tuláakal pues ti cuentao peel u tso ma túun wa'atako'on k ojel t kanaj,spk_032,15_Mario_Chan_81
spk_032_utt_0082,tumen le úuch ka'acho wa ma ta kanike ka k'a'alaj te escuelao wa tres días ta kane tres días káan jáalk'abta'akech máax k'alikech túun leti le maestro'obo,spk_032,15_Mario_Chan_82
spk_032_utt_0083,sí había orden wa chan yaan chan lu'um ta wíich'ak beya,spk_032,15_Mario_Chan_83
spk_032_utt_0084,yaan u láaj xo'otol a wíich'ak yaan u p'o'obol a k'ab yaan tuláakal wa yaan a wuuk'e yaan a t'oorochta'al yaan ya que aquí había orden kex ropa remendada pero que esté limpio,spk_032,15_Mario_Chan_84
spk_032_utt_0085,bey bin bey bin le epoca je'elo le escuelao chéen chan lamina,spk_032,15_Mario_Chan_85
spk_032_utt_0086,pero sí nos enseñaban y wa ma t kanike kéen taak k maama yéetel k taatatsile limpia papá,spk_032,15_Mario_Chan_86
spk_032_utt_0087,y ts'o'okole tia'an le maestro'obo le kéen luk'uko'obe wa ma ta kane ka xolkíinta'al kex diez minutose a láat'maj ka'ap'éel tuunich,spk_032,15_Mario_Chan_87
spk_032_utt_0088,sí está duro por eso aprendimos wa ma cadae ba'ax ku ts'a'abal teech uti'al a jo'osik a cuentae u lóoch bu'ul u lóoch ixi'im uti'al a beetik a cuentae yaan a beetik yaan a jóok'ol yéetel,spk_032,15_Mario_Chan_88
spk_032_utt_0089,wa ma ta jóok'ole wa tres díase tres díase tia'anechi había ley ma je'ex bejla ku poch'ech jump'éel paala káan u ya'al walkila mixmáak ku máan,spk_032,15_Mario_Chan_89
spk_032_utt_0090,to'one chúunk'in táan k okol ma túun beora ka cha'abak a máana papaj animás in suku'unile in papaj bin arreglartik ka a'ala'ab ti'e le xch'úupale ts'o'ok u arreglartik ka xi'ik u yila'ej,spk_032,15_Mario_Chan_90
spk_032_utt_0091,ma tu páajtal u bin u yil leti ma tu páajtal u bin mina'an ma tu cha'abal bix túun ka'ach u yúuchul bix u beeta'al ka'ach le pues ku bin le nojoch máako'obo leti ku yokoli láayli ku bin ilik,spk_032,15_Mario_Chan_91
spk_032_utt_0092,ku t'aan yéetel u yuum u taata le xch'úupalo wa tu éejent le xch'úupal ma'alob kie pues ku túuxta'al le joven iliko aja leti'obe mu t'anmuba'ob mix juntéeni aaj ma u k'ajóol hastai káan k'uchuke ku k'áatik,spk_032,15_Mario_Chan_92
spk_032_utt_0093,buenas días wáaj buenas tardes ka jk'uche jáala teech wáaj teech wáaj lelo joven teen ajan ma'alob cómo ma k arreglarmaj máanen a wilej wa le xch'úupal uts ta wicho,spk_032,15_Mario_Chan_93
spk_032_utt_0094,t'aanen yéetel tsikbalnene'ex libre jump'éel chan cuarto yaano'ob máanene'ex,spk_032,15_Mario_Chan_94
spk_032_utt_0095,tsikbalne'ex wa tumen ku béeytale pues de una vez jumpuli jumpuli yaan a ts'aik u mu'ujulil yaan a ts'aik yaan u ts'a ba'axi mu'ujulil mu'uj mu'ujulil ba'ax túun le je'elo,spk_032,15_Mario_Chan_95
spk_032_utt_0096,yaan u ts'a'abal u xanab yaan u ts'a'abal u nook le maamatsilo tuláakal completo y ts'o'okole yaan u bisa'al u muut iik,spk_032,15_Mario_Chan_96
spk_032_utt_0097,yaan u bisa'al u yixi'imal u muut ixi'im máax bisik le je'elo leti le máax ku k'áatankilo u tragoile jump'éel botella trago lelo u época úuch ka'ach beyo jool káatsin el mejor trago que había bix u k'aaba,spk_032,15_Mario_Chan_97
spk_032_utt_0098,jool káatsin yéetel jump'éel botella vino jerez lelo yaan a bisik uti'al le k'áatantsilo yéetel tres kilos chukwa,spk_032,15_Mario_Chan_98
spk_032_utt_0099,yéetel u waajil yaan a bisik xan waajil harina yaan a kaxtik xan máax k'ubik aaj ma teech kan k'ub ma mix le taatatsilo yaanal máax ku k'ubik,spk_032,15_Mario_Chan_99
spk_032_utt_0100,kan ts'o'ok tuláakale máax túun ken a kaxtej je máaxake a amigo wáaj familiare k'abéet nojoch máak,spk_032,15_Mario_Chan_100
spk_032_utt_0101,uti'al u beeto'ob u t'aanil tuláakal uti'al u k'u'ubul mare chan ya'ab ba'al ku bisa'al ya'ab ma creertik wa chéen ch'a'bil,spk_032,15_Mario_Chan_101
spk_032_utt_0102,jaymáal túun le k'áato chéen u páak le kan asegurarnake ts'oka'an le ts'o'okol beelo púuchij lelo puro waaj puro refresco,spk_032,15_Mario_Chan_102
spk_032_utt_0103,le épocao mina'an mix bix u ya'ala'al ti mix refresco máatik mina'an weye mina'an refresco chéen le chukwa'o le trago chéen bey u yu'uk'ulo,spk_032,15_Mario_Chan_103
spk_032_utt_0104,chéen beyo chéen wáaj yéetel limachina wáaj toronja waba'ax,spk_032,15_Mario_Chan_104
spk_032_utt_0105,pero mina'an ma k'ajóola'an ba'ax refrescoi mina'an refresco contras si mix radio yaan aaj mix radio yaan mina'an radio bey in wóol mil novecientos setenta míin bix ka k'uch yáax radio weye,spk_032,15_Mario_Chan_105
spk_032_utt_0106,de caja de che u ba'alil beya le tu época tu loox becerra yéetel elí mí,spk_032,15_Mario_Chan_106
spk_032_utt_0107,puta madre k'al áak'ab wey yaano'on becerra yéetel máax elí mí u k'aaba le bokseadoro'obo aaj boks jaaj boks,spk_032,15_Mario_Chan_107
spk_032_utt_0108,te'exe ti radio ka wu'uyike'ex te radio k u'uyiko pero te yáax radioo míin leti le yáax peleadoro'obo,spk_032,15_Mario_Chan_108
spk_032_utt_0109,púuchij máquina xi'ipal era una fiesta esa cosa puta si mixmáak u yu'umaj u paax chéen kin wa'al teche yáax avión wey k'uche,spk_032,15_Mario_Chan_109
spk_032_utt_0110,mare xi'ipal áalkab k beetik ma k k'ajóol ba'axi ba'axi avión ts'u k'uchul jump'éel avión weye weye ku líik'il avión ka'achij,spk_032,15_Mario_Chan_110
spk_032_utt_0111,aja ti ku taal ti ku bisa'al k'oja'ani ti ku taasa'al jun chan p'íit mercancía xani tu'ux túun ku bisa'al bey le k'oja'ano te ts'íibal ch'e'eno yaan doctori,spk_032,15_Mario_Chan_111
spk_032_utt_0112,wa ma'e jóopelch'e'en mina'an le beejo le o'olal mina'an mina'an aja máax tia'altik túun le aviono uti'al jump'éel tal animáas kike weyile yucateco aaj yucateco yucateco,spk_032,15_Mario_Chan_112
spk_032_utt_0113,yo'ol u valienteil xan angelitoe jkíimij bueno tu fallo u camione binij kex tu fallar le motoro binij,spk_032,15_Mario_Chan_113
spk_032_utt_0114,ma k'uch ts'íibal ch'e'en ka jkíimi míin voltear walchaj u bin,spk_032,15_Mario_Chan_114
spk_032_utt_0115,to'one jump'éel empaque costal t chok'aj te tu llantae ma'alob le aviono bey líik'ik u taal bey biniko,spk_032,15_Mario_Chan_115
spk_032_utt_0116,ti yáax avion k'uch weyo ba'ax túun ku beetik le kaaj ka tu yil u k'uchul jump'éel aviono puta maa ku yaantal trabajo ma k k'ajóoli sajake'ex ti,spk_032,15_Mario_Chan_116
spk_032_utt_0117,sajako'on ti ka a'ala'abe de que yaan u taal le avioneta bueno si yáax tak to tu'ux ka'ach ka je'ebil beja míin maas ti dos leguas u bin u k'uchul táan u bin gente ilik ma k'ajóola'an le tractoro'obo,spk_032,15_Mario_Chan_117
spk_032_utt_0118,tu taal u je'ebel le beja pero weye ba'ax jach táaj ya'ab ba'ax jo'osa'abe che madera ti u taak'inil xan le wey ka'acho,spk_032,15_Mario_Chan_118
spk_032_utt_0119,che pues xi'ipal ya'ab u historia le chúunchintook'a hermano tene ka tin beet in comisarioil chéen tumen ma tin beet u libroili tumen wa ma'e jump'éel testamento nojoch ya'abach ba'al pues entonces,spk_032,15_Mario_Chan_119
spk_032_utt_0120,to'one yaan to'on le idea tak bejla'o tumen animáas papajile u ya'almaj to'one de que yaan le nukuch máako'obo yaan le aluxo yaan a jo'osik u chan uk'ulil tak bejla,spk_032,15_Mario_Chan_120
spk_032_utt_0121,tak bejla'e yuul tin ts'aik u yuk'ulil in kool pero yaan máax ma tu beetik,spk_032,15_Mario_Chan_121
spk_032_utt_0122,se acabó todo de eso uti'al ka'ach úuche ma teche xuulul ka beetik beyo tene láayli si kin beetik pero bix u tsolik teech a papá pues desde cuando ka wilik tu jaanta'al a koole es que u yuk'ulil k'abéet tumen xnook'ol wa ta,spk_032,15_Mario_Chan_122
spk_032_utt_0123,wilik tu sen jaanta'al tumen ba'alche'o ka ts'aik u yuk'ule ku chan ch'éemel ujum teche káan a k'ubil le koolo je kin k'ubika tumen in koola kanante'ex teen in kool ma jach cha'ike'ex u jaanta'al tuláakal bueno te ich kool beyo máax,spk_032,15_Mario_Chan_123
spk_032_utt_0124,ti aluxo'obo ti ki'ichkelem yuum ti jajal dios tuláakal ka ts'a'abak u poderil ti'ob xan ka u kaláantiko'ob k lugar tuláakal le je'elo'obo xi'ipal pues beyo hermano,spk_032,15_Mario_Chan_124
spk_032_utt_0125,pero bejla'e tu'ubij tu'ubij tu'ubij takináaj le santo iglesiao ma úuch ku sen taal bueno ku yaantal algo gentei tumen ka'ache tu'ubij,spk_032,15_Mario_Chan_125
spk_032_utt_0126,tak u yaantal teech sarampión wáaj nukuch k'oja'an ku ya'aliko'ob ku jóok'ol techo yaan u jo'osa'al u yuk'ulil,spk_032,15_Mario_Chan_126
spk_032_utt_0127,ti xpe'et ku ts'a'abal te mejen ba'alil aak'o'ob beya ku ch'uykíinta'al tu'ux kun jo'osbil te najo tu jool joolil le najo aaj jool le naj jool le najo,spk_032,15_Mario_Chan_127
spk_032_utt_0128,uti'al u ts'ooke yaan u kíinsa'al u kaaxil uti'al ts'áabil uti'al u k'u'ubul ti nukuch máako'obo ku tse'ektiko'ob ba'an maas ts'o'ok u yúuch le,spk_032,15_Mario_Chan_128
spk_032_utt_0129,santo tse'eko bix túun pues k'áat óolt ti ki'ichkelem yuum ku salvarto máax beetik túun le ts'e'ek le santo tse'eko pues le tse'eko ki'ichkelem yuum túuxtik ba'ax túun maas bey je'ex le k'oja'anilo dios castigartiko'on leti ts'aik,spk_032,15_Mario_Chan_129
spk_032_utt_0130,mina'an wa ma ki'ichkelem yuum túuxtik to'on tuláakal k'oja'anil tuláakal ba'al y a wa'al teen wa je'ex le káaltalo ma bin a creert wa ma'alob ya'abach k'oja'anil ku taasik,spk_032,15_Mario_Chan_130
spk_032_utt_0131,yaan k'iine mix ta janal mixba'ale pues allá vienen las enfermedades tene in wa'alike míin le úuch ka'acho míin yaan tak le cancero chéen ba'axe como ma u yojel máake ma chéen kíim tal fulano,spk_032,15_Mario_Chan_131
spk_032_utt_0132,ka kíim gente weye xi'ipal sáansamal ka'atúul sáansamal ka'atúul sáansamal ka'atúul úuch lelo úuchij juu ts'u yúuchtal ka'aka'atúulil u kíimil mejen paalal,spk_032,15_Mario_Chan_132
spk_032_utt_0133,tak nukuch máako'ob ba'ax túun kíinso'ob puro k'oja'anil ma ojéela'ani ba'an kun ojéeltbil a wojel cuando yaan k'oja'anil beyo puro ts'aak de xíiwul,spk_032,15_Mario_Chan_133
spk_032_utt_0134,uti'al wach'k'ale leti le malva xkots'nej ma'axo ku cha'akale ku ts'a'abal u lavadoil ti máak ba'ax xíiwulil xkots'nej ma'ax xmalva que ba'alo'ob beyo,spk_032,15_Mario_Chan_134
spk_032_utt_0135,le injebloo uti'al u juubul a nak te jkáakabo'obo yaani ti ku ch'a'abal uti'al bey wa,spk_032,15_Mario_Chan_135
spk_032_utt_0136,juubul a nak'o ku póoka'al le je bey te tu chuumil le ta'an le k'óoben beya chokoj chokojil u ts'a'abal xa'ak'ta'ale ku táakch'inta'al ta nak ku ts'a'abal ba'ax xa'ak ku táakch'inta'al ta nak,spk_032,15_Mario_Chan_136
spk_032_utt_0137,to'one yaan k'iin kan ajako'one k lamik ti aja mare pero ku máan xi'ipal ku máan ku máan ku pa'abal le je bey te chuun le xta'an beya ti ku tajli kan jo'osa'ak bey chokoj chokojo ku k'a'axal ta nak ya'ab,spk_032,15_Mario_Chan_137
spk_032_utt_0138,ya'ab u clases u formail u kuxtal máak úuch ka'ache mina'an agua potable mina'an mixba'al puro ja'il ch'e'en puro ja'il áak'al,spk_032,15_Mario_Chan_138
spk_032_utt_0139,le ch'e'eno'obo ma ta wilik le ch'e'eno'ob yaan te k'íiwiko jaaj tin wilik je'elo leti úuchben ch'e'eno te ch'e'eno'ob beyo k'ucha'an yuk'ul ja cien cabezas wakaxi maas le gente yaan weya,spk_032,15_Mario_Chan_139
spk_032_utt_0140,jayp'éel le ch'e'ena míin óoxp'éeli yaan te'ela ku kuchik ma tu sa'ap'al p'áat t'oxbil u beeta'al ja'e sí,spk_032,15_Mario_Chan_140
spk_032_utt_0141,pero mina'an mixba'al mina'an luz mina'an mixba'al chéen chan kib puro gas,spk_032,15_Mario_Chan_141
spk_032_utt_0142,te mejen quinqué ku taal beya te ka t'ojik le gaso ku ts'a'abal le mechao ti ku máan áak'ab techi ya que bey le vidao xi'ipal,spk_032,15_Mario_Chan_142
spk_032_utt_0143,"ka túun jo'op u taal le radio ka jo'op u taal le vitrola de juch'bil yaan a ts'aik cuerda ti beya uti'al u 
paxik le discoo ti le yáax yáax ba'alo'ob k'ucho'obo vitrola u k'aaba vitrola",spk_032,15_Mario_Chan_143
spk_032_utt_0144,ku ts'a'abal le discoo ku ka'anal le je'elo ku ka'anal lelo ku yokol uláak'i a wojel ba'ax túun ku ts'a'abal uti'alil u sáasilta'al puro xk'an chaan tajche,spk_032,15_Mario_Chan_144
spk_032_utt_0145,ku ch'a'akal le si beya ku la'amal k'áak'e k'al píik'sáas u p'áatal beya ti ku yúuchul le óok'oto,spk_032,15_Mario_Chan_145
spk_032_utt_0146,ti ku yúuchul le óok'oto bix u k'aaba ka wa'alik teen xtajche tajche ku ch'a'akal le xk'anchaan bey u bu'ujula puta ku pa'ak'ale píik'sáas u p'áatal,spk_032,15_Mario_Chan_146
spk_032_utt_0147,ya que hermano ya'abach bueno maas había vida había comida pavo venado je'el ba'ax a k'áat a jaante,spk_032,15_Mario_Chan_147
spk_032_utt_0148,le xkaaxo'obo chéen ti ku tóop'ol yáanal ch'e'obo náab ku beetik,spk_032,15_Mario_Chan_148
spk_032_utt_0149,baach kuuts je'el ba'axak a k'áat a jaante yaan ma mina'ani chéen a jóok'ol te jo kaajo tak le chakmo'olo te ku náakal te santanao,spk_032,15_Mario_Chan_149
spk_032_utt_0150,yaan tu'ux ku náakal tak te tu'ux yaan le cementerio ti ku náakali ti u kíinsmaj wakax jump'éel téeni ti ts'o'oni,spk_032,15_Mario_Chan_150
spk_032_utt_0151,pues mina'an sajkil bejla'e mina'an le chakmo'olo yaan láayli yaane ma úuch ku ts'o'onol juntúuli,spk_032,15_Mario_Chan_151
spk_032_utt_0152,pero ma je'ex ka'acho máatik maas montaña le ba'al wey ka'ach úucha ma kola'ani nukuch k'áaxo'ob si to'one yaan to'on montaña chéen tumen wa yáaxk'iine jin bisikech,spk_032,15_Mario_Chan_152
spk_032_utt_0153,te'ela puro nukuch cedro'ob yaani láayli u conservarmaj selva yaan ka'ap'éel nukuch rio'ob te'ela puro áak'alo'ob ma'alob to'one yaan to'on nukuch k'áax ma leti,spk_032,15_Mario_Chan_153
spk_032_utt_0154,le bey je'ex lela yaan nukuch montaña to'on te'ela míin veinte mil hectáreas p'aatal te'ela jach selva yaani yaan le chakmo'olo yaan dantoi yaan yaan le kéejo'obo yaan tuuchai yaan,spk_032,15_Mario_Chan_154
spk_032_utt_0155,yaan sarawatoi yaan tuláakal yaani jaaj bix túun u beeta'ale le kool ka'acho puro yéetel báat,spk_032,15_Mario_Chan_155
spk_032_utt_0156,puro yéetel báat puro yéetel báat yéetel máaskab lóo'che no hay fumigación puro páak puro páak puro páak,spk_032,15_Mario_Chan_156
spk_032_utt_0157,ya que bey le vidao no hombre tene ts'o'ok in nojochtal míin bey je'ex le paalalo'ob ku báaxalo'ob te'elo ipíil yaan teen yéetel xanab k'éewel ipíil ipíil buka'aj años yaan teech bey ka'acho míin kex ocho años yaan tene ipíil yaan teen,spk_032,15_Mario_Chan_157
spk_032_utt_0158,yéetel xanab k'éewel yéetel xanab k'éewel ma ojéela'an ba'ax pantaloni,spk_032,15_Mario_Chan_158
spk_032_utt_0159,sí puta ya'ab máax a'alike tráabajo pero míin maas ma'alob porque había respeto había todo hermano ma beora,spk_032,15_Mario_Chan_159
spk_032_utt_0160,ka jáan beet waba'axa wa ka wookole aay yaan a to'opol aaj yaan a to'opol wa jump'éel ba'ax delitoil ta beetaje diez quince cargas,spk_032,15_Mario_Chan_160
spk_032_utt_0161,sajkab ken a jo'osej kuchbil ma bin a ket wáaj yéetel carretilla waba'al kuchbil ken a jo'osik yaan a jo'osik cien tuuniche kuchbil máax túun ts'ik teech a beetej leti le autoridado,spk_032,15_Mario_Chan_161
spk_032_utt_0162,pero le autoridado je'ex bejla'a comisario comisario wáaj de ma comisario ma comisario yaanil yaan policía yaan policía wey ka'ache,spk_032,15_Mario_Chan_162
spk_032_utt_0163,pero mismo gente'ob yaan u ts'a'abal a chan tortol aaj ba'ax le beyo jump'éel chan xéet che,spk_032,15_Mario_Chan_163
spk_032_utt_0164,ujum wa ma ta páajtal kex tumen óoxtúul ku ts'a'abalo wa ma tu páajtale chéen ku ya'alik auxilio kie puta ku múuch'ul gente machik máax ku beetik relajo leten kin wa'alik teche había más,spk_032,15_Mario_Chan_164
spk_032_utt_0165,justicia había coordinación ti genteo ma je'ex bejla'a xa'ak'paj gente beorae jump'éel paale beora ts'u láanpoch'ikeche,spk_032,15_Mario_Chan_165
spk_032_utt_0166,aja tin wa'alik teche le estudio ka'ach úucho beyo le maestroo tu máan yéetel u regla tu yilik wa ta t'aan waba'axe taan ken u top a nalgas yéetel u regla wa ma'e ta pachkab ku xíikjats'tik teech,spk_032,15_Mario_Chan_166
spk_032_utt_0167,sí había leyes es otra cosa mare xi'ipal ku t'aniko'ob maaya túun xan le maestro'ob ka'acho ma ku t'aniko'ob maaya maas pero si le ba'alo maestroo míin mix tercero u xokmaj maestro,spk_032,15_Mario_Chan_167
spk_032_utt_0168,no había maestros ujum había pero u yojelo'ob xan u yojelo'ob,spk_032,15_Mario_Chan_168
spk_032_utt_0169,u yojelo'ob ma je'ex bejla'a bejla'e yaan tak terceroe ka t'anike ma u yojel ba'ax k'iin ka yaanjij jump'éel presidente de la republica que ba'alo'ob bey ma u yojelo'obi ujum es que ma había estudio,spk_032,15_Mario_Chan_169
spk_032_utt_0170,y le libro'ob ku taalo'obo leti le gratuito'obo,spk_032,15_Mario_Chan_170
spk_032_utt_0171,ma'alob libro'ob láaj pintado tuláakal ti ku láaj tsolik ba'axo'obi ma je'ex bejla'a,spk_032,15_Mario_Chan_171
spk_032_utt_0172,si to'one ma t ketmi ma in wojel ts'íib bey de molde beyo puro minúscula tene ma in wojel ts'íib beyo puro minúsculas puro minúscula,spk_032,15_Mario_Chan_172
spk_032_utt_0173,ka tin beet jump'éel solicitud uti'al le camión ti le salinaso puro minúscula bey tin preparartilo manuscrito wáaj manuscrito ba'ax máquina chek'a'an peelil bey tin ts'íibtil ti'o,spk_032,15_Mario_Chan_173
spk_032_utt_0174,mare xi'ipal tu ts'aj teen tak u número u teléfono a wojel wáaj buka'aj tu túuxtaj teen salinas uti'al u gastoil le genteo leti le ma u yojelo'obo cinco millones tu túuxtaj teen le épocao uti'al in beetik u gastosil,spk_032,15_Mario_Chan_174
spk_032_utt_0175,ba'ax gastosil uti'al in beetik u gestionil kaampech kin bisik tak cuatro óoxtúul máak tin paache yaan in ts'aik a cien pesos tu taanajo,spk_032,15_Mario_Chan_175
spk_032_utt_0176,ajan ba'ax ka solicitartik le oorao leti le camion de pasajeo si tuláakal máax a'alik teen locoen tumen ma tu k'u'ubul teen le camiono jóopelch'e'ene u solicitarmaj todavía ti'i táanil ts'a'an in tia'al teni,spk_032,15_Mario_Chan_176
spk_032_utt_0177,ma tu creertik tak le presidenteo tak le gobernadoro puta jak'a'an u yóol mario menae le uti'al le transitoo tu federalil,spk_032,15_Mario_Chan_177
spk_032_utt_0178,míin seis u páakal tu p'uch in cachucha tu oficina ku ya'alik de que ma bin bueno jamás ku ts'a'abal to'on le camiono,spk_032,15_Mario_Chan_178
spk_032_utt_0179,pero ka a'ala'ab ti'e no kin wa'alik ti'e sabes qué orden del señor presidente de la república de que ya,spk_032,15_Mario_Chan_179
spk_032_utt_0180,no quiere más líos que él quiere que la gente prospere,spk_032,15_Mario_Chan_180
spk_032_utt_0181,mare beyo xi'ipal juu ya'abach ba'al ucha'an teen buka'aj ba'alo'ob pendejada'ob xi'ipal mare ya'ab ba'al a wilmaj nojoch máak juu k ilmaj k meyajmaj,spk_032,15_Mario_Chan_181
spk_032_utt_0182,tene tak bejla'e me respetaron la gente tumen ma tu k'alen tu k'aleno'ob weye pero chéen la ignorancia,spk_032,15_Mario_Chan_182
spk_032_utt_0183,beeta'ab teen auditoría tu tres días ka k'alpaj hasta tin alcanzartaj bey in wóol veinte mil pesos tin alcanzarte jaaj,spk_032,15_Mario_Chan_183
spk_032_utt_0184,tin alcanzartaj mismo le ku jóok'olo le épocao tu épocas salomón ku ya'alik tene mira tu ts'aik teen in taanaj kaampech,spk_032,15_Mario_Chan_184
spk_032_utt_0185,tu ts'aik teen in camioneta uti'al in meyaj tuláakal tumen le gentea p'u'ujij,spk_032,15_Mario_Chan_185
spk_032_utt_0186,p'u'ujij puta si taak u kíinsikeno'ob hasta puta tia'anen te'elo ku t'abiko'ob gasolina yóok'ol le calabozoo xi'ipal tu kíinso'ob k wakax,spk_032,15_Mario_Chan_186
spk_032_utt_0187,ba'alo'ob tu envenenarto'ob tak k wakax si durochaj le ba'alo'ob xi'ipal uuta le gentea chan k'as ts'íiko'ob,spk_032,15_Mario_Chan_187
spk_032_utt_0188,túun mare xi'ipal ts'íiko'ob weye ts'íiko'ob tumen ma bueno chéen jump'éel ba'al empujarbil beeta'abiko'ob tumen uláak político'ob,spk_032,15_Mario_Chan_188
spk_032_utt_0189,ma wabixi bey ucha'anil le ba'alo ma tumen wa wey u líik'il ba'ala gente de afuera uti'al política ti le beet u k'astal,spk_032,15_Mario_Chan_189
spk_032_utt_0190,ujum ya que trabajo tene tak bejla'e tranquilo,spk_032,15_Mario_Chan_190
spk_032_utt_0191,le ingeniero taal te tu méek'ikena es mi íntimo leti éet meyajo'ob te arrozo,spk_032,15_Mario_Chan_191
spk_032_utt_0192,úuch a k'ajóoltej úuch in k'ajóolt le máako'oba tene le gobernador tolakjiako tu túuxtaj teen cinco rollos alambre uti'al in wakax,spk_032,15_Mario_Chan_192
spk_032_utt_0193,me aprecia le gente me conoce mucha gente táaj ya'abal gente in k'ajóol ya'ab gente in k'ajóol xi'ipal tene in llave,spk_032,15_Mario_Chan_193
spk_032_utt_0194,kin ts'aik u gracias ti ki'ichkelem yuum mix cinco in wokolmaj ti'ob beyo ya que le vida beyo hermano,spk_032,15_Mario_Chan_194
spk_032_utt_0195,le alux túuno le aluxo chavo pues yaan u momentoil u ja'asik u yóol máak,spk_032,15_Mario_Chan_195
spk_032_utt_0196,úuch ka'ach bueno ja'ali ka tu ya'alaj to'on animáas in papaje ma ch'a'ike'ex sajkil le te kool ku kanantiko táan k máane jirim woom ku ch'inik le ch'íich'o'obo jaaj,spk_032,15_Mario_Chan_196
spk_032_utt_0197,yaan pero beyo k ts'aik u yuk'ule le ku calmar ku calmar pero yaan tu'ux lugaril ku ja'asa'al u yóol máak,spk_032,15_Mario_Chan_197
spk_032_utt_0198,weya weye yaan tu'ux lugarilo'ob ku ja'asa'al u yóol es que yaan k'iin xane ka propasar yaan le tiradoro'ob wey nukuch máako'obe yaan juntúule chéen ken jo'opok a tsikbaltike mejor ku yok'tik,spk_032,15_Mario_Chan_198
spk_032_utt_0199,tene kin wa'alik míin ja'ats'ij kensa'ab ba'ax beeta'ab ti tumen nukuch máako'ob jach ku propasar u ts'oono'obe ku ja'asa'al u yóolo'ob le máako tak bejla ma'atech u jóok'ol k'áaxe tu p'ataj,spk_032,15_Mario_Chan_199
spk_032_utt_0200,le ts'oon pero sáansamal u ts'oon sáansamal hasta k a'alik ti'e xi'ipal ma beetik le ba'al beyo,spk_032,15_Mario_Chan_200
spk_032_utt_0201,ti ku wenel k'áaxe ba'axten tu chan juun ku máan pero le nukuch máako'obo jach bin ka ts'aik meyaj ti'ob tu kaláantikecho'ob,spk_032,15_Mario_Chan_201
spk_032_utt_0202,jach ku ts'a'abal meyaj ti'ob uti'al u kaláantiko'ob máak tumen u yuumil k'áaxe yaan yaan u yuumil le k'áaxo yaan u yuumil k'áax bix mu yaantal,spk_032,15_Mario_Chan_202
spk_032_utt_0203,je'ex le kéejo'obo yaan u yuumilo'ob si yaan le kéej ka ts'oniko marcado bix je u marcarta'ale pero bix marcadoil marcado yaane xota'an u xikin yaane tu yook,spk_032,15_Mario_Chan_203
spk_032_utt_0204,u ts'íit beya tu xaaw beya yaanal blanco wa ma'e tu kaal yaan jump'éel raya,spk_032,15_Mario_Chan_204
spk_032_utt_0205,yaan u yuumil le ba'alche'obo mu yaantal tuláakal yaan jump'éel chan tsikbal u beetmaj teech a papaj tene xi'ipal te tin koolo,spk_032,15_Mario_Chan_205
spk_032_utt_0206,le te mecanizada buka'aj kaan ku kíinsa'ali wíinik pero yaan kaani pero chéen ta máane ts'apakbal puro tsáab kaan puro,spk_032,15_Mario_Chan_206
spk_032_utt_0207,mare jump'éel díae jump'éel nojoch máake ts'u kíimil xan le nojoch máako tin tséel yaan ocho kaan tu kíinsaj chéen tu máan u chan joch jump'íit nal hasta tu ch'a'aj sajkilil ka tu p'ataj ma tu seguirt u jochiki,spk_032,15_Mario_Chan_207
spk_032_utt_0208,xi'ipal tene tin láaj ts'áamal u yuk'ulil jáalale bey in meen pues ba'an maas wa yaan u chiichi'ile,spk_032,15_Mario_Chan_208
spk_032_utt_0209,ki'ichkelem yuum ken u ts'a u poderil to'on ma k ilik mixba'al gente tin woksi,spk_032,15_Mario_Chan_209
spk_032_utt_0210,jo'ochik ts'o'ole chika'an máanaja'anil le kaano'ob beya mix jump'éel kaan tin wilaji xi'ipal leten kin wa'alik teche yaan u yuumil k'áax chavo ba'axten túun ya'ab le kaan yaan ka'achi'o puro kaan,spk_032,15_Mario_Chan_210
spk_032_utt_0211,pero ba'al yaan kaan te mecanizado ka'acho xi'ipal úuch ku xu'ul le kaano leti ka cambio u ja'ilo míin láaj kíimo'obi,spk_032,15_Mario_Chan_211
spk_032_utt_0212,pero puta yaan kaan te lugar ka'acho xi'ipal puta madre kin wa'alik teech hasta ka ch'a'ik sajkil tene tin wu'uyik tu kíinsa'al kaane ba'ax in k'áat ti tene tia'anen te chúumuk in koolo mix jump'éel kaan tin wili,spk_032,15_Mario_Chan_212
spk_032_utt_0213,pero kin láaj ts'aik u yuk'ulil in kool k'áatik ti ki'ichkelem yuum min wilik mixba'al,spk_032,15_Mario_Chan_213
spk_032_utt_0214,mixba'al tene desde buka'aj k'iin jo'opok in beetik kool mix jumpáak in wila kaan tin kool náach yaan a kool te'ela,spk_032,15_Mario_Chan_214
spk_032_utt_0215,te beel ts'íibal ch'e'en yaan in kool te naats'a míin cuatro kilometros weye te jáal carreterao tia'ani yaan teen xan uláak jump'éel tanda te banda tu'ux yaan in wakaxo buka'aj ka kolik túun beyo,spk_032,15_Mario_Chan_215
spk_032_utt_0216,beorae yaan teen míin a ver cinco seis yaan teen te'ela míin ocho hectáreas,spk_032,15_Mario_Chan_216
spk_032_utt_0217,ya que bey yaanil in vidao hermano juu chúunchintok'e está pobre por pendejo tu yóotaj,spk_032,15_Mario_Chan_217
spk_032_utt_0218,porque demasiado buka'aj tractoril yaan no era para que quede el pueblo así yaan tractor ka'achij dieciocho yoondires yaan núuk,spk_032,15_Mario_Chan_218
spk_032_utt_0219,yéetel quince mejen mosquitoso'ob uti'al paak'al yéetel,spk_032,15_Mario_Chan_219
spk_032_utt_0220,cinco d cuatro yaan cinco yaan tu'ux túun ts'o'okij ma tin wa'alik teech ba'ax úuchi,spk_032,15_Mario_Chan_220
spk_032_utt_0221,tu meyajto'ob le arrozo mil hectáreas tu prepararto'ob tuláakal limpio chéen,spk_032,15_Mario_Chan_221
spk_032_utt_0222,ma tu yutstal u pak'iko'ob u k'áat leti'obe u k'áato'obe ka ts'abak u tojol ti'ob ku beeto'ob pero maas que le banco le kan u ts'a teech le taak'ino nojoch máak beya lela wa cinco mil ken u bise tu cinco mil ku ts'a'abal teech,spk_032,15_Mario_Chan_222
spk_032_utt_0223,jumpuul osea ma jumpuuli cada administración pero ti ku jóok'ol uti'al flete ti ku jóok'ol uti'al semillai ti ku jóok'ol uti'al tuláakal baj uti'al u abanderarta'al le aviono'obo uti'al u páaktal ich le arrozo,spk_032,15_Mario_Chan_223
spk_032_utt_0224,como to'on láaj explicado to'on beeta'an to'on u cursoile pues hermano to'one k ojel bix manejartik,spk_032,15_Mario_Chan_224
spk_032_utt_0225,le ku xkáakpachtiko'obe ma tu pak'o'obi ma tu pak'o'obi ma tu pak'o'obi le año je'elo yaanjij chéen jóok'ij teen xan man ti'ob,spk_032,15_Mario_Chan_225
spk_032_utt_0226,teen xan man ti'ob weye camionadasil arroz kin bisik,spk_032,15_Mario_Chan_226
spk_032_utt_0227,leten tene ya'ab ba'al juu ya'ab meyajnaja'anilen ya que bey yaanil túun le ba'alo hermano pues,spk_032,15_Mario_Chan_227
